period,seriesId,seriesDescription,stateId,stateDescription,value,unit
2023,CLEIV,Coal expenditures in the electric power sector,AK,Alaska,49.4,Million dollars
2023,CLEIV,Coal expenditures in the electric power sector,AL,Alabama,605.9,Million dollars
2023,CLEIV,Coal expenditures in the electric power sector,AR,Arkansas,387.6,Million dollars
2023,CLEIV,Coal expenditures in the electric power sector,AZ,Arizona,402.9,Million dollars
2023,CLEIV,Coal expenditures in the electric power sector,CA,California,0,Million dollars
2023,CLEIV,Coal expenditures in the electric power sector,CO,Colorado,426.3,Million dollars
2023,CLEIV,Coal expenditures in the electric power sector,CT,Connecticut,0,Million dollars
2023,CLEIV,Coal expenditures in the electric power sector,DC,District of Columbia,0,Million dollars
2023,CLEIV,Coal expenditures in the electric power sector,DE,Delaware,1.2,Million dollars
2023,CLEIV,Coal expenditures in the electric power sector,FL,Florida,428.6,Million dollars
2023,CLEIV,Coal expenditures in the electric power sector,GA,Georgia,775.1,Million dollars
2023,CLEIV,Coal expenditures in the electric power sector,HI,Hawaii,0,Million dollars
2023,CLEIV,Coal expenditures in the electric power sector,IA,Iowa,287.5,Million dollars
2023,CLEIV,Coal expenditures in the electric power sector,ID,Idaho,0,Million dollars
2023,CLEIV,Coal expenditures in the electric power sector,IL,Illinois,584.1,Million dollars
2023,CLEIV,Coal expenditures in the electric power sector,IN,Indiana,1387.6,Million dollars
2023,CLEIV,Coal expenditures in the electric power sector,KS,Kansas,308.7,Million dollars
2023,CLEIV,Coal expenditures in the electric power sector,KY,Kentucky,1159.2,Million dollars
2023,CLEIV,Coal expenditures in the electric power sector,LA,Louisiana,160.4,Million dollars
2023,CLEIV,Coal expenditures in the electric power sector,MA,Massachusetts,0,Million dollars
2023,CLEIV,Coal expenditures in the electric power sector,MD,Maryland,77.3,Million dollars
2023,CLEIV,Coal expenditures in the electric power sector,ME,Maine,7,Million dollars
2023,CLEIV,Coal expenditures in the electric power sector,MI,Michigan,618,Million dollars
2023,CLEIV,Coal expenditures in the electric power sector,MN,Minnesota,316.4,Million dollars
2023,CLEIV,Coal expenditures in the electric power sector,MO,Missouri,815.9,Million dollars
2023,CLEIV,Coal expenditures in the electric power sector,MS,Mississippi,187.2,Million dollars
2023,CLEIV,Coal expenditures in the electric power sector,MT,Montana,302.6,Million dollars
2023,CLEIV,Coal expenditures in the electric power sector,NC,North Carolina,693.2,Million dollars
2023,CLEIV,Coal expenditures in the electric power sector,ND,North Dakota,476.7,Million dollars
2023,CLEIV,Coal expenditures in the electric power sector,NE,Nebraska,244.9,Million dollars
2023,CLEIV,Coal expenditures in the electric power sector,NH,New Hampshire,9.9,Million dollars
2023,CLEIV,Coal expenditures in the electric power sector,NJ,New Jersey,0,Million dollars
2023,CLEIV,Coal expenditures in the electric power sector,NM,New Mexico,263.6,Million dollars
2023,CLEIV,Coal expenditures in the electric power sector,NV,Nevada,128.2,Million dollars
2023,CLEIV,Coal expenditures in the electric power sector,NY,New York,0,Million dollars
2023,CLEIV,Coal expenditures in the electric power sector,OH,Ohio,847.9,Million dollars
2023,CLEIV,Coal expenditures in the electric power sector,OK,Oklahoma,137.2,Million dollars
2023,CLEIV,Coal expenditures in the electric power sector,OR,Oregon,0,Million dollars
2023,CLEIV,Coal expenditures in the electric power sector,PA,Pennsylvania,352.1,Million dollars
2023,CLEIV,Coal expenditures in the electric power sector,RI,Rhode Island,0,Million dollars
2023,CLEIV,Coal expenditures in the electric power sector,SC,South Carolina,573.3,Million dollars
2023,CLEIV,Coal expenditures in the electric power sector,SD,South Dakota,40.5,Million dollars
2023,CLEIV,Coal expenditures in the electric power sector,TN,Tennessee,613.9,Million dollars
2023,CLEIV,Coal expenditures in the electric power sector,TX,Texas,1668.9,Million dollars
2023,CLEIV,Coal expenditures in the electric power sector,UT,Utah,419.9,Million dollars
2023,CLEIV,Coal expenditures in the electric power sector,VA,Virginia,78.4,Million dollars
2023,CLEIV,Coal expenditures in the electric power sector,VT,Vermont,0,Million dollars
2023,CLEIV,Coal expenditures in the electric power sector,WA,Washington,182.2,Million dollars
2023,CLEIV,Coal expenditures in the electric power sector,WI,Wisconsin,527.6,Million dollars
2023,CLEIV,Coal expenditures in the electric power sector,WV,West Virginia,1308.3,Million dollars
2023,CLEIV,Coal expenditures in the electric power sector,WY,Wyoming,642.3,Million dollars
2023,CLTCE,Coal CO2 emissions for all sectors,AK,Alaska,1.8,Million metric tons CO2  
2023,CLTCE,Coal CO2 emissions for all sectors,AL,Alabama,21.5,Million metric tons CO2  
2023,CLTCE,Coal CO2 emissions for all sectors,AR,Arkansas,17.3,Million metric tons CO2  
2023,CLTCE,Coal CO2 emissions for all sectors,AZ,Arizona,13.2,Million metric tons CO2  
2023,CLTCE,Coal CO2 emissions for all sectors,CA,California,2.8,Million metric tons CO2  
2023,CLTCE,Coal CO2 emissions for all sectors,CO,Colorado,19.6,Million metric tons CO2  
2023,CLTCE,Coal CO2 emissions for all sectors,CT,Connecticut,0,Million metric tons CO2  
2023,CLTCE,Coal CO2 emissions for all sectors,DC,District of Columbia,0,Million metric tons CO2  
2023,CLTCE,Coal CO2 emissions for all sectors,DE,Delaware,0,Million metric tons CO2  
2023,CLTCE,Coal CO2 emissions for all sectors,FL,Florida,12.4,Million metric tons CO2  
2023,CLTCE,Coal CO2 emissions for all sectors,GA,Georgia,17,Million metric tons CO2  
2023,CLTCE,Coal CO2 emissions for all sectors,HI,Hawaii,0,Million metric tons CO2  
2023,CLTCE,Coal CO2 emissions for all sectors,IA,Iowa,19.3,Million metric tons CO2  
2023,CLTCE,Coal CO2 emissions for all sectors,ID,Idaho,.1,Million metric tons CO2  
2023,CLTCE,Coal CO2 emissions for all sectors,IL,Illinois,32.7,Million metric tons CO2  
2023,CLTCE,Coal CO2 emissions for all sectors,IN,Indiana,58.3,Million metric tons CO2  
2023,CLTCE,Coal CO2 emissions for all sectors,KS,Kansas,17.7,Million metric tons CO2  
2023,CLTCE,Coal CO2 emissions for all sectors,KY,Kentucky,46.2,Million metric tons CO2  
2023,CLTCE,Coal CO2 emissions for all sectors,LA,Louisiana,5.6,Million metric tons CO2  
2023,CLTCE,Coal CO2 emissions for all sectors,MA,Massachusetts,0,Million metric tons CO2  
2023,CLTCE,Coal CO2 emissions for all sectors,MD,Maryland,2.9,Million metric tons CO2  
2023,CLTCE,Coal CO2 emissions for all sectors,ME,Maine,.1,Million metric tons CO2  
2023,CLTCE,Coal CO2 emissions for all sectors,MI,Michigan,27.4,Million metric tons CO2  
2023,CLTCE,Coal CO2 emissions for all sectors,MN,Minnesota,14.3,Million metric tons CO2  
2023,CLTCE,Coal CO2 emissions for all sectors,MO,Missouri,42.4,Million metric tons CO2  
2023,CLTCE,Coal CO2 emissions for all sectors,MS,Mississippi,4.8,Million metric tons CO2  
2023,CLTCE,Coal CO2 emissions for all sectors,MT,Montana,12.5,Million metric tons CO2  
2023,CLTCE,Coal CO2 emissions for all sectors,NC,North Carolina,14.7,Million metric tons CO2  
2023,CLTCE,Coal CO2 emissions for all sectors,ND,North Dakota,31.2,Million metric tons CO2  
2023,CLTCE,Coal CO2 emissions for all sectors,NE,Nebraska,18.7,Million metric tons CO2  
2023,CLTCE,Coal CO2 emissions for all sectors,NH,New Hampshire,.2,Million metric tons CO2  
2023,CLTCE,Coal CO2 emissions for all sectors,NJ,New Jersey,0,Million metric tons CO2  
2023,CLTCE,Coal CO2 emissions for all sectors,NM,New Mexico,7.2,Million metric tons CO2  
2023,CLTCE,Coal CO2 emissions for all sectors,NV,Nevada,2.8,Million metric tons CO2  
2023,CLTCE,Coal CO2 emissions for all sectors,NY,New York,.5,Million metric tons CO2  
2023,CLTCE,Coal CO2 emissions for all sectors,OH,Ohio,39.3,Million metric tons CO2  
2023,CLTCE,Coal CO2 emissions for all sectors,OK,Oklahoma,6.1,Million metric tons CO2  
2023,CLTCE,Coal CO2 emissions for all sectors,OR,Oregon,.1,Million metric tons CO2  
2023,CLTCE,Coal CO2 emissions for all sectors,PA,Pennsylvania,28.9,Million metric tons CO2  
2023,CLTCE,Coal CO2 emissions for all sectors,RI,Rhode Island,0,Million metric tons CO2  
2023,CLTCE,Coal CO2 emissions for all sectors,SC,South Carolina,15.6,Million metric tons CO2  
2023,CLTCE,Coal CO2 emissions for all sectors,SD,South Dakota,2.1,Million metric tons CO2  
2023,CLTCE,Coal CO2 emissions for all sectors,TN,Tennessee,19.4,Million metric tons CO2  
2023,CLTCE,Coal CO2 emissions for all sectors,TX,Texas,77.2,Million metric tons CO2  
2023,CLTCE,Coal CO2 emissions for all sectors,UT,Utah,16.7,Million metric tons CO2  
2023,CLTCE,Coal CO2 emissions for all sectors,VA,Virginia,4.4,Million metric tons CO2  
2023,CLTCE,Coal CO2 emissions for all sectors,VT,Vermont,0,Million metric tons CO2  
2023,CLTCE,Coal CO2 emissions for all sectors,WA,Washington,4.7,Million metric tons CO2  
2023,CLTCE,Coal CO2 emissions for all sectors,WI,Wisconsin,21.1,Million metric tons CO2  
2023,CLTCE,Coal CO2 emissions for all sectors,WV,West Virginia,45.3,Million metric tons CO2  
2023,CLTCE,Coal CO2 emissions for all sectors,WY,Wyoming,35.1,Million metric tons CO2  
2023,FFTCE,Fossil fuel CO2 emissions for all sectors,AK,Alaska,43.2,Million metric tons CO2
2023,FFTCE,Fossil fuel CO2 emissions for all sectors,AL,Alabama,101,Million metric tons CO2
2023,FFTCE,Fossil fuel CO2 emissions for all sectors,AR,Arkansas,60.4,Million metric tons CO2
2023,FFTCE,Fossil fuel CO2 emissions for all sectors,AZ,Arizona,83,Million metric tons CO2
2023,FFTCE,Fossil fuel CO2 emissions for all sectors,CA,California,324.3,Million metric tons CO2
2023,FFTCE,Fossil fuel CO2 emissions for all sectors,CO,Colorado,82.2,Million metric tons CO2
2023,FFTCE,Fossil fuel CO2 emissions for all sectors,CT,Connecticut,36.2,Million metric tons CO2
2023,FFTCE,Fossil fuel CO2 emissions for all sectors,DC,District of Columbia,2.5,Million metric tons CO2
2023,FFTCE,Fossil fuel CO2 emissions for all sectors,DE,Delaware,12.2,Million metric tons CO2
2023,FFTCE,Fossil fuel CO2 emissions for all sectors,FL,Florida,229.5,Million metric tons CO2
2023,FFTCE,Fossil fuel CO2 emissions for all sectors,GA,Georgia,125.7,Million metric tons CO2
2023,FFTCE,Fossil fuel CO2 emissions for all sectors,HI,Hawaii,18,Million metric tons CO2
2023,FFTCE,Fossil fuel CO2 emissions for all sectors,IA,Iowa,68,Million metric tons CO2
2023,FFTCE,Fossil fuel CO2 emissions for all sectors,ID,Idaho,21.3,Million metric tons CO2
2023,FFTCE,Fossil fuel CO2 emissions for all sectors,IL,Illinois,166.6,Million metric tons CO2
2023,FFTCE,Fossil fuel CO2 emissions for all sectors,IN,Indiana,153.9,Million metric tons CO2
2023,FFTCE,Fossil fuel CO2 emissions for all sectors,KS,Kansas,57.8,Million metric tons CO2
2023,FFTCE,Fossil fuel CO2 emissions for all sectors,KY,Kentucky,104.8,Million metric tons CO2
2023,FFTCE,Fossil fuel CO2 emissions for all sectors,LA,Louisiana,183.8,Million metric tons CO2
2023,FFTCE,Fossil fuel CO2 emissions for all sectors,MA,Massachusetts,56.8,Million metric tons CO2
2023,FFTCE,Fossil fuel CO2 emissions for all sectors,MD,Maryland,48.6,Million metric tons CO2
2023,FFTCE,Fossil fuel CO2 emissions for all sectors,ME,Maine,15.6,Million metric tons CO2
2023,FFTCE,Fossil fuel CO2 emissions for all sectors,MI,Michigan,141.1,Million metric tons CO2
2023,FFTCE,Fossil fuel CO2 emissions for all sectors,MN,Minnesota,80.8,Million metric tons CO2
2023,FFTCE,Fossil fuel CO2 emissions for all sectors,MO,Missouri,101.5,Million metric tons CO2
2023,FFTCE,Fossil fuel CO2 emissions for all sectors,MS,Mississippi,63.8,Million metric tons CO2
2023,FFTCE,Fossil fuel CO2 emissions for all sectors,MT,Montana,29.4,Million metric tons CO2
2023,FFTCE,Fossil fuel CO2 emissions for all sectors,NC,North Carolina,111.4,Million metric tons CO2
2023,FFTCE,Fossil fuel CO2 emissions for all sectors,ND,North Dakota,54.3,Million metric tons CO2
2023,FFTCE,Fossil fuel CO2 emissions for all sectors,NE,Nebraska,45.6,Million metric tons CO2
2023,FFTCE,Fossil fuel CO2 emissions for all sectors,NH,New Hampshire,13.5,Million metric tons CO2
2023,FFTCE,Fossil fuel CO2 emissions for all sectors,NJ,New Jersey,91.2,Million metric tons CO2
2023,FFTCE,Fossil fuel CO2 emissions for all sectors,NM,New Mexico,42.2,Million metric tons CO2
2023,FFTCE,Fossil fuel CO2 emissions for all sectors,NV,Nevada,39.3,Million metric tons CO2
2023,FFTCE,Fossil fuel CO2 emissions for all sectors,NY,New York,164.9,Million metric tons CO2
2023,FFTCE,Fossil fuel CO2 emissions for all sectors,OH,Ohio,184.2,Million metric tons CO2
2023,FFTCE,Fossil fuel CO2 emissions for all sectors,OK,Oklahoma,86.9,Million metric tons CO2
2023,FFTCE,Fossil fuel CO2 emissions for all sectors,OR,Oregon,38.9,Million metric tons CO2
2023,FFTCE,Fossil fuel CO2 emissions for all sectors,PA,Pennsylvania,200.9,Million metric tons CO2
2023,FFTCE,Fossil fuel CO2 emissions for all sectors,RI,Rhode Island,11.1,Million metric tons CO2
2023,FFTCE,Fossil fuel CO2 emissions for all sectors,SC,South Carolina,68.8,Million metric tons CO2
2023,FFTCE,Fossil fuel CO2 emissions for all sectors,SD,South Dakota,15.1,Million metric tons CO2
2023,FFTCE,Fossil fuel CO2 emissions for all sectors,TN,Tennessee,88.5,Million metric tons CO2
2023,FFTCE,Fossil fuel CO2 emissions for all sectors,TX,Texas,669.9,Million metric tons CO2
2023,FFTCE,Fossil fuel CO2 emissions for all sectors,UT,Utah,55,Million metric tons CO2
2023,FFTCE,Fossil fuel CO2 emissions for all sectors,VA,Virginia,94.6,Million metric tons CO2
2023,FFTCE,Fossil fuel CO2 emissions for all sectors,VT,Vermont,5.4,Million metric tons CO2
2023,FFTCE,Fossil fuel CO2 emissions for all sectors,WA,Washington,76.3,Million metric tons CO2
2023,FFTCE,Fossil fuel CO2 emissions for all sectors,WI,Wisconsin,86.2,Million metric tons CO2
2023,FFTCE,Fossil fuel CO2 emissions for all sectors,WV,West Virginia,74.6,Million metric tons CO2
2023,FFTCE,Fossil fuel CO2 emissions for all sectors,WY,Wyoming,54.3,Million metric tons CO2
2023,NGEIV,Natural gas expenditures in the electric power sector (including supplemental gaseous fuels),AK,Alaska,224.7,Million dollars
2023,NGEIV,Natural gas expenditures in the electric power sector (including supplemental gaseous fuels),AL,Alabama,1467,Million dollars
2023,NGEIV,Natural gas expenditures in the electric power sector (including supplemental gaseous fuels),AR,Arkansas,531.3,Million dollars
2023,NGEIV,Natural gas expenditures in the electric power sector (including supplemental gaseous fuels),AZ,Arizona,1770.9,Million dollars
2023,NGEIV,Natural gas expenditures in the electric power sector (including supplemental gaseous fuels),CA,California,5455.5,Million dollars
2023,NGEIV,Natural gas expenditures in the electric power sector (including supplemental gaseous fuels),CO,Colorado,549.6,Million dollars
2023,NGEIV,Natural gas expenditures in the electric power sector (including supplemental gaseous fuels),CT,Connecticut,635.4,Million dollars
2023,NGEIV,Natural gas expenditures in the electric power sector (including supplemental gaseous fuels),DC,District of Columbia,0,Million dollars
2023,NGEIV,Natural gas expenditures in the electric power sector (including supplemental gaseous fuels),DE,Delaware,57.9,Million dollars
2023,NGEIV,Natural gas expenditures in the electric power sector (including supplemental gaseous fuels),FL,Florida,5755.2,Million dollars
2023,NGEIV,Natural gas expenditures in the electric power sector (including supplemental gaseous fuels),GA,Georgia,1342.1,Million dollars
2023,NGEIV,Natural gas expenditures in the electric power sector (including supplemental gaseous fuels),HI,Hawaii,0,Million dollars
2023,NGEIV,Natural gas expenditures in the electric power sector (including supplemental gaseous fuels),IA,Iowa,208,Million dollars
2023,NGEIV,Natural gas expenditures in the electric power sector (including supplemental gaseous fuels),ID,Idaho,307.3,Million dollars
2023,NGEIV,Natural gas expenditures in the electric power sector (including supplemental gaseous fuels),IL,Illinois,595,Million dollars
2023,NGEIV,Natural gas expenditures in the electric power sector (including supplemental gaseous fuels),IN,Indiana,807.3,Million dollars
2023,NGEIV,Natural gas expenditures in the electric power sector (including supplemental gaseous fuels),KS,Kansas,127.5,Million dollars
2023,NGEIV,Natural gas expenditures in the electric power sector (including supplemental gaseous fuels),KY,Kentucky,396,Million dollars
2023,NGEIV,Natural gas expenditures in the electric power sector (including supplemental gaseous fuels),LA,Louisiana,1100.8,Million dollars
2023,NGEIV,Natural gas expenditures in the electric power sector (including supplemental gaseous fuels),MA,Massachusetts,813.3,Million dollars
2023,NGEIV,Natural gas expenditures in the electric power sector (including supplemental gaseous fuels),MD,Maryland,283.1,Million dollars
2023,NGEIV,Natural gas expenditures in the electric power sector (including supplemental gaseous fuels),ME,Maine,194.8,Million dollars
2023,NGEIV,Natural gas expenditures in the electric power sector (including supplemental gaseous fuels),MI,Michigan,1151.6,Million dollars
2023,NGEIV,Natural gas expenditures in the electric power sector (including supplemental gaseous fuels),MN,Minnesota,535.9,Million dollars
2023,NGEIV,Natural gas expenditures in the electric power sector (including supplemental gaseous fuels),MO,Missouri,249.2,Million dollars
2023,NGEIV,Natural gas expenditures in the electric power sector (including supplemental gaseous fuels),MS,Mississippi,1140.4,Million dollars
2023,NGEIV,Natural gas expenditures in the electric power sector (including supplemental gaseous fuels),MT,Montana,24.8,Million dollars
2023,NGEIV,Natural gas expenditures in the electric power sector (including supplemental gaseous fuels),NC,North Carolina,2209.5,Million dollars
2023,NGEIV,Natural gas expenditures in the electric power sector (including supplemental gaseous fuels),ND,North Dakota,104.2,Million dollars
2023,NGEIV,Natural gas expenditures in the electric power sector (including supplemental gaseous fuels),NE,Nebraska,44.8,Million dollars
2023,NGEIV,Natural gas expenditures in the electric power sector (including supplemental gaseous fuels),NH,New Hampshire,181.3,Million dollars
2023,NGEIV,Natural gas expenditures in the electric power sector (including supplemental gaseous fuels),NJ,New Jersey,523.8,Million dollars
2023,NGEIV,Natural gas expenditures in the electric power sector (including supplemental gaseous fuels),NM,New Mexico,320.4,Million dollars
2023,NGEIV,Natural gas expenditures in the electric power sector (including supplemental gaseous fuels),NV,Nevada,1347.3,Million dollars
2023,NGEIV,Natural gas expenditures in the electric power sector (including supplemental gaseous fuels),NY,New York,1425.6,Million dollars
2023,NGEIV,Natural gas expenditures in the electric power sector (including supplemental gaseous fuels),OH,Ohio,1262.2,Million dollars
2023,NGEIV,Natural gas expenditures in the electric power sector (including supplemental gaseous fuels),OK,Oklahoma,1096.6,Million dollars
2023,NGEIV,Natural gas expenditures in the electric power sector (including supplemental gaseous fuels),OR,Oregon,881.3,Million dollars
2023,NGEIV,Natural gas expenditures in the electric power sector (including supplemental gaseous fuels),PA,Pennsylvania,2032.1,Million dollars
2023,NGEIV,Natural gas expenditures in the electric power sector (including supplemental gaseous fuels),RI,Rhode Island,267.2,Million dollars
2023,NGEIV,Natural gas expenditures in the electric power sector (including supplemental gaseous fuels),SC,South Carolina,746.2,Million dollars
2023,NGEIV,Natural gas expenditures in the electric power sector (including supplemental gaseous fuels),SD,South Dakota,50.3,Million dollars
2023,NGEIV,Natural gas expenditures in the electric power sector (including supplemental gaseous fuels),TN,Tennessee,291.3,Million dollars
2023,NGEIV,Natural gas expenditures in the electric power sector (including supplemental gaseous fuels),TX,Texas,5206.4,Million dollars
2023,NGEIV,Natural gas expenditures in the electric power sector (including supplemental gaseous fuels),UT,Utah,729.2,Million dollars
2023,NGEIV,Natural gas expenditures in the electric power sector (including supplemental gaseous fuels),VA,Virginia,1240.6,Million dollars
2023,NGEIV,Natural gas expenditures in the electric power sector (including supplemental gaseous fuels),VT,Vermont,0,Million dollars
2023,NGEIV,Natural gas expenditures in the electric power sector (including supplemental gaseous fuels),WA,Washington,851.7,Million dollars
2023,NGEIV,Natural gas expenditures in the electric power sector (including supplemental gaseous fuels),WI,Wisconsin,730.9,Million dollars
2023,NGEIV,Natural gas expenditures in the electric power sector (including supplemental gaseous fuels),WV,West Virginia,64.6,Million dollars
2023,NGEIV,Natural gas expenditures in the electric power sector (including supplemental gaseous fuels),WY,Wyoming,103.7,Million dollars
2023,NNTCE,"Natural gas, excluding supplemental gaseous fuels, CO2 emissions for all sectors",AK,Alaska,22.9,Million metric tons CO2
2023,NNTCE,"Natural gas, excluding supplemental gaseous fuels, CO2 emissions for all sectors",AL,Alabama,40.5,Million metric tons CO2
2023,NNTCE,"Natural gas, excluding supplemental gaseous fuels, CO2 emissions for all sectors",AR,Arkansas,20.9,Million metric tons CO2
2023,NNTCE,"Natural gas, excluding supplemental gaseous fuels, CO2 emissions for all sectors",AZ,Arizona,28.4,Million metric tons CO2
2023,NNTCE,"Natural gas, excluding supplemental gaseous fuels, CO2 emissions for all sectors",CA,California,112.5,Million metric tons CO2
2023,NNTCE,"Natural gas, excluding supplemental gaseous fuels, CO2 emissions for all sectors",CO,Colorado,27.4,Million metric tons CO2
2023,NNTCE,"Natural gas, excluding supplemental gaseous fuels, CO2 emissions for all sectors",CT,Connecticut,16.1,Million metric tons CO2
2023,NNTCE,"Natural gas, excluding supplemental gaseous fuels, CO2 emissions for all sectors",DC,District of Columbia,1.4,Million metric tons CO2
2023,NNTCE,"Natural gas, excluding supplemental gaseous fuels, CO2 emissions for all sectors",DE,Delaware,4.4,Million metric tons CO2
2023,NNTCE,"Natural gas, excluding supplemental gaseous fuels, CO2 emissions for all sectors",FL,Florida,88.3,Million metric tons CO2
2023,NNTCE,"Natural gas, excluding supplemental gaseous fuels, CO2 emissions for all sectors",GA,Georgia,41.3,Million metric tons CO2
2023,NNTCE,"Natural gas, excluding supplemental gaseous fuels, CO2 emissions for all sectors",HI,Hawaii,0,Million metric tons CO2
2023,NNTCE,"Natural gas, excluding supplemental gaseous fuels, CO2 emissions for all sectors",IA,Iowa,23.1,Million metric tons CO2
2023,NNTCE,"Natural gas, excluding supplemental gaseous fuels, CO2 emissions for all sectors",ID,Idaho,8.1,Million metric tons CO2
2023,NNTCE,"Natural gas, excluding supplemental gaseous fuels, CO2 emissions for all sectors",IL,Illinois,57.7,Million metric tons CO2
2023,NNTCE,"Natural gas, excluding supplemental gaseous fuels, CO2 emissions for all sectors",IN,Indiana,47.9,Million metric tons CO2
2023,NNTCE,"Natural gas, excluding supplemental gaseous fuels, CO2 emissions for all sectors",KS,Kansas,16.1,Million metric tons CO2
2023,NNTCE,"Natural gas, excluding supplemental gaseous fuels, CO2 emissions for all sectors",KY,Kentucky,19.3,Million metric tons CO2
2023,NNTCE,"Natural gas, excluding supplemental gaseous fuels, CO2 emissions for all sectors",LA,Louisiana,105.9,Million metric tons CO2
2023,NNTCE,"Natural gas, excluding supplemental gaseous fuels, CO2 emissions for all sectors",MA,Massachusetts,20.4,Million metric tons CO2
2023,NNTCE,"Natural gas, excluding supplemental gaseous fuels, CO2 emissions for all sectors",MD,Maryland,16.1,Million metric tons CO2
2023,NNTCE,"Natural gas, excluding supplemental gaseous fuels, CO2 emissions for all sectors",ME,Maine,3.2,Million metric tons CO2
2023,NNTCE,"Natural gas, excluding supplemental gaseous fuels, CO2 emissions for all sectors",MI,Michigan,58,Million metric tons CO2
2023,NNTCE,"Natural gas, excluding supplemental gaseous fuels, CO2 emissions for all sectors",MN,Minnesota,28.1,Million metric tons CO2
2023,NNTCE,"Natural gas, excluding supplemental gaseous fuels, CO2 emissions for all sectors",MO,Missouri,16.6,Million metric tons CO2
2023,NNTCE,"Natural gas, excluding supplemental gaseous fuels, CO2 emissions for all sectors",MS,Mississippi,33.1,Million metric tons CO2
2023,NNTCE,"Natural gas, excluding supplemental gaseous fuels, CO2 emissions for all sectors",MT,Montana,5.1,Million metric tons CO2
2023,NNTCE,"Natural gas, excluding supplemental gaseous fuels, CO2 emissions for all sectors",NC,North Carolina,34.8,Million metric tons CO2
2023,NNTCE,"Natural gas, excluding supplemental gaseous fuels, CO2 emissions for all sectors",ND,North Dakota,11.4,Million metric tons CO2
2023,NNTCE,"Natural gas, excluding supplemental gaseous fuels, CO2 emissions for all sectors",NE,Nebraska,10.7,Million metric tons CO2
2023,NNTCE,"Natural gas, excluding supplemental gaseous fuels, CO2 emissions for all sectors",NH,New Hampshire,3.1,Million metric tons CO2
2023,NNTCE,"Natural gas, excluding supplemental gaseous fuels, CO2 emissions for all sectors",NJ,New Jersey,38,Million metric tons CO2
2023,NNTCE,"Natural gas, excluding supplemental gaseous fuels, CO2 emissions for all sectors",NM,New Mexico,17.5,Million metric tons CO2
2023,NNTCE,"Natural gas, excluding supplemental gaseous fuels, CO2 emissions for all sectors",NV,Nevada,15.9,Million metric tons CO2
2023,NNTCE,"Natural gas, excluding supplemental gaseous fuels, CO2 emissions for all sectors",NY,New York,71.1,Million metric tons CO2
2023,NNTCE,"Natural gas, excluding supplemental gaseous fuels, CO2 emissions for all sectors",OH,Ohio,75.9,Million metric tons CO2
2023,NNTCE,"Natural gas, excluding supplemental gaseous fuels, CO2 emissions for all sectors",OK,Oklahoma,44.8,Million metric tons CO2
2023,NNTCE,"Natural gas, excluding supplemental gaseous fuels, CO2 emissions for all sectors",OR,Oregon,17.2,Million metric tons CO2
2023,NNTCE,"Natural gas, excluding supplemental gaseous fuels, CO2 emissions for all sectors",PA,Pennsylvania,101.4,Million metric tons CO2
2023,NNTCE,"Natural gas, excluding supplemental gaseous fuels, CO2 emissions for all sectors",RI,Rhode Island,5.9,Million metric tons CO2
2023,NNTCE,"Natural gas, excluding supplemental gaseous fuels, CO2 emissions for all sectors",SC,South Carolina,18.1,Million metric tons CO2
2023,NNTCE,"Natural gas, excluding supplemental gaseous fuels, CO2 emissions for all sectors",SD,South Dakota,5.2,Million metric tons CO2
2023,NNTCE,"Natural gas, excluding supplemental gaseous fuels, CO2 emissions for all sectors",TN,Tennessee,20.7,Million metric tons CO2
2023,NNTCE,"Natural gas, excluding supplemental gaseous fuels, CO2 emissions for all sectors",TX,Texas,274.1,Million metric tons CO2
2023,NNTCE,"Natural gas, excluding supplemental gaseous fuels, CO2 emissions for all sectors",UT,Utah,15.7,Million metric tons CO2
2023,NNTCE,"Natural gas, excluding supplemental gaseous fuels, CO2 emissions for all sectors",VA,Virginia,34.5,Million metric tons CO2
2023,NNTCE,"Natural gas, excluding supplemental gaseous fuels, CO2 emissions for all sectors",VT,Vermont,.7,Million metric tons CO2
2023,NNTCE,"Natural gas, excluding supplemental gaseous fuels, CO2 emissions for all sectors",WA,Washington,21.2,Million metric tons CO2
2023,NNTCE,"Natural gas, excluding supplemental gaseous fuels, CO2 emissions for all sectors",WI,Wisconsin,29.6,Million metric tons CO2
2023,NNTCE,"Natural gas, excluding supplemental gaseous fuels, CO2 emissions for all sectors",WV,West Virginia,15.9,Million metric tons CO2
2023,NNTCE,"Natural gas, excluding supplemental gaseous fuels, CO2 emissions for all sectors",WY,Wyoming,9.3,Million metric tons CO2
2023,NUEGV,Nuclear fuel expenditures in the electric power sector,AK,Alaska,0,Million dollars
2023,NUEGV,Nuclear fuel expenditures in the electric power sector,AL,Alabama,312.3,Million dollars
2023,NUEGV,Nuclear fuel expenditures in the electric power sector,AR,Arkansas,72.9,Million dollars
2023,NUEGV,Nuclear fuel expenditures in the electric power sector,AZ,Arizona,211.7,Million dollars
2023,NUEGV,Nuclear fuel expenditures in the electric power sector,CA,California,106.3,Million dollars
2023,NUEGV,Nuclear fuel expenditures in the electric power sector,CO,Colorado,0,Million dollars
2023,NUEGV,Nuclear fuel expenditures in the electric power sector,CT,Connecticut,84.1,Million dollars
2023,NUEGV,Nuclear fuel expenditures in the electric power sector,DC,District of Columbia,0,Million dollars
2023,NUEGV,Nuclear fuel expenditures in the electric power sector,DE,Delaware,0,Million dollars
2023,NUEGV,Nuclear fuel expenditures in the electric power sector,FL,Florida,153.7,Million dollars
2023,NUEGV,Nuclear fuel expenditures in the electric power sector,GA,Georgia,301.6,Million dollars
2023,NUEGV,Nuclear fuel expenditures in the electric power sector,HI,Hawaii,0,Million dollars
2023,NUEGV,Nuclear fuel expenditures in the electric power sector,IA,Iowa,0,Million dollars
2023,NUEGV,Nuclear fuel expenditures in the electric power sector,ID,Idaho,0,Million dollars
2023,NUEGV,Nuclear fuel expenditures in the electric power sector,IL,Illinois,640.4,Million dollars
2023,NUEGV,Nuclear fuel expenditures in the electric power sector,IN,Indiana,0,Million dollars
2023,NUEGV,Nuclear fuel expenditures in the electric power sector,KS,Kansas,66.5,Million dollars
2023,NUEGV,Nuclear fuel expenditures in the electric power sector,KY,Kentucky,0,Million dollars
2023,NUEGV,Nuclear fuel expenditures in the electric power sector,LA,Louisiana,73.4,Million dollars
2023,NUEGV,Nuclear fuel expenditures in the electric power sector,MA,Massachusetts,0,Million dollars
2023,NUEGV,Nuclear fuel expenditures in the electric power sector,MD,Maryland,92.2,Million dollars
2023,NUEGV,Nuclear fuel expenditures in the electric power sector,ME,Maine,0,Million dollars
2023,NUEGV,Nuclear fuel expenditures in the electric power sector,MI,Michigan,158.7,Million dollars
2023,NUEGV,Nuclear fuel expenditures in the electric power sector,MN,Minnesota,96.4,Million dollars
2023,NUEGV,Nuclear fuel expenditures in the electric power sector,MO,Missouri,67.5,Million dollars
2023,NUEGV,Nuclear fuel expenditures in the electric power sector,MS,Mississippi,79.8,Million dollars
2023,NUEGV,Nuclear fuel expenditures in the electric power sector,MT,Montana,0,Million dollars
2023,NUEGV,Nuclear fuel expenditures in the electric power sector,NC,North Carolina,244.6,Million dollars
2023,NUEGV,Nuclear fuel expenditures in the electric power sector,ND,North Dakota,0,Million dollars
2023,NUEGV,Nuclear fuel expenditures in the electric power sector,NE,Nebraska,47.4,Million dollars
2023,NUEGV,Nuclear fuel expenditures in the electric power sector,NH,New Hampshire,58.6,Million dollars
2023,NUEGV,Nuclear fuel expenditures in the electric power sector,NJ,New Jersey,181.2,Million dollars
2023,NUEGV,Nuclear fuel expenditures in the electric power sector,NM,New Mexico,0,Million dollars
2023,NUEGV,Nuclear fuel expenditures in the electric power sector,NV,Nevada,0,Million dollars
2023,NUEGV,Nuclear fuel expenditures in the electric power sector,NY,New York,185.2,Million dollars
2023,NUEGV,Nuclear fuel expenditures in the electric power sector,OH,Ohio,105.4,Million dollars
2023,NUEGV,Nuclear fuel expenditures in the electric power sector,OK,Oklahoma,0,Million dollars
2023,NUEGV,Nuclear fuel expenditures in the electric power sector,OR,Oregon,0,Million dollars
2023,NUEGV,Nuclear fuel expenditures in the electric power sector,PA,Pennsylvania,505.1,Million dollars
2023,NUEGV,Nuclear fuel expenditures in the electric power sector,RI,Rhode Island,0,Million dollars
2023,NUEGV,Nuclear fuel expenditures in the electric power sector,SC,South Carolina,321.5,Million dollars
2023,NUEGV,Nuclear fuel expenditures in the electric power sector,SD,South Dakota,0,Million dollars
2023,NUEGV,Nuclear fuel expenditures in the electric power sector,TN,Tennessee,233.3,Million dollars
2023,NUEGV,Nuclear fuel expenditures in the electric power sector,TX,Texas,250.2,Million dollars
2023,NUEGV,Nuclear fuel expenditures in the electric power sector,UT,Utah,0,Million dollars
2023,NUEGV,Nuclear fuel expenditures in the electric power sector,VA,Virginia,182.6,Million dollars
2023,NUEGV,Nuclear fuel expenditures in the electric power sector,VT,Vermont,0,Million dollars
2023,NUEGV,Nuclear fuel expenditures in the electric power sector,WA,Washington,57.7,Million dollars
2023,NUEGV,Nuclear fuel expenditures in the electric power sector,WI,Wisconsin,59.6,Million dollars
2023,NUEGV,Nuclear fuel expenditures in the electric power sector,WV,West Virginia,0,Million dollars
2023,NUEGV,Nuclear fuel expenditures in the electric power sector,WY,Wyoming,0,Million dollars
2023,PAEIV,All petroleum products total expenditures in the electric power sector,AK,Alaska,132.1,Million dollars
2023,PAEIV,All petroleum products total expenditures in the electric power sector,AL,Alabama,4,Million dollars
2023,PAEIV,All petroleum products total expenditures in the electric power sector,AR,Arkansas,10.2,Million dollars
2023,PAEIV,All petroleum products total expenditures in the electric power sector,AZ,Arizona,8.6,Million dollars
2023,PAEIV,All petroleum products total expenditures in the electric power sector,CA,California,8.4,Million dollars
2023,PAEIV,All petroleum products total expenditures in the electric power sector,CO,Colorado,77.5,Million dollars
2023,PAEIV,All petroleum products total expenditures in the electric power sector,CT,Connecticut,26.5,Million dollars
2023,PAEIV,All petroleum products total expenditures in the electric power sector,DC,District of Columbia,0,Million dollars
2023,PAEIV,All petroleum products total expenditures in the electric power sector,DE,Delaware,4.3,Million dollars
2023,PAEIV,All petroleum products total expenditures in the electric power sector,FL,Florida,106.5,Million dollars
2023,PAEIV,All petroleum products total expenditures in the electric power sector,GA,Georgia,11.1,Million dollars
2023,PAEIV,All petroleum products total expenditures in the electric power sector,HI,Hawaii,1435.9,Million dollars
2023,PAEIV,All petroleum products total expenditures in the electric power sector,IA,Iowa,18.6,Million dollars
2023,PAEIV,All petroleum products total expenditures in the electric power sector,ID,Idaho,0,Million dollars
2023,PAEIV,All petroleum products total expenditures in the electric power sector,IL,Illinois,8.7,Million dollars
2023,PAEIV,All petroleum products total expenditures in the electric power sector,IN,Indiana,25,Million dollars
2023,PAEIV,All petroleum products total expenditures in the electric power sector,KS,Kansas,18.5,Million dollars
2023,PAEIV,All petroleum products total expenditures in the electric power sector,KY,Kentucky,15.8,Million dollars
2023,PAEIV,All petroleum products total expenditures in the electric power sector,LA,Louisiana,53.6,Million dollars
2023,PAEIV,All petroleum products total expenditures in the electric power sector,MA,Massachusetts,20.2,Million dollars
2023,PAEIV,All petroleum products total expenditures in the electric power sector,MD,Maryland,23.1,Million dollars
2023,PAEIV,All petroleum products total expenditures in the electric power sector,ME,Maine,17.1,Million dollars
2023,PAEIV,All petroleum products total expenditures in the electric power sector,MI,Michigan,63.1,Million dollars
2023,PAEIV,All petroleum products total expenditures in the electric power sector,MN,Minnesota,18.1,Million dollars
2023,PAEIV,All petroleum products total expenditures in the electric power sector,MO,Missouri,41.3,Million dollars
2023,PAEIV,All petroleum products total expenditures in the electric power sector,MS,Mississippi,1.2,Million dollars
2023,PAEIV,All petroleum products total expenditures in the electric power sector,MT,Montana,37.7,Million dollars
2023,PAEIV,All petroleum products total expenditures in the electric power sector,NC,North Carolina,24,Million dollars
2023,PAEIV,All petroleum products total expenditures in the electric power sector,ND,North Dakota,13.1,Million dollars
2023,PAEIV,All petroleum products total expenditures in the electric power sector,NE,Nebraska,12.1,Million dollars
2023,PAEIV,All petroleum products total expenditures in the electric power sector,NH,New Hampshire,10.9,Million dollars
2023,PAEIV,All petroleum products total expenditures in the electric power sector,NJ,New Jersey,5.1,Million dollars
2023,PAEIV,All petroleum products total expenditures in the electric power sector,NM,New Mexico,21.5,Million dollars
2023,PAEIV,All petroleum products total expenditures in the electric power sector,NV,Nevada,2.8,Million dollars
2023,PAEIV,All petroleum products total expenditures in the electric power sector,NY,New York,68.8,Million dollars
2023,PAEIV,All petroleum products total expenditures in the electric power sector,OH,Ohio,66,Million dollars
2023,PAEIV,All petroleum products total expenditures in the electric power sector,OK,Oklahoma,4.8,Million dollars
2023,PAEIV,All petroleum products total expenditures in the electric power sector,OR,Oregon,0,Million dollars
2023,PAEIV,All petroleum products total expenditures in the electric power sector,PA,Pennsylvania,14.4,Million dollars
2023,PAEIV,All petroleum products total expenditures in the electric power sector,RI,Rhode Island,5.2,Million dollars
2023,PAEIV,All petroleum products total expenditures in the electric power sector,SC,South Carolina,21.3,Million dollars
2023,PAEIV,All petroleum products total expenditures in the electric power sector,SD,South Dakota,7.7,Million dollars
2023,PAEIV,All petroleum products total expenditures in the electric power sector,TN,Tennessee,28.5,Million dollars
2023,PAEIV,All petroleum products total expenditures in the electric power sector,TX,Texas,58.1,Million dollars
2023,PAEIV,All petroleum products total expenditures in the electric power sector,UT,Utah,7.9,Million dollars
2023,PAEIV,All petroleum products total expenditures in the electric power sector,VA,Virginia,25.2,Million dollars
2023,PAEIV,All petroleum products total expenditures in the electric power sector,VT,Vermont,.7,Million dollars
2023,PAEIV,All petroleum products total expenditures in the electric power sector,WA,Washington,6.3,Million dollars
2023,PAEIV,All petroleum products total expenditures in the electric power sector,WI,Wisconsin,24.2,Million dollars
2023,PAEIV,All petroleum products total expenditures in the electric power sector,WV,West Virginia,37.6,Million dollars
2023,PAEIV,All petroleum products total expenditures in the electric power sector,WY,Wyoming,10.6,Million dollars
2023,PMTCE,"Total petroleum, excluding biofuels, CO2 emissions for all sectors",AK,Alaska,18.5,Million metric tons CO2  
2023,PMTCE,"Total petroleum, excluding biofuels, CO2 emissions for all sectors",AL,Alabama,39,Million metric tons CO2  
2023,PMTCE,"Total petroleum, excluding biofuels, CO2 emissions for all sectors",AR,Arkansas,22.2,Million metric tons CO2  
2023,PMTCE,"Total petroleum, excluding biofuels, CO2 emissions for all sectors",AZ,Arizona,41.4,Million metric tons CO2  
2023,PMTCE,"Total petroleum, excluding biofuels, CO2 emissions for all sectors",CA,California,209.1,Million metric tons CO2  
2023,PMTCE,"Total petroleum, excluding biofuels, CO2 emissions for all sectors",CO,Colorado,35.2,Million metric tons CO2  
2023,PMTCE,"Total petroleum, excluding biofuels, CO2 emissions for all sectors",CT,Connecticut,20.1,Million metric tons CO2  
2023,PMTCE,"Total petroleum, excluding biofuels, CO2 emissions for all sectors",DC,District of Columbia,1.1,Million metric tons CO2  
2023,PMTCE,"Total petroleum, excluding biofuels, CO2 emissions for all sectors",DE,Delaware,7.7,Million metric tons CO2  
2023,PMTCE,"Total petroleum, excluding biofuels, CO2 emissions for all sectors",FL,Florida,128.8,Million metric tons CO2  
2023,PMTCE,"Total petroleum, excluding biofuels, CO2 emissions for all sectors",GA,Georgia,67.4,Million metric tons CO2  
2023,PMTCE,"Total petroleum, excluding biofuels, CO2 emissions for all sectors",HI,Hawaii,18,Million metric tons CO2  
2023,PMTCE,"Total petroleum, excluding biofuels, CO2 emissions for all sectors",IA,Iowa,25.7,Million metric tons CO2  
2023,PMTCE,"Total petroleum, excluding biofuels, CO2 emissions for all sectors",ID,Idaho,13.1,Million metric tons CO2  
2023,PMTCE,"Total petroleum, excluding biofuels, CO2 emissions for all sectors",IL,Illinois,76.3,Million metric tons CO2  
2023,PMTCE,"Total petroleum, excluding biofuels, CO2 emissions for all sectors",IN,Indiana,47.7,Million metric tons CO2  
2023,PMTCE,"Total petroleum, excluding biofuels, CO2 emissions for all sectors",KS,Kansas,24.1,Million metric tons CO2  
2023,PMTCE,"Total petroleum, excluding biofuels, CO2 emissions for all sectors",KY,Kentucky,39.4,Million metric tons CO2  
2023,PMTCE,"Total petroleum, excluding biofuels, CO2 emissions for all sectors",LA,Louisiana,72.4,Million metric tons CO2  
2023,PMTCE,"Total petroleum, excluding biofuels, CO2 emissions for all sectors",MA,Massachusetts,36.5,Million metric tons CO2  
2023,PMTCE,"Total petroleum, excluding biofuels, CO2 emissions for all sectors",MD,Maryland,29.7,Million metric tons CO2  
2023,PMTCE,"Total petroleum, excluding biofuels, CO2 emissions for all sectors",ME,Maine,12.3,Million metric tons CO2  
2023,PMTCE,"Total petroleum, excluding biofuels, CO2 emissions for all sectors",MI,Michigan,55.7,Million metric tons CO2  
2023,PMTCE,"Total petroleum, excluding biofuels, CO2 emissions for all sectors",MN,Minnesota,38.5,Million metric tons CO2  
2023,PMTCE,"Total petroleum, excluding biofuels, CO2 emissions for all sectors",MO,Missouri,42.5,Million metric tons CO2  
2023,PMTCE,"Total petroleum, excluding biofuels, CO2 emissions for all sectors",MS,Mississippi,26,Million metric tons CO2  
2023,PMTCE,"Total petroleum, excluding biofuels, CO2 emissions for all sectors",MT,Montana,11.9,Million metric tons CO2  
2023,PMTCE,"Total petroleum, excluding biofuels, CO2 emissions for all sectors",NC,North Carolina,61.9,Million metric tons CO2  
2023,PMTCE,"Total petroleum, excluding biofuels, CO2 emissions for all sectors",ND,North Dakota,11.7,Million metric tons CO2  
2023,PMTCE,"Total petroleum, excluding biofuels, CO2 emissions for all sectors",NE,Nebraska,16.2,Million metric tons CO2  
2023,PMTCE,"Total petroleum, excluding biofuels, CO2 emissions for all sectors",NH,New Hampshire,10.2,Million metric tons CO2  
2023,PMTCE,"Total petroleum, excluding biofuels, CO2 emissions for all sectors",NJ,New Jersey,53.2,Million metric tons CO2  
2023,PMTCE,"Total petroleum, excluding biofuels, CO2 emissions for all sectors",NM,New Mexico,17.4,Million metric tons CO2  
2023,PMTCE,"Total petroleum, excluding biofuels, CO2 emissions for all sectors",NV,Nevada,20.6,Million metric tons CO2  
2023,PMTCE,"Total petroleum, excluding biofuels, CO2 emissions for all sectors",NY,New York,93.3,Million metric tons CO2  
2023,PMTCE,"Total petroleum, excluding biofuels, CO2 emissions for all sectors",OH,Ohio,69,Million metric tons CO2  
2023,PMTCE,"Total petroleum, excluding biofuels, CO2 emissions for all sectors",OK,Oklahoma,36,Million metric tons CO2  
2023,PMTCE,"Total petroleum, excluding biofuels, CO2 emissions for all sectors",OR,Oregon,21.6,Million metric tons CO2  
2023,PMTCE,"Total petroleum, excluding biofuels, CO2 emissions for all sectors",PA,Pennsylvania,70.6,Million metric tons CO2  
2023,PMTCE,"Total petroleum, excluding biofuels, CO2 emissions for all sectors",RI,Rhode Island,5.2,Million metric tons CO2  
2023,PMTCE,"Total petroleum, excluding biofuels, CO2 emissions for all sectors",SC,South Carolina,35.1,Million metric tons CO2  
2023,PMTCE,"Total petroleum, excluding biofuels, CO2 emissions for all sectors",SD,South Dakota,7.7,Million metric tons CO2  
2023,PMTCE,"Total petroleum, excluding biofuels, CO2 emissions for all sectors",TN,Tennessee,48.5,Million metric tons CO2  
2023,PMTCE,"Total petroleum, excluding biofuels, CO2 emissions for all sectors",TX,Texas,318.6,Million metric tons CO2  
2023,PMTCE,"Total petroleum, excluding biofuels, CO2 emissions for all sectors",UT,Utah,22.6,Million metric tons CO2  
2023,PMTCE,"Total petroleum, excluding biofuels, CO2 emissions for all sectors",VA,Virginia,55.7,Million metric tons CO2  
2023,PMTCE,"Total petroleum, excluding biofuels, CO2 emissions for all sectors",VT,Vermont,4.7,Million metric tons CO2  
2023,PMTCE,"Total petroleum, excluding biofuels, CO2 emissions for all sectors",WA,Washington,50.4,Million metric tons CO2  
2023,PMTCE,"Total petroleum, excluding biofuels, CO2 emissions for all sectors",WI,Wisconsin,35.6,Million metric tons CO2  
2023,PMTCE,"Total petroleum, excluding biofuels, CO2 emissions for all sectors",WV,West Virginia,13.4,Million metric tons CO2  
2023,PMTCE,"Total petroleum, excluding biofuels, CO2 emissions for all sectors",WY,Wyoming,9.9,Million metric tons CO2  
2022,CLEIV,Coal expenditures in the electric power sector,AK,Alaska,43.5,Million dollars
2022,CLEIV,Coal expenditures in the electric power sector,AL,Alabama,743.9,Million dollars
2022,CLEIV,Coal expenditures in the electric power sector,AR,Arkansas,486.8,Million dollars
2022,CLEIV,Coal expenditures in the electric power sector,AZ,Arizona,420.9,Million dollars
2022,CLEIV,Coal expenditures in the electric power sector,CA,California,0,Million dollars
2022,CLEIV,Coal expenditures in the electric power sector,CO,Colorado,438.6,Million dollars
2022,CLEIV,Coal expenditures in the electric power sector,CT,Connecticut,0,Million dollars
2022,CLEIV,Coal expenditures in the electric power sector,DC,District of Columbia,0,Million dollars
2022,CLEIV,Coal expenditures in the electric power sector,DE,Delaware,5.8,Million dollars
2022,CLEIV,Coal expenditures in the electric power sector,FL,Florida,608.2,Million dollars
2022,CLEIV,Coal expenditures in the electric power sector,GA,Georgia,676.3,Million dollars
2022,CLEIV,Coal expenditures in the electric power sector,HI,Hawaii,29.5,Million dollars
2022,CLEIV,Coal expenditures in the electric power sector,IA,Iowa,332.3,Million dollars
2022,CLEIV,Coal expenditures in the electric power sector,ID,Idaho,0,Million dollars
2022,CLEIV,Coal expenditures in the electric power sector,IL,Illinois,815.7,Million dollars
2022,CLEIV,Coal expenditures in the electric power sector,IN,Indiana,1601.2,Million dollars
2022,CLEIV,Coal expenditures in the electric power sector,KS,Kansas,422.9,Million dollars
2022,CLEIV,Coal expenditures in the electric power sector,KY,Kentucky,1194.1,Million dollars
2022,CLEIV,Coal expenditures in the electric power sector,LA,Louisiana,244.2,Million dollars
2022,CLEIV,Coal expenditures in the electric power sector,MA,Massachusetts,0,Million dollars
2022,CLEIV,Coal expenditures in the electric power sector,MD,Maryland,163.7,Million dollars
2022,CLEIV,Coal expenditures in the electric power sector,ME,Maine,5.8,Million dollars
2022,CLEIV,Coal expenditures in the electric power sector,MI,Michigan,892.2,Million dollars
2022,CLEIV,Coal expenditures in the electric power sector,MN,Minnesota,390.9,Million dollars
2022,CLEIV,Coal expenditures in the electric power sector,MO,Missouri,1050.4,Million dollars
2022,CLEIV,Coal expenditures in the electric power sector,MS,Mississippi,253.4,Million dollars
2022,CLEIV,Coal expenditures in the electric power sector,MT,Montana,269.5,Million dollars
2022,CLEIV,Coal expenditures in the electric power sector,NC,North Carolina,539.9,Million dollars
2022,CLEIV,Coal expenditures in the electric power sector,ND,North Dakota,474.1,Million dollars
2022,CLEIV,Coal expenditures in the electric power sector,NE,Nebraska,266.2,Million dollars
2022,CLEIV,Coal expenditures in the electric power sector,NH,New Hampshire,17.6,Million dollars
2022,CLEIV,Coal expenditures in the electric power sector,NJ,New Jersey,32.3,Million dollars
2022,CLEIV,Coal expenditures in the electric power sector,NM,New Mexico,399.8,Million dollars
2022,CLEIV,Coal expenditures in the electric power sector,NV,Nevada,101.8,Million dollars
2022,CLEIV,Coal expenditures in the electric power sector,NY,New York,0,Million dollars
2022,CLEIV,Coal expenditures in the electric power sector,OH,Ohio,1258.2,Million dollars
2022,CLEIV,Coal expenditures in the electric power sector,OK,Oklahoma,265.1,Million dollars
2022,CLEIV,Coal expenditures in the electric power sector,OR,Oregon,0,Million dollars
2022,CLEIV,Coal expenditures in the electric power sector,PA,Pennsylvania,855.5,Million dollars
2022,CLEIV,Coal expenditures in the electric power sector,RI,Rhode Island,0,Million dollars
2022,CLEIV,Coal expenditures in the electric power sector,SC,South Carolina,525.5,Million dollars
2022,CLEIV,Coal expenditures in the electric power sector,SD,South Dakota,42.7,Million dollars
2022,CLEIV,Coal expenditures in the electric power sector,TN,Tennessee,618.3,Million dollars
2022,CLEIV,Coal expenditures in the electric power sector,TX,Texas,2128.5,Million dollars
2022,CLEIV,Coal expenditures in the electric power sector,UT,Utah,496.7,Million dollars
2022,CLEIV,Coal expenditures in the electric power sector,VA,Virginia,110.8,Million dollars
2022,CLEIV,Coal expenditures in the electric power sector,VT,Vermont,0,Million dollars
2022,CLEIV,Coal expenditures in the electric power sector,WA,Washington,130,Million dollars
2022,CLEIV,Coal expenditures in the electric power sector,WI,Wisconsin,542.9,Million dollars
2022,CLEIV,Coal expenditures in the electric power sector,WV,West Virginia,1193.6,Million dollars
2022,CLEIV,Coal expenditures in the electric power sector,WY,Wyoming,594,Million dollars
2022,CLTCE,Coal CO2 emissions for all sectors,AK,Alaska,1.8,Million metric tons CO2  
2022,CLTCE,Coal CO2 emissions for all sectors,AL,Alabama,28.5,Million metric tons CO2  
2022,CLTCE,Coal CO2 emissions for all sectors,AR,Arkansas,20.3,Million metric tons CO2  
2022,CLTCE,Coal CO2 emissions for all sectors,AZ,Arizona,14.8,Million metric tons CO2  
2022,CLTCE,Coal CO2 emissions for all sectors,CA,California,2.9,Million metric tons CO2  
2022,CLTCE,Coal CO2 emissions for all sectors,CO,Colorado,22.3,Million metric tons CO2  
2022,CLTCE,Coal CO2 emissions for all sectors,CT,Connecticut,0,Million metric tons CO2  
2022,CLTCE,Coal CO2 emissions for all sectors,DC,District of Columbia,0,Million metric tons CO2  
2022,CLTCE,Coal CO2 emissions for all sectors,DE,Delaware,.2,Million metric tons CO2  
2022,CLTCE,Coal CO2 emissions for all sectors,FL,Florida,16.5,Million metric tons CO2  
2022,CLTCE,Coal CO2 emissions for all sectors,GA,Georgia,17.3,Million metric tons CO2  
2022,CLTCE,Coal CO2 emissions for all sectors,HI,Hawaii,.7,Million metric tons CO2  
2022,CLTCE,Coal CO2 emissions for all sectors,IA,Iowa,21.8,Million metric tons CO2  
2022,CLTCE,Coal CO2 emissions for all sectors,ID,Idaho,.2,Million metric tons CO2  
2022,CLTCE,Coal CO2 emissions for all sectors,IL,Illinois,47.5,Million metric tons CO2  
2022,CLTCE,Coal CO2 emissions for all sectors,IN,Indiana,68.5,Million metric tons CO2  
2022,CLTCE,Coal CO2 emissions for all sectors,KS,Kansas,21.7,Million metric tons CO2  
2022,CLTCE,Coal CO2 emissions for all sectors,KY,Kentucky,50.1,Million metric tons CO2  
2022,CLTCE,Coal CO2 emissions for all sectors,LA,Louisiana,9.3,Million metric tons CO2  
2022,CLTCE,Coal CO2 emissions for all sectors,MA,Massachusetts,0,Million metric tons CO2  
2022,CLTCE,Coal CO2 emissions for all sectors,MD,Maryland,5.9,Million metric tons CO2  
2022,CLTCE,Coal CO2 emissions for all sectors,ME,Maine,.1,Million metric tons CO2  
2022,CLTCE,Coal CO2 emissions for all sectors,MI,Michigan,40.4,Million metric tons CO2  
2022,CLTCE,Coal CO2 emissions for all sectors,MN,Minnesota,17.7,Million metric tons CO2  
2022,CLTCE,Coal CO2 emissions for all sectors,MO,Missouri,54.3,Million metric tons CO2  
2022,CLTCE,Coal CO2 emissions for all sectors,MS,Mississippi,6.3,Million metric tons CO2  
2022,CLTCE,Coal CO2 emissions for all sectors,MT,Montana,12.6,Million metric tons CO2  
2022,CLTCE,Coal CO2 emissions for all sectors,NC,North Carolina,15.6,Million metric tons CO2  
2022,CLTCE,Coal CO2 emissions for all sectors,ND,North Dakota,35.4,Million metric tons CO2  
2022,CLTCE,Coal CO2 emissions for all sectors,NE,Nebraska,21.4,Million metric tons CO2  
2022,CLTCE,Coal CO2 emissions for all sectors,NH,New Hampshire,.4,Million metric tons CO2  
2022,CLTCE,Coal CO2 emissions for all sectors,NJ,New Jersey,.6,Million metric tons CO2  
2022,CLTCE,Coal CO2 emissions for all sectors,NM,New Mexico,13.2,Million metric tons CO2  
2022,CLTCE,Coal CO2 emissions for all sectors,NV,Nevada,3.4,Million metric tons CO2  
2022,CLTCE,Coal CO2 emissions for all sectors,NY,New York,.6,Million metric tons CO2  
2022,CLTCE,Coal CO2 emissions for all sectors,OH,Ohio,51.4,Million metric tons CO2  
2022,CLTCE,Coal CO2 emissions for all sectors,OK,Oklahoma,10.2,Million metric tons CO2  
2022,CLTCE,Coal CO2 emissions for all sectors,OR,Oregon,.1,Million metric tons CO2  
2022,CLTCE,Coal CO2 emissions for all sectors,PA,Pennsylvania,41.1,Million metric tons CO2  
2022,CLTCE,Coal CO2 emissions for all sectors,RI,Rhode Island,0,Million metric tons CO2  
2022,CLTCE,Coal CO2 emissions for all sectors,SC,South Carolina,14.5,Million metric tons CO2  
2022,CLTCE,Coal CO2 emissions for all sectors,SD,South Dakota,2.4,Million metric tons CO2  
2022,CLTCE,Coal CO2 emissions for all sectors,TN,Tennessee,19.6,Million metric tons CO2  
2022,CLTCE,Coal CO2 emissions for all sectors,TX,Texas,89.3,Million metric tons CO2  
2022,CLTCE,Coal CO2 emissions for all sectors,UT,Utah,22.8,Million metric tons CO2  
2022,CLTCE,Coal CO2 emissions for all sectors,VA,Virginia,6.4,Million metric tons CO2  
2022,CLTCE,Coal CO2 emissions for all sectors,VT,Vermont,0,Million metric tons CO2  
2022,CLTCE,Coal CO2 emissions for all sectors,WA,Washington,4,Million metric tons CO2  
2022,CLTCE,Coal CO2 emissions for all sectors,WI,Wisconsin,22.3,Million metric tons CO2  
2022,CLTCE,Coal CO2 emissions for all sectors,WV,West Virginia,51.4,Million metric tons CO2  
2022,CLTCE,Coal CO2 emissions for all sectors,WY,Wyoming,37.4,Million metric tons CO2  
2022,FFTCE,Fossil fuel CO2 emissions for all sectors,AK,Alaska,42.1,Million metric tons CO2
2022,FFTCE,Fossil fuel CO2 emissions for all sectors,AL,Alabama,109.5,Million metric tons CO2
2022,FFTCE,Fossil fuel CO2 emissions for all sectors,AR,Arkansas,63.3,Million metric tons CO2
2022,FFTCE,Fossil fuel CO2 emissions for all sectors,AZ,Arizona,80.4,Million metric tons CO2
2022,FFTCE,Fossil fuel CO2 emissions for all sectors,CA,California,324.1,Million metric tons CO2
2022,FFTCE,Fossil fuel CO2 emissions for all sectors,CO,Colorado,86.5,Million metric tons CO2
2022,FFTCE,Fossil fuel CO2 emissions for all sectors,CT,Connecticut,37,Million metric tons CO2
2022,FFTCE,Fossil fuel CO2 emissions for all sectors,DC,District of Columbia,2.6,Million metric tons CO2
2022,FFTCE,Fossil fuel CO2 emissions for all sectors,DE,Delaware,12.7,Million metric tons CO2
2022,FFTCE,Fossil fuel CO2 emissions for all sectors,FL,Florida,231.4,Million metric tons CO2
2022,FFTCE,Fossil fuel CO2 emissions for all sectors,GA,Georgia,124.8,Million metric tons CO2
2022,FFTCE,Fossil fuel CO2 emissions for all sectors,HI,Hawaii,18.1,Million metric tons CO2
2022,FFTCE,Fossil fuel CO2 emissions for all sectors,IA,Iowa,71.5,Million metric tons CO2
2022,FFTCE,Fossil fuel CO2 emissions for all sectors,ID,Idaho,20.8,Million metric tons CO2
2022,FFTCE,Fossil fuel CO2 emissions for all sectors,IL,Illinois,183.5,Million metric tons CO2
2022,FFTCE,Fossil fuel CO2 emissions for all sectors,IN,Indiana,163.5,Million metric tons CO2
2022,FFTCE,Fossil fuel CO2 emissions for all sectors,KS,Kansas,62.3,Million metric tons CO2
2022,FFTCE,Fossil fuel CO2 emissions for all sectors,KY,Kentucky,109.8,Million metric tons CO2
2022,FFTCE,Fossil fuel CO2 emissions for all sectors,LA,Louisiana,192.8,Million metric tons CO2
2022,FFTCE,Fossil fuel CO2 emissions for all sectors,MA,Massachusetts,59.3,Million metric tons CO2
2022,FFTCE,Fossil fuel CO2 emissions for all sectors,MD,Maryland,50.6,Million metric tons CO2
2022,FFTCE,Fossil fuel CO2 emissions for all sectors,ME,Maine,15,Million metric tons CO2
2022,FFTCE,Fossil fuel CO2 emissions for all sectors,MI,Michigan,154.1,Million metric tons CO2
2022,FFTCE,Fossil fuel CO2 emissions for all sectors,MN,Minnesota,84.2,Million metric tons CO2
2022,FFTCE,Fossil fuel CO2 emissions for all sectors,MO,Missouri,113.1,Million metric tons CO2
2022,FFTCE,Fossil fuel CO2 emissions for all sectors,MS,Mississippi,65,Million metric tons CO2
2022,FFTCE,Fossil fuel CO2 emissions for all sectors,MT,Montana,29.6,Million metric tons CO2
2022,FFTCE,Fossil fuel CO2 emissions for all sectors,NC,North Carolina,116.9,Million metric tons CO2
2022,FFTCE,Fossil fuel CO2 emissions for all sectors,ND,North Dakota,57.4,Million metric tons CO2
2022,FFTCE,Fossil fuel CO2 emissions for all sectors,NE,Nebraska,48.2,Million metric tons CO2
2022,FFTCE,Fossil fuel CO2 emissions for all sectors,NH,New Hampshire,13.8,Million metric tons CO2
2022,FFTCE,Fossil fuel CO2 emissions for all sectors,NJ,New Jersey,92.7,Million metric tons CO2
2022,FFTCE,Fossil fuel CO2 emissions for all sectors,NM,New Mexico,46.6,Million metric tons CO2
2022,FFTCE,Fossil fuel CO2 emissions for all sectors,NV,Nevada,40.5,Million metric tons CO2
2022,FFTCE,Fossil fuel CO2 emissions for all sectors,NY,New York,166.2,Million metric tons CO2
2022,FFTCE,Fossil fuel CO2 emissions for all sectors,OH,Ohio,196.3,Million metric tons CO2
2022,FFTCE,Fossil fuel CO2 emissions for all sectors,OK,Oklahoma,86.8,Million metric tons CO2
2022,FFTCE,Fossil fuel CO2 emissions for all sectors,OR,Oregon,37.3,Million metric tons CO2
2022,FFTCE,Fossil fuel CO2 emissions for all sectors,PA,Pennsylvania,213.8,Million metric tons CO2
2022,FFTCE,Fossil fuel CO2 emissions for all sectors,RI,Rhode Island,10.1,Million metric tons CO2
2022,FFTCE,Fossil fuel CO2 emissions for all sectors,SC,South Carolina,67.4,Million metric tons CO2
2022,FFTCE,Fossil fuel CO2 emissions for all sectors,SD,South Dakota,15.4,Million metric tons CO2
2022,FFTCE,Fossil fuel CO2 emissions for all sectors,TN,Tennessee,91.3,Million metric tons CO2
2022,FFTCE,Fossil fuel CO2 emissions for all sectors,TX,Texas,666.1,Million metric tons CO2
2022,FFTCE,Fossil fuel CO2 emissions for all sectors,UT,Utah,60.2,Million metric tons CO2
2022,FFTCE,Fossil fuel CO2 emissions for all sectors,VA,Virginia,96.4,Million metric tons CO2
2022,FFTCE,Fossil fuel CO2 emissions for all sectors,VT,Vermont,5.5,Million metric tons CO2
2022,FFTCE,Fossil fuel CO2 emissions for all sectors,WA,Washington,74.9,Million metric tons CO2
2022,FFTCE,Fossil fuel CO2 emissions for all sectors,WI,Wisconsin,90.8,Million metric tons CO2
2022,FFTCE,Fossil fuel CO2 emissions for all sectors,WV,West Virginia,79.1,Million metric tons CO2
2022,FFTCE,Fossil fuel CO2 emissions for all sectors,WY,Wyoming,56.3,Million metric tons CO2
2022,NGEIV,Natural gas expenditures in the electric power sector (including supplemental gaseous fuels),AK,Alaska,166.9,Million dollars
2022,NGEIV,Natural gas expenditures in the electric power sector (including supplemental gaseous fuels),AL,Alabama,3582.7,Million dollars
2022,NGEIV,Natural gas expenditures in the electric power sector (including supplemental gaseous fuels),AR,Arkansas,1349.7,Million dollars
2022,NGEIV,Natural gas expenditures in the electric power sector (including supplemental gaseous fuels),AZ,Arizona,2939.2,Million dollars
2022,NGEIV,Natural gas expenditures in the electric power sector (including supplemental gaseous fuels),CA,California,6595.4,Million dollars
2022,NGEIV,Natural gas expenditures in the electric power sector (including supplemental gaseous fuels),CO,Colorado,955.5,Million dollars
2022,NGEIV,Natural gas expenditures in the electric power sector (including supplemental gaseous fuels),CT,Connecticut,1509.7,Million dollars
2022,NGEIV,Natural gas expenditures in the electric power sector (including supplemental gaseous fuels),DC,District of Columbia,0,Million dollars
2022,NGEIV,Natural gas expenditures in the electric power sector (including supplemental gaseous fuels),DE,Delaware,215,Million dollars
2022,NGEIV,Natural gas expenditures in the electric power sector (including supplemental gaseous fuels),FL,Florida,11821.7,Million dollars
2022,NGEIV,Natural gas expenditures in the electric power sector (including supplemental gaseous fuels),GA,Georgia,3507.9,Million dollars
2022,NGEIV,Natural gas expenditures in the electric power sector (including supplemental gaseous fuels),HI,Hawaii,0,Million dollars
2022,NGEIV,Natural gas expenditures in the electric power sector (including supplemental gaseous fuels),IA,Iowa,356.5,Million dollars
2022,NGEIV,Natural gas expenditures in the electric power sector (including supplemental gaseous fuels),ID,Idaho,343,Million dollars
2022,NGEIV,Natural gas expenditures in the electric power sector (including supplemental gaseous fuels),IL,Illinois,1025.3,Million dollars
2022,NGEIV,Natural gas expenditures in the electric power sector (including supplemental gaseous fuels),IN,Indiana,1534.2,Million dollars
2022,NGEIV,Natural gas expenditures in the electric power sector (including supplemental gaseous fuels),KS,Kansas,222.5,Million dollars
2022,NGEIV,Natural gas expenditures in the electric power sector (including supplemental gaseous fuels),KY,Kentucky,933.9,Million dollars
2022,NGEIV,Natural gas expenditures in the electric power sector (including supplemental gaseous fuels),LA,Louisiana,2629.6,Million dollars
2022,NGEIV,Natural gas expenditures in the electric power sector (including supplemental gaseous fuels),MA,Massachusetts,1397.9,Million dollars
2022,NGEIV,Natural gas expenditures in the electric power sector (including supplemental gaseous fuels),MD,Maryland,833.7,Million dollars
2022,NGEIV,Natural gas expenditures in the electric power sector (including supplemental gaseous fuels),ME,Maine,230,Million dollars
2022,NGEIV,Natural gas expenditures in the electric power sector (including supplemental gaseous fuels),MI,Michigan,2203.4,Million dollars
2022,NGEIV,Natural gas expenditures in the electric power sector (including supplemental gaseous fuels),MN,Minnesota,533.8,Million dollars
2022,NGEIV,Natural gas expenditures in the electric power sector (including supplemental gaseous fuels),MO,Missouri,749.9,Million dollars
2022,NGEIV,Natural gas expenditures in the electric power sector (including supplemental gaseous fuels),MS,Mississippi,2497.5,Million dollars
2022,NGEIV,Natural gas expenditures in the electric power sector (including supplemental gaseous fuels),MT,Montana,33.4,Million dollars
2022,NGEIV,Natural gas expenditures in the electric power sector (including supplemental gaseous fuels),NC,North Carolina,3494.4,Million dollars
2022,NGEIV,Natural gas expenditures in the electric power sector (including supplemental gaseous fuels),ND,North Dakota,44.8,Million dollars
2022,NGEIV,Natural gas expenditures in the electric power sector (including supplemental gaseous fuels),NE,Nebraska,112.3,Million dollars
2022,NGEIV,Natural gas expenditures in the electric power sector (including supplemental gaseous fuels),NH,New Hampshire,291.2,Million dollars
2022,NGEIV,Natural gas expenditures in the electric power sector (including supplemental gaseous fuels),NJ,New Jersey,1813.6,Million dollars
2022,NGEIV,Natural gas expenditures in the electric power sector (including supplemental gaseous fuels),NM,New Mexico,600.8,Million dollars
2022,NGEIV,Natural gas expenditures in the electric power sector (including supplemental gaseous fuels),NV,Nevada,1544,Million dollars
2022,NGEIV,Natural gas expenditures in the electric power sector (including supplemental gaseous fuels),NY,New York,3523.4,Million dollars
2022,NGEIV,Natural gas expenditures in the electric power sector (including supplemental gaseous fuels),OH,Ohio,3075.4,Million dollars
2022,NGEIV,Natural gas expenditures in the electric power sector (including supplemental gaseous fuels),OK,Oklahoma,2230.9,Million dollars
2022,NGEIV,Natural gas expenditures in the electric power sector (including supplemental gaseous fuels),OR,Oregon,797.2,Million dollars
2022,NGEIV,Natural gas expenditures in the electric power sector (including supplemental gaseous fuels),PA,Pennsylvania,5579.5,Million dollars
2022,NGEIV,Natural gas expenditures in the electric power sector (including supplemental gaseous fuels),RI,Rhode Island,434.2,Million dollars
2022,NGEIV,Natural gas expenditures in the electric power sector (including supplemental gaseous fuels),SC,South Carolina,1387,Million dollars
2022,NGEIV,Natural gas expenditures in the electric power sector (including supplemental gaseous fuels),SD,South Dakota,57.3,Million dollars
2022,NGEIV,Natural gas expenditures in the electric power sector (including supplemental gaseous fuels),TN,Tennessee,722.1,Million dollars
2022,NGEIV,Natural gas expenditures in the electric power sector (including supplemental gaseous fuels),TX,Texas,11969.3,Million dollars
2022,NGEIV,Natural gas expenditures in the electric power sector (including supplemental gaseous fuels),UT,Utah,685.4,Million dollars
2022,NGEIV,Natural gas expenditures in the electric power sector (including supplemental gaseous fuels),VA,Virginia,2601.8,Million dollars
2022,NGEIV,Natural gas expenditures in the electric power sector (including supplemental gaseous fuels),VT,Vermont,.1,Million dollars
2022,NGEIV,Natural gas expenditures in the electric power sector (including supplemental gaseous fuels),WA,Washington,700.3,Million dollars
2022,NGEIV,Natural gas expenditures in the electric power sector (including supplemental gaseous fuels),WI,Wisconsin,1047.8,Million dollars
2022,NGEIV,Natural gas expenditures in the electric power sector (including supplemental gaseous fuels),WV,West Virginia,121.2,Million dollars
2022,NGEIV,Natural gas expenditures in the electric power sector (including supplemental gaseous fuels),WY,Wyoming,86.2,Million dollars
2022,NNTCE,"Natural gas, excluding supplemental gaseous fuels, CO2 emissions for all sectors",AK,Alaska,22.4,Million metric tons CO2
2022,NNTCE,"Natural gas, excluding supplemental gaseous fuels, CO2 emissions for all sectors",AL,Alabama,41.2,Million metric tons CO2
2022,NNTCE,"Natural gas, excluding supplemental gaseous fuels, CO2 emissions for all sectors",AR,Arkansas,20.8,Million metric tons CO2
2022,NNTCE,"Natural gas, excluding supplemental gaseous fuels, CO2 emissions for all sectors",AZ,Arizona,24.7,Million metric tons CO2
2022,NNTCE,"Natural gas, excluding supplemental gaseous fuels, CO2 emissions for all sectors",CA,California,111.3,Million metric tons CO2
2022,NNTCE,"Natural gas, excluding supplemental gaseous fuels, CO2 emissions for all sectors",CO,Colorado,27.4,Million metric tons CO2
2022,NNTCE,"Natural gas, excluding supplemental gaseous fuels, CO2 emissions for all sectors",CT,Connecticut,16.2,Million metric tons CO2
2022,NNTCE,"Natural gas, excluding supplemental gaseous fuels, CO2 emissions for all sectors",DC,District of Columbia,1.6,Million metric tons CO2
2022,NNTCE,"Natural gas, excluding supplemental gaseous fuels, CO2 emissions for all sectors",DE,Delaware,4.7,Million metric tons CO2
2022,NNTCE,"Natural gas, excluding supplemental gaseous fuels, CO2 emissions for all sectors",FL,Florida,87.5,Million metric tons CO2
2022,NNTCE,"Natural gas, excluding supplemental gaseous fuels, CO2 emissions for all sectors",GA,Georgia,42.5,Million metric tons CO2
2022,NNTCE,"Natural gas, excluding supplemental gaseous fuels, CO2 emissions for all sectors",HI,Hawaii,0,Million metric tons CO2
2022,NNTCE,"Natural gas, excluding supplemental gaseous fuels, CO2 emissions for all sectors",IA,Iowa,22.5,Million metric tons CO2
2022,NNTCE,"Natural gas, excluding supplemental gaseous fuels, CO2 emissions for all sectors",ID,Idaho,7.4,Million metric tons CO2
2022,NNTCE,"Natural gas, excluding supplemental gaseous fuels, CO2 emissions for all sectors",IL,Illinois,59.4,Million metric tons CO2
2022,NNTCE,"Natural gas, excluding supplemental gaseous fuels, CO2 emissions for all sectors",IN,Indiana,47.5,Million metric tons CO2
2022,NNTCE,"Natural gas, excluding supplemental gaseous fuels, CO2 emissions for all sectors",KS,Kansas,16.5,Million metric tons CO2
2022,NNTCE,"Natural gas, excluding supplemental gaseous fuels, CO2 emissions for all sectors",KY,Kentucky,21,Million metric tons CO2
2022,NNTCE,"Natural gas, excluding supplemental gaseous fuels, CO2 emissions for all sectors",LA,Louisiana,107.5,Million metric tons CO2
2022,NNTCE,"Natural gas, excluding supplemental gaseous fuels, CO2 emissions for all sectors",MA,Massachusetts,22.8,Million metric tons CO2
2022,NNTCE,"Natural gas, excluding supplemental gaseous fuels, CO2 emissions for all sectors",MD,Maryland,16.4,Million metric tons CO2
2022,NNTCE,"Natural gas, excluding supplemental gaseous fuels, CO2 emissions for all sectors",ME,Maine,3.3,Million metric tons CO2
2022,NNTCE,"Natural gas, excluding supplemental gaseous fuels, CO2 emissions for all sectors",MI,Michigan,57.2,Million metric tons CO2
2022,NNTCE,"Natural gas, excluding supplemental gaseous fuels, CO2 emissions for all sectors",MN,Minnesota,28,Million metric tons CO2
2022,NNTCE,"Natural gas, excluding supplemental gaseous fuels, CO2 emissions for all sectors",MO,Missouri,16.9,Million metric tons CO2
2022,NNTCE,"Natural gas, excluding supplemental gaseous fuels, CO2 emissions for all sectors",MS,Mississippi,32.4,Million metric tons CO2
2022,NNTCE,"Natural gas, excluding supplemental gaseous fuels, CO2 emissions for all sectors",MT,Montana,4.9,Million metric tons CO2
2022,NNTCE,"Natural gas, excluding supplemental gaseous fuels, CO2 emissions for all sectors",NC,North Carolina,39.3,Million metric tons CO2
2022,NNTCE,"Natural gas, excluding supplemental gaseous fuels, CO2 emissions for all sectors",ND,North Dakota,10.3,Million metric tons CO2
2022,NNTCE,"Natural gas, excluding supplemental gaseous fuels, CO2 emissions for all sectors",NE,Nebraska,10.3,Million metric tons CO2
2022,NNTCE,"Natural gas, excluding supplemental gaseous fuels, CO2 emissions for all sectors",NH,New Hampshire,3.2,Million metric tons CO2
2022,NNTCE,"Natural gas, excluding supplemental gaseous fuels, CO2 emissions for all sectors",NJ,New Jersey,39.8,Million metric tons CO2
2022,NNTCE,"Natural gas, excluding supplemental gaseous fuels, CO2 emissions for all sectors",NM,New Mexico,15.7,Million metric tons CO2
2022,NNTCE,"Natural gas, excluding supplemental gaseous fuels, CO2 emissions for all sectors",NV,Nevada,16,Million metric tons CO2
2022,NNTCE,"Natural gas, excluding supplemental gaseous fuels, CO2 emissions for all sectors",NY,New York,74.1,Million metric tons CO2
2022,NNTCE,"Natural gas, excluding supplemental gaseous fuels, CO2 emissions for all sectors",OH,Ohio,74.5,Million metric tons CO2
2022,NNTCE,"Natural gas, excluding supplemental gaseous fuels, CO2 emissions for all sectors",OK,Oklahoma,40.2,Million metric tons CO2
2022,NNTCE,"Natural gas, excluding supplemental gaseous fuels, CO2 emissions for all sectors",OR,Oregon,15.6,Million metric tons CO2
2022,NNTCE,"Natural gas, excluding supplemental gaseous fuels, CO2 emissions for all sectors",PA,Pennsylvania,101.3,Million metric tons CO2
2022,NNTCE,"Natural gas, excluding supplemental gaseous fuels, CO2 emissions for all sectors",RI,Rhode Island,4.9,Million metric tons CO2
2022,NNTCE,"Natural gas, excluding supplemental gaseous fuels, CO2 emissions for all sectors",SC,South Carolina,18.9,Million metric tons CO2
2022,NNTCE,"Natural gas, excluding supplemental gaseous fuels, CO2 emissions for all sectors",SD,South Dakota,5.1,Million metric tons CO2
2022,NNTCE,"Natural gas, excluding supplemental gaseous fuels, CO2 emissions for all sectors",TN,Tennessee,22.9,Million metric tons CO2
2022,NNTCE,"Natural gas, excluding supplemental gaseous fuels, CO2 emissions for all sectors",TX,Texas,259.6,Million metric tons CO2
2022,NNTCE,"Natural gas, excluding supplemental gaseous fuels, CO2 emissions for all sectors",UT,Utah,15.1,Million metric tons CO2
2022,NNTCE,"Natural gas, excluding supplemental gaseous fuels, CO2 emissions for all sectors",VA,Virginia,35,Million metric tons CO2
2022,NNTCE,"Natural gas, excluding supplemental gaseous fuels, CO2 emissions for all sectors",VT,Vermont,.7,Million metric tons CO2
2022,NNTCE,"Natural gas, excluding supplemental gaseous fuels, CO2 emissions for all sectors",WA,Washington,20,Million metric tons CO2
2022,NNTCE,"Natural gas, excluding supplemental gaseous fuels, CO2 emissions for all sectors",WI,Wisconsin,32.6,Million metric tons CO2
2022,NNTCE,"Natural gas, excluding supplemental gaseous fuels, CO2 emissions for all sectors",WV,West Virginia,14.5,Million metric tons CO2
2022,NNTCE,"Natural gas, excluding supplemental gaseous fuels, CO2 emissions for all sectors",WY,Wyoming,8.9,Million metric tons CO2
2022,NUEGV,Nuclear fuel expenditures in the electric power sector,AK,Alaska,0,Million dollars
2022,NUEGV,Nuclear fuel expenditures in the electric power sector,AL,Alabama,284.6,Million dollars
2022,NUEGV,Nuclear fuel expenditures in the electric power sector,AR,Arkansas,74.4,Million dollars
2022,NUEGV,Nuclear fuel expenditures in the electric power sector,AZ,Arizona,220.3,Million dollars
2022,NUEGV,Nuclear fuel expenditures in the electric power sector,CA,California,111.1,Million dollars
2022,NUEGV,Nuclear fuel expenditures in the electric power sector,CO,Colorado,0,Million dollars
2022,NUEGV,Nuclear fuel expenditures in the electric power sector,CT,Connecticut,101.1,Million dollars
2022,NUEGV,Nuclear fuel expenditures in the electric power sector,DC,District of Columbia,0,Million dollars
2022,NUEGV,Nuclear fuel expenditures in the electric power sector,DE,Delaware,0,Million dollars
2022,NUEGV,Nuclear fuel expenditures in the electric power sector,FL,Florida,155.6,Million dollars
2022,NUEGV,Nuclear fuel expenditures in the electric power sector,GA,Georgia,256.2,Million dollars
2022,NUEGV,Nuclear fuel expenditures in the electric power sector,HI,Hawaii,0,Million dollars
2022,NUEGV,Nuclear fuel expenditures in the electric power sector,IA,Iowa,0,Million dollars
2022,NUEGV,Nuclear fuel expenditures in the electric power sector,ID,Idaho,0,Million dollars
2022,NUEGV,Nuclear fuel expenditures in the electric power sector,IL,Illinois,641,Million dollars
2022,NUEGV,Nuclear fuel expenditures in the electric power sector,IN,Indiana,0,Million dollars
2022,NUEGV,Nuclear fuel expenditures in the electric power sector,KS,Kansas,59.3,Million dollars
2022,NUEGV,Nuclear fuel expenditures in the electric power sector,KY,Kentucky,0,Million dollars
2022,NUEGV,Nuclear fuel expenditures in the electric power sector,LA,Louisiana,92.5,Million dollars
2022,NUEGV,Nuclear fuel expenditures in the electric power sector,MA,Massachusetts,0,Million dollars
2022,NUEGV,Nuclear fuel expenditures in the electric power sector,MD,Maryland,90.9,Million dollars
2022,NUEGV,Nuclear fuel expenditures in the electric power sector,ME,Maine,0,Million dollars
2022,NUEGV,Nuclear fuel expenditures in the electric power sector,MI,Michigan,145.5,Million dollars
2022,NUEGV,Nuclear fuel expenditures in the electric power sector,MN,Minnesota,118.2,Million dollars
2022,NUEGV,Nuclear fuel expenditures in the electric power sector,MO,Missouri,64.6,Million dollars
2022,NUEGV,Nuclear fuel expenditures in the electric power sector,MS,Mississippi,55.8,Million dollars
2022,NUEGV,Nuclear fuel expenditures in the electric power sector,MT,Montana,0,Million dollars
2022,NUEGV,Nuclear fuel expenditures in the electric power sector,NC,North Carolina,249.5,Million dollars
2022,NUEGV,Nuclear fuel expenditures in the electric power sector,ND,North Dakota,0,Million dollars
2022,NUEGV,Nuclear fuel expenditures in the electric power sector,NE,Nebraska,37.7,Million dollars
2022,NUEGV,Nuclear fuel expenditures in the electric power sector,NH,New Hampshire,67.1,Million dollars
2022,NUEGV,Nuclear fuel expenditures in the electric power sector,NJ,New Jersey,179.2,Million dollars
2022,NUEGV,Nuclear fuel expenditures in the electric power sector,NM,New Mexico,0,Million dollars
2022,NUEGV,Nuclear fuel expenditures in the electric power sector,NV,Nevada,0,Million dollars
2022,NUEGV,Nuclear fuel expenditures in the electric power sector,NY,New York,177.1,Million dollars
2022,NUEGV,Nuclear fuel expenditures in the electric power sector,OH,Ohio,109.3,Million dollars
2022,NUEGV,Nuclear fuel expenditures in the electric power sector,OK,Oklahoma,0,Million dollars
2022,NUEGV,Nuclear fuel expenditures in the electric power sector,OR,Oregon,0,Million dollars
2022,NUEGV,Nuclear fuel expenditures in the electric power sector,PA,Pennsylvania,503,Million dollars
2022,NUEGV,Nuclear fuel expenditures in the electric power sector,RI,Rhode Island,0,Million dollars
2022,NUEGV,Nuclear fuel expenditures in the electric power sector,SC,South Carolina,325.2,Million dollars
2022,NUEGV,Nuclear fuel expenditures in the electric power sector,SD,South Dakota,0,Million dollars
2022,NUEGV,Nuclear fuel expenditures in the electric power sector,TN,Tennessee,218.8,Million dollars
2022,NUEGV,Nuclear fuel expenditures in the electric power sector,TX,Texas,255.5,Million dollars
2022,NUEGV,Nuclear fuel expenditures in the electric power sector,UT,Utah,0,Million dollars
2022,NUEGV,Nuclear fuel expenditures in the electric power sector,VA,Virginia,168.7,Million dollars
2022,NUEGV,Nuclear fuel expenditures in the electric power sector,VT,Vermont,0,Million dollars
2022,NUEGV,Nuclear fuel expenditures in the electric power sector,WA,Washington,66.2,Million dollars
2022,NUEGV,Nuclear fuel expenditures in the electric power sector,WI,Wisconsin,61.9,Million dollars
2022,NUEGV,Nuclear fuel expenditures in the electric power sector,WV,West Virginia,0,Million dollars
2022,NUEGV,Nuclear fuel expenditures in the electric power sector,WY,Wyoming,0,Million dollars
2022,PAEIV,All petroleum products total expenditures in the electric power sector,AK,Alaska,139.7,Million dollars
2022,PAEIV,All petroleum products total expenditures in the electric power sector,AL,Alabama,11,Million dollars
2022,PAEIV,All petroleum products total expenditures in the electric power sector,AR,Arkansas,16.7,Million dollars
2022,PAEIV,All petroleum products total expenditures in the electric power sector,AZ,Arizona,10,Million dollars
2022,PAEIV,All petroleum products total expenditures in the electric power sector,CA,California,7.9,Million dollars
2022,PAEIV,All petroleum products total expenditures in the electric power sector,CO,Colorado,10,Million dollars
2022,PAEIV,All petroleum products total expenditures in the electric power sector,CT,Connecticut,79.8,Million dollars
2022,PAEIV,All petroleum products total expenditures in the electric power sector,DC,District of Columbia,0,Million dollars
2022,PAEIV,All petroleum products total expenditures in the electric power sector,DE,Delaware,29.8,Million dollars
2022,PAEIV,All petroleum products total expenditures in the electric power sector,FL,Florida,198,Million dollars
2022,PAEIV,All petroleum products total expenditures in the electric power sector,GA,Georgia,62.4,Million dollars
2022,PAEIV,All petroleum products total expenditures in the electric power sector,HI,Hawaii,1624.3,Million dollars
2022,PAEIV,All petroleum products total expenditures in the electric power sector,IA,Iowa,34.9,Million dollars
2022,PAEIV,All petroleum products total expenditures in the electric power sector,ID,Idaho,0,Million dollars
2022,PAEIV,All petroleum products total expenditures in the electric power sector,IL,Illinois,10.2,Million dollars
2022,PAEIV,All petroleum products total expenditures in the electric power sector,IN,Indiana,36.5,Million dollars
2022,PAEIV,All petroleum products total expenditures in the electric power sector,KS,Kansas,32.2,Million dollars
2022,PAEIV,All petroleum products total expenditures in the electric power sector,KY,Kentucky,32.4,Million dollars
2022,PAEIV,All petroleum products total expenditures in the electric power sector,LA,Louisiana,185.7,Million dollars
2022,PAEIV,All petroleum products total expenditures in the electric power sector,MA,Massachusetts,137.8,Million dollars
2022,PAEIV,All petroleum products total expenditures in the electric power sector,MD,Maryland,48.4,Million dollars
2022,PAEIV,All petroleum products total expenditures in the electric power sector,ME,Maine,68.6,Million dollars
2022,PAEIV,All petroleum products total expenditures in the electric power sector,MI,Michigan,51.6,Million dollars
2022,PAEIV,All petroleum products total expenditures in the electric power sector,MN,Minnesota,14.5,Million dollars
2022,PAEIV,All petroleum products total expenditures in the electric power sector,MO,Missouri,57,Million dollars
2022,PAEIV,All petroleum products total expenditures in the electric power sector,MS,Mississippi,1.7,Million dollars
2022,PAEIV,All petroleum products total expenditures in the electric power sector,MT,Montana,41.4,Million dollars
2022,PAEIV,All petroleum products total expenditures in the electric power sector,NC,North Carolina,74.2,Million dollars
2022,PAEIV,All petroleum products total expenditures in the electric power sector,ND,North Dakota,8.8,Million dollars
2022,PAEIV,All petroleum products total expenditures in the electric power sector,NE,Nebraska,11.1,Million dollars
2022,PAEIV,All petroleum products total expenditures in the electric power sector,NH,New Hampshire,79.6,Million dollars
2022,PAEIV,All petroleum products total expenditures in the electric power sector,NJ,New Jersey,21.4,Million dollars
2022,PAEIV,All petroleum products total expenditures in the electric power sector,NM,New Mexico,6.8,Million dollars
2022,PAEIV,All petroleum products total expenditures in the electric power sector,NV,Nevada,3,Million dollars
2022,PAEIV,All petroleum products total expenditures in the electric power sector,NY,New York,344.1,Million dollars
2022,PAEIV,All petroleum products total expenditures in the electric power sector,OH,Ohio,141.8,Million dollars
2022,PAEIV,All petroleum products total expenditures in the electric power sector,OK,Oklahoma,7.6,Million dollars
2022,PAEIV,All petroleum products total expenditures in the electric power sector,OR,Oregon,.3,Million dollars
2022,PAEIV,All petroleum products total expenditures in the electric power sector,PA,Pennsylvania,83.5,Million dollars
2022,PAEIV,All petroleum products total expenditures in the electric power sector,RI,Rhode Island,12,Million dollars
2022,PAEIV,All petroleum products total expenditures in the electric power sector,SC,South Carolina,55.3,Million dollars
2022,PAEIV,All petroleum products total expenditures in the electric power sector,SD,South Dakota,5.9,Million dollars
2022,PAEIV,All petroleum products total expenditures in the electric power sector,TN,Tennessee,56.9,Million dollars
2022,PAEIV,All petroleum products total expenditures in the electric power sector,TX,Texas,82.4,Million dollars
2022,PAEIV,All petroleum products total expenditures in the electric power sector,UT,Utah,9.2,Million dollars
2022,PAEIV,All petroleum products total expenditures in the electric power sector,VA,Virginia,126.4,Million dollars
2022,PAEIV,All petroleum products total expenditures in the electric power sector,VT,Vermont,1.4,Million dollars
2022,PAEIV,All petroleum products total expenditures in the electric power sector,WA,Washington,6.3,Million dollars
2022,PAEIV,All petroleum products total expenditures in the electric power sector,WI,Wisconsin,18,Million dollars
2022,PAEIV,All petroleum products total expenditures in the electric power sector,WV,West Virginia,43,Million dollars
2022,PAEIV,All petroleum products total expenditures in the electric power sector,WY,Wyoming,14.2,Million dollars
2022,PMTCE,"Total petroleum, excluding biofuels, CO2 emissions for all sectors",AK,Alaska,18,Million metric tons CO2  
2022,PMTCE,"Total petroleum, excluding biofuels, CO2 emissions for all sectors",AL,Alabama,39.8,Million metric tons CO2  
2022,PMTCE,"Total petroleum, excluding biofuels, CO2 emissions for all sectors",AR,Arkansas,22.2,Million metric tons CO2  
2022,PMTCE,"Total petroleum, excluding biofuels, CO2 emissions for all sectors",AZ,Arizona,40.9,Million metric tons CO2  
2022,PMTCE,"Total petroleum, excluding biofuels, CO2 emissions for all sectors",CA,California,210,Million metric tons CO2  
2022,PMTCE,"Total petroleum, excluding biofuels, CO2 emissions for all sectors",CO,Colorado,36.7,Million metric tons CO2  
2022,PMTCE,"Total petroleum, excluding biofuels, CO2 emissions for all sectors",CT,Connecticut,20.8,Million metric tons CO2  
2022,PMTCE,"Total petroleum, excluding biofuels, CO2 emissions for all sectors",DC,District of Columbia,1.1,Million metric tons CO2  
2022,PMTCE,"Total petroleum, excluding biofuels, CO2 emissions for all sectors",DE,Delaware,7.8,Million metric tons CO2  
2022,PMTCE,"Total petroleum, excluding biofuels, CO2 emissions for all sectors",FL,Florida,127.4,Million metric tons CO2  
2022,PMTCE,"Total petroleum, excluding biofuels, CO2 emissions for all sectors",GA,Georgia,65,Million metric tons CO2  
2022,PMTCE,"Total petroleum, excluding biofuels, CO2 emissions for all sectors",HI,Hawaii,17.4,Million metric tons CO2  
2022,PMTCE,"Total petroleum, excluding biofuels, CO2 emissions for all sectors",IA,Iowa,27.2,Million metric tons CO2  
2022,PMTCE,"Total petroleum, excluding biofuels, CO2 emissions for all sectors",ID,Idaho,13.2,Million metric tons CO2  
2022,PMTCE,"Total petroleum, excluding biofuels, CO2 emissions for all sectors",IL,Illinois,76.6,Million metric tons CO2  
2022,PMTCE,"Total petroleum, excluding biofuels, CO2 emissions for all sectors",IN,Indiana,47.5,Million metric tons CO2  
2022,PMTCE,"Total petroleum, excluding biofuels, CO2 emissions for all sectors",KS,Kansas,24.1,Million metric tons CO2  
2022,PMTCE,"Total petroleum, excluding biofuels, CO2 emissions for all sectors",KY,Kentucky,38.6,Million metric tons CO2  
2022,PMTCE,"Total petroleum, excluding biofuels, CO2 emissions for all sectors",LA,Louisiana,76,Million metric tons CO2  
2022,PMTCE,"Total petroleum, excluding biofuels, CO2 emissions for all sectors",MA,Massachusetts,36.5,Million metric tons CO2  
2022,PMTCE,"Total petroleum, excluding biofuels, CO2 emissions for all sectors",MD,Maryland,28.3,Million metric tons CO2  
2022,PMTCE,"Total petroleum, excluding biofuels, CO2 emissions for all sectors",ME,Maine,11.6,Million metric tons CO2  
2022,PMTCE,"Total petroleum, excluding biofuels, CO2 emissions for all sectors",MI,Michigan,56.5,Million metric tons CO2  
2022,PMTCE,"Total petroleum, excluding biofuels, CO2 emissions for all sectors",MN,Minnesota,38.5,Million metric tons CO2  
2022,PMTCE,"Total petroleum, excluding biofuels, CO2 emissions for all sectors",MO,Missouri,41.8,Million metric tons CO2  
2022,PMTCE,"Total petroleum, excluding biofuels, CO2 emissions for all sectors",MS,Mississippi,26.3,Million metric tons CO2  
2022,PMTCE,"Total petroleum, excluding biofuels, CO2 emissions for all sectors",MT,Montana,12.1,Million metric tons CO2  
2022,PMTCE,"Total petroleum, excluding biofuels, CO2 emissions for all sectors",NC,North Carolina,62,Million metric tons CO2  
2022,PMTCE,"Total petroleum, excluding biofuels, CO2 emissions for all sectors",ND,North Dakota,11.7,Million metric tons CO2  
2022,PMTCE,"Total petroleum, excluding biofuels, CO2 emissions for all sectors",NE,Nebraska,16.5,Million metric tons CO2  
2022,PMTCE,"Total petroleum, excluding biofuels, CO2 emissions for all sectors",NH,New Hampshire,10.3,Million metric tons CO2  
2022,PMTCE,"Total petroleum, excluding biofuels, CO2 emissions for all sectors",NJ,New Jersey,52.3,Million metric tons CO2  
2022,PMTCE,"Total petroleum, excluding biofuels, CO2 emissions for all sectors",NM,New Mexico,17.7,Million metric tons CO2  
2022,PMTCE,"Total petroleum, excluding biofuels, CO2 emissions for all sectors",NV,Nevada,21.1,Million metric tons CO2  
2022,PMTCE,"Total petroleum, excluding biofuels, CO2 emissions for all sectors",NY,New York,91.5,Million metric tons CO2  
2022,PMTCE,"Total petroleum, excluding biofuels, CO2 emissions for all sectors",OH,Ohio,70.4,Million metric tons CO2  
2022,PMTCE,"Total petroleum, excluding biofuels, CO2 emissions for all sectors",OK,Oklahoma,36.4,Million metric tons CO2  
2022,PMTCE,"Total petroleum, excluding biofuels, CO2 emissions for all sectors",OR,Oregon,21.6,Million metric tons CO2  
2022,PMTCE,"Total petroleum, excluding biofuels, CO2 emissions for all sectors",PA,Pennsylvania,71.4,Million metric tons CO2  
2022,PMTCE,"Total petroleum, excluding biofuels, CO2 emissions for all sectors",RI,Rhode Island,5.2,Million metric tons CO2  
2022,PMTCE,"Total petroleum, excluding biofuels, CO2 emissions for all sectors",SC,South Carolina,34.1,Million metric tons CO2  
2022,PMTCE,"Total petroleum, excluding biofuels, CO2 emissions for all sectors",SD,South Dakota,8,Million metric tons CO2  
2022,PMTCE,"Total petroleum, excluding biofuels, CO2 emissions for all sectors",TN,Tennessee,48.8,Million metric tons CO2  
2022,PMTCE,"Total petroleum, excluding biofuels, CO2 emissions for all sectors",TX,Texas,317.1,Million metric tons CO2  
2022,PMTCE,"Total petroleum, excluding biofuels, CO2 emissions for all sectors",UT,Utah,22.3,Million metric tons CO2  
2022,PMTCE,"Total petroleum, excluding biofuels, CO2 emissions for all sectors",VA,Virginia,55,Million metric tons CO2  
2022,PMTCE,"Total petroleum, excluding biofuels, CO2 emissions for all sectors",VT,Vermont,4.8,Million metric tons CO2  
2022,PMTCE,"Total petroleum, excluding biofuels, CO2 emissions for all sectors",WA,Washington,50.8,Million metric tons CO2  
2022,PMTCE,"Total petroleum, excluding biofuels, CO2 emissions for all sectors",WI,Wisconsin,35.9,Million metric tons CO2  
2022,PMTCE,"Total petroleum, excluding biofuels, CO2 emissions for all sectors",WV,West Virginia,13.2,Million metric tons CO2  
2022,PMTCE,"Total petroleum, excluding biofuels, CO2 emissions for all sectors",WY,Wyoming,10,Million metric tons CO2  
2021,CLEIV,Coal expenditures in the electric power sector,AK,Alaska,38.1,Million dollars
2021,CLEIV,Coal expenditures in the electric power sector,AL,Alabama,591.7,Million dollars
2021,CLEIV,Coal expenditures in the electric power sector,AR,Arkansas,442.5,Million dollars
2021,CLEIV,Coal expenditures in the electric power sector,AZ,Arizona,355.3,Million dollars
2021,CLEIV,Coal expenditures in the electric power sector,CA,California,0,Million dollars
2021,CLEIV,Coal expenditures in the electric power sector,CO,Colorado,398.7,Million dollars
2021,CLEIV,Coal expenditures in the electric power sector,CT,Connecticut,11.5,Million dollars
2021,CLEIV,Coal expenditures in the electric power sector,DC,District of Columbia,0,Million dollars
2021,CLEIV,Coal expenditures in the electric power sector,DE,Delaware,11,Million dollars
2021,CLEIV,Coal expenditures in the electric power sector,FL,Florida,517.2,Million dollars
2021,CLEIV,Coal expenditures in the electric power sector,GA,Georgia,540.9,Million dollars
2021,CLEIV,Coal expenditures in the electric power sector,HI,Hawaii,42.4,Million dollars
2021,CLEIV,Coal expenditures in the electric power sector,IA,Iowa,360,Million dollars
2021,CLEIV,Coal expenditures in the electric power sector,ID,Idaho,0,Million dollars
2021,CLEIV,Coal expenditures in the electric power sector,IL,Illinois,772.6,Million dollars
2021,CLEIV,Coal expenditures in the electric power sector,IN,Indiana,1359.7,Million dollars
2021,CLEIV,Coal expenditures in the electric power sector,KS,Kansas,312.3,Million dollars
2021,CLEIV,Coal expenditures in the electric power sector,KY,Kentucky,1000.8,Million dollars
2021,CLEIV,Coal expenditures in the electric power sector,LA,Louisiana,468.5,Million dollars
2021,CLEIV,Coal expenditures in the electric power sector,MA,Massachusetts,0,Million dollars
2021,CLEIV,Coal expenditures in the electric power sector,MD,Maryland,144.1,Million dollars
2021,CLEIV,Coal expenditures in the electric power sector,ME,Maine,6.3,Million dollars
2021,CLEIV,Coal expenditures in the electric power sector,MI,Michigan,804.1,Million dollars
2021,CLEIV,Coal expenditures in the electric power sector,MN,Minnesota,353,Million dollars
2021,CLEIV,Coal expenditures in the electric power sector,MO,Missouri,987.4,Million dollars
2021,CLEIV,Coal expenditures in the electric power sector,MS,Mississippi,159.3,Million dollars
2021,CLEIV,Coal expenditures in the electric power sector,MT,Montana,273.7,Million dollars
2021,CLEIV,Coal expenditures in the electric power sector,NC,North Carolina,564.9,Million dollars
2021,CLEIV,Coal expenditures in the electric power sector,ND,North Dakota,445,Million dollars
2021,CLEIV,Coal expenditures in the electric power sector,NE,Nebraska,234.2,Million dollars
2021,CLEIV,Coal expenditures in the electric power sector,NH,New Hampshire,13,Million dollars
2021,CLEIV,Coal expenditures in the electric power sector,NJ,New Jersey,39.8,Million dollars
2021,CLEIV,Coal expenditures in the electric power sector,NM,New Mexico,344.7,Million dollars
2021,CLEIV,Coal expenditures in the electric power sector,NV,Nevada,70.8,Million dollars
2021,CLEIV,Coal expenditures in the electric power sector,NY,New York,0,Million dollars
2021,CLEIV,Coal expenditures in the electric power sector,OH,Ohio,782.1,Million dollars
2021,CLEIV,Coal expenditures in the electric power sector,OK,Oklahoma,223.3,Million dollars
2021,CLEIV,Coal expenditures in the electric power sector,OR,Oregon,0,Million dollars
2021,CLEIV,Coal expenditures in the electric power sector,PA,Pennsylvania,923.5,Million dollars
2021,CLEIV,Coal expenditures in the electric power sector,RI,Rhode Island,0,Million dollars
2021,CLEIV,Coal expenditures in the electric power sector,SC,South Carolina,463.2,Million dollars
2021,CLEIV,Coal expenditures in the electric power sector,SD,South Dakota,34.2,Million dollars
2021,CLEIV,Coal expenditures in the electric power sector,TN,Tennessee,377.6,Million dollars
2021,CLEIV,Coal expenditures in the electric power sector,TX,Texas,2081.8,Million dollars
2021,CLEIV,Coal expenditures in the electric power sector,UT,Utah,533.3,Million dollars
2021,CLEIV,Coal expenditures in the electric power sector,VA,Virginia,75.9,Million dollars
2021,CLEIV,Coal expenditures in the electric power sector,VT,Vermont,0,Million dollars
2021,CLEIV,Coal expenditures in the electric power sector,WA,Washington,99.2,Million dollars
2021,CLEIV,Coal expenditures in the electric power sector,WI,Wisconsin,567.9,Million dollars
2021,CLEIV,Coal expenditures in the electric power sector,WV,West Virginia,1168.5,Million dollars
2021,CLEIV,Coal expenditures in the electric power sector,WY,Wyoming,593.4,Million dollars
2021,CLTCE,Coal CO2 emissions for all sectors,AK,Alaska,1.8,Million metric tons CO2  
2021,CLTCE,Coal CO2 emissions for all sectors,AL,Alabama,29.6,Million metric tons CO2  
2021,CLTCE,Coal CO2 emissions for all sectors,AR,Arkansas,20.7,Million metric tons CO2  
2021,CLTCE,Coal CO2 emissions for all sectors,AZ,Arizona,15.4,Million metric tons CO2  
2021,CLTCE,Coal CO2 emissions for all sectors,CA,California,2.7,Million metric tons CO2  
2021,CLTCE,Coal CO2 emissions for all sectors,CO,Colorado,24.2,Million metric tons CO2  
2021,CLTCE,Coal CO2 emissions for all sectors,CT,Connecticut,.3,Million metric tons CO2  
2021,CLTCE,Coal CO2 emissions for all sectors,DC,District of Columbia,0,Million metric tons CO2  
2021,CLTCE,Coal CO2 emissions for all sectors,DE,Delaware,.4,Million metric tons CO2  
2021,CLTCE,Coal CO2 emissions for all sectors,FL,Florida,19.2,Million metric tons CO2  
2021,CLTCE,Coal CO2 emissions for all sectors,GA,Georgia,19.5,Million metric tons CO2  
2021,CLTCE,Coal CO2 emissions for all sectors,HI,Hawaii,1.2,Million metric tons CO2  
2021,CLTCE,Coal CO2 emissions for all sectors,IA,Iowa,25.3,Million metric tons CO2  
2021,CLTCE,Coal CO2 emissions for all sectors,ID,Idaho,.3,Million metric tons CO2  
2021,CLTCE,Coal CO2 emissions for all sectors,IL,Illinois,50,Million metric tons CO2  
2021,CLTCE,Coal CO2 emissions for all sectors,IN,Indiana,71.7,Million metric tons CO2  
2021,CLTCE,Coal CO2 emissions for all sectors,KS,Kansas,21,Million metric tons CO2  
2021,CLTCE,Coal CO2 emissions for all sectors,KY,Kentucky,52.5,Million metric tons CO2  
2021,CLTCE,Coal CO2 emissions for all sectors,LA,Louisiana,9.2,Million metric tons CO2  
2021,CLTCE,Coal CO2 emissions for all sectors,MA,Massachusetts,0,Million metric tons CO2  
2021,CLTCE,Coal CO2 emissions for all sectors,MD,Maryland,6.6,Million metric tons CO2  
2021,CLTCE,Coal CO2 emissions for all sectors,ME,Maine,.2,Million metric tons CO2  
2021,CLTCE,Coal CO2 emissions for all sectors,MI,Michigan,41.6,Million metric tons CO2  
2021,CLTCE,Coal CO2 emissions for all sectors,MN,Minnesota,17.2,Million metric tons CO2  
2021,CLTCE,Coal CO2 emissions for all sectors,MO,Missouri,59.1,Million metric tons CO2  
2021,CLTCE,Coal CO2 emissions for all sectors,MS,Mississippi,6.2,Million metric tons CO2  
2021,CLTCE,Coal CO2 emissions for all sectors,MT,Montana,11.8,Million metric tons CO2  
2021,CLTCE,Coal CO2 emissions for all sectors,NC,North Carolina,21.3,Million metric tons CO2  
2021,CLTCE,Coal CO2 emissions for all sectors,ND,North Dakota,34.7,Million metric tons CO2  
2021,CLTCE,Coal CO2 emissions for all sectors,NE,Nebraska,20.7,Million metric tons CO2  
2021,CLTCE,Coal CO2 emissions for all sectors,NH,New Hampshire,.3,Million metric tons CO2  
2021,CLTCE,Coal CO2 emissions for all sectors,NJ,New Jersey,1.2,Million metric tons CO2  
2021,CLTCE,Coal CO2 emissions for all sectors,NM,New Mexico,12.8,Million metric tons CO2  
2021,CLTCE,Coal CO2 emissions for all sectors,NV,Nevada,3.4,Million metric tons CO2  
2021,CLTCE,Coal CO2 emissions for all sectors,NY,New York,.5,Million metric tons CO2  
2021,CLTCE,Coal CO2 emissions for all sectors,OH,Ohio,54.8,Million metric tons CO2  
2021,CLTCE,Coal CO2 emissions for all sectors,OK,Oklahoma,12.6,Million metric tons CO2  
2021,CLTCE,Coal CO2 emissions for all sectors,OR,Oregon,.1,Million metric tons CO2  
2021,CLTCE,Coal CO2 emissions for all sectors,PA,Pennsylvania,45.9,Million metric tons CO2  
2021,CLTCE,Coal CO2 emissions for all sectors,RI,Rhode Island,0,Million metric tons CO2  
2021,CLTCE,Coal CO2 emissions for all sectors,SC,South Carolina,15.6,Million metric tons CO2  
2021,CLTCE,Coal CO2 emissions for all sectors,SD,South Dakota,2.1,Million metric tons CO2  
2021,CLTCE,Coal CO2 emissions for all sectors,TN,Tennessee,21.6,Million metric tons CO2  
2021,CLTCE,Coal CO2 emissions for all sectors,TX,Texas,92.8,Million metric tons CO2  
2021,CLTCE,Coal CO2 emissions for all sectors,UT,Utah,26.5,Million metric tons CO2  
2021,CLTCE,Coal CO2 emissions for all sectors,VA,Virginia,6.5,Million metric tons CO2  
2021,CLTCE,Coal CO2 emissions for all sectors,VT,Vermont,0,Million metric tons CO2  
2021,CLTCE,Coal CO2 emissions for all sectors,WA,Washington,3.5,Million metric tons CO2  
2021,CLTCE,Coal CO2 emissions for all sectors,WI,Wisconsin,27.5,Million metric tons CO2  
2021,CLTCE,Coal CO2 emissions for all sectors,WV,West Virginia,60.6,Million metric tons CO2  
2021,CLTCE,Coal CO2 emissions for all sectors,WY,Wyoming,36.1,Million metric tons CO2  
2021,FFTCE,Fossil fuel CO2 emissions for all sectors,AK,Alaska,39.8,Million metric tons CO2
2021,FFTCE,Fossil fuel CO2 emissions for all sectors,AL,Alabama,108.4,Million metric tons CO2
2021,FFTCE,Fossil fuel CO2 emissions for all sectors,AR,Arkansas,61.8,Million metric tons CO2
2021,FFTCE,Fossil fuel CO2 emissions for all sectors,AZ,Arizona,82.8,Million metric tons CO2
2021,FFTCE,Fossil fuel CO2 emissions for all sectors,CA,California,321.9,Million metric tons CO2
2021,FFTCE,Fossil fuel CO2 emissions for all sectors,CO,Colorado,84.8,Million metric tons CO2
2021,FFTCE,Fossil fuel CO2 emissions for all sectors,CT,Connecticut,36.2,Million metric tons CO2
2021,FFTCE,Fossil fuel CO2 emissions for all sectors,DC,District of Columbia,2.6,Million metric tons CO2
2021,FFTCE,Fossil fuel CO2 emissions for all sectors,DE,Delaware,12.7,Million metric tons CO2
2021,FFTCE,Fossil fuel CO2 emissions for all sectors,FL,Florida,225.6,Million metric tons CO2
2021,FFTCE,Fossil fuel CO2 emissions for all sectors,GA,Georgia,123.8,Million metric tons CO2
2021,FFTCE,Fossil fuel CO2 emissions for all sectors,HI,Hawaii,17.2,Million metric tons CO2
2021,FFTCE,Fossil fuel CO2 emissions for all sectors,IA,Iowa,71.1,Million metric tons CO2
2021,FFTCE,Fossil fuel CO2 emissions for all sectors,ID,Idaho,20.4,Million metric tons CO2
2021,FFTCE,Fossil fuel CO2 emissions for all sectors,IL,Illinois,183.1,Million metric tons CO2
2021,FFTCE,Fossil fuel CO2 emissions for all sectors,IN,Indiana,165.6,Million metric tons CO2
2021,FFTCE,Fossil fuel CO2 emissions for all sectors,KS,Kansas,59.6,Million metric tons CO2
2021,FFTCE,Fossil fuel CO2 emissions for all sectors,KY,Kentucky,110.9,Million metric tons CO2
2021,FFTCE,Fossil fuel CO2 emissions for all sectors,LA,Louisiana,188.1,Million metric tons CO2
2021,FFTCE,Fossil fuel CO2 emissions for all sectors,MA,Massachusetts,56,Million metric tons CO2
2021,FFTCE,Fossil fuel CO2 emissions for all sectors,MD,Maryland,52.3,Million metric tons CO2
2021,FFTCE,Fossil fuel CO2 emissions for all sectors,ME,Maine,14.4,Million metric tons CO2
2021,FFTCE,Fossil fuel CO2 emissions for all sectors,MI,Michigan,147.4,Million metric tons CO2
2021,FFTCE,Fossil fuel CO2 emissions for all sectors,MN,Minnesota,82.5,Million metric tons CO2
2021,FFTCE,Fossil fuel CO2 emissions for all sectors,MO,Missouri,116.5,Million metric tons CO2
2021,FFTCE,Fossil fuel CO2 emissions for all sectors,MS,Mississippi,62.8,Million metric tons CO2
2021,FFTCE,Fossil fuel CO2 emissions for all sectors,MT,Montana,28.4,Million metric tons CO2
2021,FFTCE,Fossil fuel CO2 emissions for all sectors,NC,North Carolina,115.3,Million metric tons CO2
2021,FFTCE,Fossil fuel CO2 emissions for all sectors,ND,North Dakota,56.2,Million metric tons CO2
2021,FFTCE,Fossil fuel CO2 emissions for all sectors,NE,Nebraska,47.1,Million metric tons CO2
2021,FFTCE,Fossil fuel CO2 emissions for all sectors,NH,New Hampshire,13.3,Million metric tons CO2
2021,FFTCE,Fossil fuel CO2 emissions for all sectors,NJ,New Jersey,88.7,Million metric tons CO2
2021,FFTCE,Fossil fuel CO2 emissions for all sectors,NM,New Mexico,45.8,Million metric tons CO2
2021,FFTCE,Fossil fuel CO2 emissions for all sectors,NV,Nevada,39.5,Million metric tons CO2
2021,FFTCE,Fossil fuel CO2 emissions for all sectors,NY,New York,157.6,Million metric tons CO2
2021,FFTCE,Fossil fuel CO2 emissions for all sectors,OH,Ohio,193.4,Million metric tons CO2
2021,FFTCE,Fossil fuel CO2 emissions for all sectors,OK,Oklahoma,87.5,Million metric tons CO2
2021,FFTCE,Fossil fuel CO2 emissions for all sectors,OR,Oregon,38,Million metric tons CO2
2021,FFTCE,Fossil fuel CO2 emissions for all sectors,PA,Pennsylvania,213.9,Million metric tons CO2
2021,FFTCE,Fossil fuel CO2 emissions for all sectors,RI,Rhode Island,10.6,Million metric tons CO2
2021,FFTCE,Fossil fuel CO2 emissions for all sectors,SC,South Carolina,69,Million metric tons CO2
2021,FFTCE,Fossil fuel CO2 emissions for all sectors,SD,South Dakota,15.1,Million metric tons CO2
2021,FFTCE,Fossil fuel CO2 emissions for all sectors,TN,Tennessee,92.2,Million metric tons CO2
2021,FFTCE,Fossil fuel CO2 emissions for all sectors,TX,Texas,662.8,Million metric tons CO2
2021,FFTCE,Fossil fuel CO2 emissions for all sectors,UT,Utah,62.1,Million metric tons CO2
2021,FFTCE,Fossil fuel CO2 emissions for all sectors,VA,Virginia,98.1,Million metric tons CO2
2021,FFTCE,Fossil fuel CO2 emissions for all sectors,VT,Vermont,5.5,Million metric tons CO2
2021,FFTCE,Fossil fuel CO2 emissions for all sectors,WA,Washington,73.5,Million metric tons CO2
2021,FFTCE,Fossil fuel CO2 emissions for all sectors,WI,Wisconsin,92.4,Million metric tons CO2
2021,FFTCE,Fossil fuel CO2 emissions for all sectors,WV,West Virginia,88.2,Million metric tons CO2
2021,FFTCE,Fossil fuel CO2 emissions for all sectors,WY,Wyoming,54.5,Million metric tons CO2
2021,NGEIV,Natural gas expenditures in the electric power sector (including supplemental gaseous fuels),AK,Alaska,159.4,Million dollars
2021,NGEIV,Natural gas expenditures in the electric power sector (including supplemental gaseous fuels),AL,Alabama,1720.8,Million dollars
2021,NGEIV,Natural gas expenditures in the electric power sector (including supplemental gaseous fuels),AR,Arkansas,1072.9,Million dollars
2021,NGEIV,Natural gas expenditures in the electric power sector (including supplemental gaseous fuels),AZ,Arizona,1764.5,Million dollars
2021,NGEIV,Natural gas expenditures in the electric power sector (including supplemental gaseous fuels),CA,California,3598.7,Million dollars
2021,NGEIV,Natural gas expenditures in the electric power sector (including supplemental gaseous fuels),CO,Colorado,943.3,Million dollars
2021,NGEIV,Natural gas expenditures in the electric power sector (including supplemental gaseous fuels),CT,Connecticut,789.7,Million dollars
2021,NGEIV,Natural gas expenditures in the electric power sector (including supplemental gaseous fuels),DC,District of Columbia,0,Million dollars
2021,NGEIV,Natural gas expenditures in the electric power sector (including supplemental gaseous fuels),DE,Delaware,86.2,Million dollars
2021,NGEIV,Natural gas expenditures in the electric power sector (including supplemental gaseous fuels),FL,Florida,6848,Million dollars
2021,NGEIV,Natural gas expenditures in the electric power sector (including supplemental gaseous fuels),GA,Georgia,1762.6,Million dollars
2021,NGEIV,Natural gas expenditures in the electric power sector (including supplemental gaseous fuels),HI,Hawaii,0,Million dollars
2021,NGEIV,Natural gas expenditures in the electric power sector (including supplemental gaseous fuels),IA,Iowa,188.1,Million dollars
2021,NGEIV,Natural gas expenditures in the electric power sector (including supplemental gaseous fuels),ID,Idaho,160.7,Million dollars
2021,NGEIV,Natural gas expenditures in the electric power sector (including supplemental gaseous fuels),IL,Illinois,738,Million dollars
2021,NGEIV,Natural gas expenditures in the electric power sector (including supplemental gaseous fuels),IN,Indiana,902.3,Million dollars
2021,NGEIV,Natural gas expenditures in the electric power sector (including supplemental gaseous fuels),KS,Kansas,223.3,Million dollars
2021,NGEIV,Natural gas expenditures in the electric power sector (including supplemental gaseous fuels),KY,Kentucky,468,Million dollars
2021,NGEIV,Natural gas expenditures in the electric power sector (including supplemental gaseous fuels),LA,Louisiana,1719.9,Million dollars
2021,NGEIV,Natural gas expenditures in the electric power sector (including supplemental gaseous fuels),MA,Massachusetts,660.2,Million dollars
2021,NGEIV,Natural gas expenditures in the electric power sector (including supplemental gaseous fuels),MD,Maryland,445.9,Million dollars
2021,NGEIV,Natural gas expenditures in the electric power sector (including supplemental gaseous fuels),ME,Maine,114.3,Million dollars
2021,NGEIV,Natural gas expenditures in the electric power sector (including supplemental gaseous fuels),MI,Michigan,1068.7,Million dollars
2021,NGEIV,Natural gas expenditures in the electric power sector (including supplemental gaseous fuels),MN,Minnesota,453.5,Million dollars
2021,NGEIV,Natural gas expenditures in the electric power sector (including supplemental gaseous fuels),MO,Missouri,545.9,Million dollars
2021,NGEIV,Natural gas expenditures in the electric power sector (including supplemental gaseous fuels),MS,Mississippi,1417.2,Million dollars
2021,NGEIV,Natural gas expenditures in the electric power sector (including supplemental gaseous fuels),MT,Montana,19.6,Million dollars
2021,NGEIV,Natural gas expenditures in the electric power sector (including supplemental gaseous fuels),NC,North Carolina,1641.7,Million dollars
2021,NGEIV,Natural gas expenditures in the electric power sector (including supplemental gaseous fuels),ND,North Dakota,46.1,Million dollars
2021,NGEIV,Natural gas expenditures in the electric power sector (including supplemental gaseous fuels),NE,Nebraska,151,Million dollars
2021,NGEIV,Natural gas expenditures in the electric power sector (including supplemental gaseous fuels),NH,New Hampshire,145.1,Million dollars
2021,NGEIV,Natural gas expenditures in the electric power sector (including supplemental gaseous fuels),NJ,New Jersey,829.3,Million dollars
2021,NGEIV,Natural gas expenditures in the electric power sector (including supplemental gaseous fuels),NM,New Mexico,459.1,Million dollars
2021,NGEIV,Natural gas expenditures in the electric power sector (including supplemental gaseous fuels),NV,Nevada,917.3,Million dollars
2021,NGEIV,Natural gas expenditures in the electric power sector (including supplemental gaseous fuels),NY,New York,1811.8,Million dollars
2021,NGEIV,Natural gas expenditures in the electric power sector (including supplemental gaseous fuels),OH,Ohio,1516.1,Million dollars
2021,NGEIV,Natural gas expenditures in the electric power sector (including supplemental gaseous fuels),OK,Oklahoma,3385.2,Million dollars
2021,NGEIV,Natural gas expenditures in the electric power sector (including supplemental gaseous fuels),OR,Oregon,543.7,Million dollars
2021,NGEIV,Natural gas expenditures in the electric power sector (including supplemental gaseous fuels),PA,Pennsylvania,2923.2,Million dollars
2021,NGEIV,Natural gas expenditures in the electric power sector (including supplemental gaseous fuels),RI,Rhode Island,278,Million dollars
2021,NGEIV,Natural gas expenditures in the electric power sector (including supplemental gaseous fuels),SC,South Carolina,774,Million dollars
2021,NGEIV,Natural gas expenditures in the electric power sector (including supplemental gaseous fuels),SD,South Dakota,42,Million dollars
2021,NGEIV,Natural gas expenditures in the electric power sector (including supplemental gaseous fuels),TN,Tennessee,358.8,Million dollars
2021,NGEIV,Natural gas expenditures in the electric power sector (including supplemental gaseous fuels),TX,Texas,14914.8,Million dollars
2021,NGEIV,Natural gas expenditures in the electric power sector (including supplemental gaseous fuels),UT,Utah,352.4,Million dollars
2021,NGEIV,Natural gas expenditures in the electric power sector (including supplemental gaseous fuels),VA,Virginia,1573.4,Million dollars
2021,NGEIV,Natural gas expenditures in the electric power sector (including supplemental gaseous fuels),VT,Vermont,0,Million dollars
2021,NGEIV,Natural gas expenditures in the electric power sector (including supplemental gaseous fuels),WA,Washington,491.5,Million dollars
2021,NGEIV,Natural gas expenditures in the electric power sector (including supplemental gaseous fuels),WI,Wisconsin,571.7,Million dollars
2021,NGEIV,Natural gas expenditures in the electric power sector (including supplemental gaseous fuels),WV,West Virginia,87.2,Million dollars
2021,NGEIV,Natural gas expenditures in the electric power sector (including supplemental gaseous fuels),WY,Wyoming,48.8,Million dollars
2021,NNTCE,"Natural gas, excluding supplemental gaseous fuels, CO2 emissions for all sectors",AK,Alaska,20.2,Million metric tons CO2
2021,NNTCE,"Natural gas, excluding supplemental gaseous fuels, CO2 emissions for all sectors",AL,Alabama,38.6,Million metric tons CO2
2021,NNTCE,"Natural gas, excluding supplemental gaseous fuels, CO2 emissions for all sectors",AR,Arkansas,18.8,Million metric tons CO2
2021,NNTCE,"Natural gas, excluding supplemental gaseous fuels, CO2 emissions for all sectors",AZ,Arizona,25.6,Million metric tons CO2
2021,NNTCE,"Natural gas, excluding supplemental gaseous fuels, CO2 emissions for all sectors",CA,California,113.4,Million metric tons CO2
2021,NNTCE,"Natural gas, excluding supplemental gaseous fuels, CO2 emissions for all sectors",CO,Colorado,26.6,Million metric tons CO2
2021,NNTCE,"Natural gas, excluding supplemental gaseous fuels, CO2 emissions for all sectors",CT,Connecticut,16.1,Million metric tons CO2
2021,NNTCE,"Natural gas, excluding supplemental gaseous fuels, CO2 emissions for all sectors",DC,District of Columbia,1.5,Million metric tons CO2
2021,NNTCE,"Natural gas, excluding supplemental gaseous fuels, CO2 emissions for all sectors",DE,Delaware,4.3,Million metric tons CO2
2021,NNTCE,"Natural gas, excluding supplemental gaseous fuels, CO2 emissions for all sectors",FL,Florida,83.9,Million metric tons CO2
2021,NNTCE,"Natural gas, excluding supplemental gaseous fuels, CO2 emissions for all sectors",GA,Georgia,40.6,Million metric tons CO2
2021,NNTCE,"Natural gas, excluding supplemental gaseous fuels, CO2 emissions for all sectors",HI,Hawaii,0,Million metric tons CO2
2021,NNTCE,"Natural gas, excluding supplemental gaseous fuels, CO2 emissions for all sectors",IA,Iowa,19.8,Million metric tons CO2
2021,NNTCE,"Natural gas, excluding supplemental gaseous fuels, CO2 emissions for all sectors",ID,Idaho,7.1,Million metric tons CO2
2021,NNTCE,"Natural gas, excluding supplemental gaseous fuels, CO2 emissions for all sectors",IL,Illinois,57,Million metric tons CO2
2021,NNTCE,"Natural gas, excluding supplemental gaseous fuels, CO2 emissions for all sectors",IN,Indiana,45.1,Million metric tons CO2
2021,NNTCE,"Natural gas, excluding supplemental gaseous fuels, CO2 emissions for all sectors",KS,Kansas,15.1,Million metric tons CO2
2021,NNTCE,"Natural gas, excluding supplemental gaseous fuels, CO2 emissions for all sectors",KY,Kentucky,19.1,Million metric tons CO2
2021,NNTCE,"Natural gas, excluding supplemental gaseous fuels, CO2 emissions for all sectors",LA,Louisiana,95.9,Million metric tons CO2
2021,NNTCE,"Natural gas, excluding supplemental gaseous fuels, CO2 emissions for all sectors",MA,Massachusetts,21.3,Million metric tons CO2
2021,NNTCE,"Natural gas, excluding supplemental gaseous fuels, CO2 emissions for all sectors",MD,Maryland,15.8,Million metric tons CO2
2021,NNTCE,"Natural gas, excluding supplemental gaseous fuels, CO2 emissions for all sectors",ME,Maine,3,Million metric tons CO2
2021,NNTCE,"Natural gas, excluding supplemental gaseous fuels, CO2 emissions for all sectors",MI,Michigan,49.9,Million metric tons CO2
2021,NNTCE,"Natural gas, excluding supplemental gaseous fuels, CO2 emissions for all sectors",MN,Minnesota,27.4,Million metric tons CO2
2021,NNTCE,"Natural gas, excluding supplemental gaseous fuels, CO2 emissions for all sectors",MO,Missouri,15.4,Million metric tons CO2
2021,NNTCE,"Natural gas, excluding supplemental gaseous fuels, CO2 emissions for all sectors",MS,Mississippi,30.2,Million metric tons CO2
2021,NNTCE,"Natural gas, excluding supplemental gaseous fuels, CO2 emissions for all sectors",MT,Montana,4.5,Million metric tons CO2
2021,NNTCE,"Natural gas, excluding supplemental gaseous fuels, CO2 emissions for all sectors",NC,North Carolina,33.5,Million metric tons CO2
2021,NNTCE,"Natural gas, excluding supplemental gaseous fuels, CO2 emissions for all sectors",ND,North Dakota,9.9,Million metric tons CO2
2021,NNTCE,"Natural gas, excluding supplemental gaseous fuels, CO2 emissions for all sectors",NE,Nebraska,9.9,Million metric tons CO2
2021,NNTCE,"Natural gas, excluding supplemental gaseous fuels, CO2 emissions for all sectors",NH,New Hampshire,3.2,Million metric tons CO2
2021,NNTCE,"Natural gas, excluding supplemental gaseous fuels, CO2 emissions for all sectors",NJ,New Jersey,36.7,Million metric tons CO2
2021,NNTCE,"Natural gas, excluding supplemental gaseous fuels, CO2 emissions for all sectors",NM,New Mexico,14.9,Million metric tons CO2
2021,NNTCE,"Natural gas, excluding supplemental gaseous fuels, CO2 emissions for all sectors",NV,Nevada,16.1,Million metric tons CO2
2021,NNTCE,"Natural gas, excluding supplemental gaseous fuels, CO2 emissions for all sectors",NY,New York,71.7,Million metric tons CO2
2021,NNTCE,"Natural gas, excluding supplemental gaseous fuels, CO2 emissions for all sectors",OH,Ohio,67.8,Million metric tons CO2
2021,NNTCE,"Natural gas, excluding supplemental gaseous fuels, CO2 emissions for all sectors",OK,Oklahoma,38.8,Million metric tons CO2
2021,NNTCE,"Natural gas, excluding supplemental gaseous fuels, CO2 emissions for all sectors",OR,Oregon,16,Million metric tons CO2
2021,NNTCE,"Natural gas, excluding supplemental gaseous fuels, CO2 emissions for all sectors",PA,Pennsylvania,97.7,Million metric tons CO2
2021,NNTCE,"Natural gas, excluding supplemental gaseous fuels, CO2 emissions for all sectors",RI,Rhode Island,5.6,Million metric tons CO2
2021,NNTCE,"Natural gas, excluding supplemental gaseous fuels, CO2 emissions for all sectors",SC,South Carolina,18.3,Million metric tons CO2
2021,NNTCE,"Natural gas, excluding supplemental gaseous fuels, CO2 emissions for all sectors",SD,South Dakota,5,Million metric tons CO2
2021,NNTCE,"Natural gas, excluding supplemental gaseous fuels, CO2 emissions for all sectors",TN,Tennessee,21.5,Million metric tons CO2
2021,NNTCE,"Natural gas, excluding supplemental gaseous fuels, CO2 emissions for all sectors",TX,Texas,247.2,Million metric tons CO2
2021,NNTCE,"Natural gas, excluding supplemental gaseous fuels, CO2 emissions for all sectors",UT,Utah,14.4,Million metric tons CO2
2021,NNTCE,"Natural gas, excluding supplemental gaseous fuels, CO2 emissions for all sectors",VA,Virginia,36.8,Million metric tons CO2
2021,NNTCE,"Natural gas, excluding supplemental gaseous fuels, CO2 emissions for all sectors",VT,Vermont,.7,Million metric tons CO2
2021,NNTCE,"Natural gas, excluding supplemental gaseous fuels, CO2 emissions for all sectors",WA,Washington,20.2,Million metric tons CO2
2021,NNTCE,"Natural gas, excluding supplemental gaseous fuels, CO2 emissions for all sectors",WI,Wisconsin,29.4,Million metric tons CO2
2021,NNTCE,"Natural gas, excluding supplemental gaseous fuels, CO2 emissions for all sectors",WV,West Virginia,14.3,Million metric tons CO2
2021,NNTCE,"Natural gas, excluding supplemental gaseous fuels, CO2 emissions for all sectors",WY,Wyoming,8.3,Million metric tons CO2
2021,NUEGV,Nuclear fuel expenditures in the electric power sector,AK,Alaska,0,Million dollars
2021,NUEGV,Nuclear fuel expenditures in the electric power sector,AL,Alabama,303.7,Million dollars
2021,NUEGV,Nuclear fuel expenditures in the electric power sector,AR,Arkansas,75.2,Million dollars
2021,NUEGV,Nuclear fuel expenditures in the electric power sector,AZ,Arizona,215.6,Million dollars
2021,NUEGV,Nuclear fuel expenditures in the electric power sector,CA,California,121.9,Million dollars
2021,NUEGV,Nuclear fuel expenditures in the electric power sector,CO,Colorado,0,Million dollars
2021,NUEGV,Nuclear fuel expenditures in the electric power sector,CT,Connecticut,131.1,Million dollars
2021,NUEGV,Nuclear fuel expenditures in the electric power sector,DC,District of Columbia,0,Million dollars
2021,NUEGV,Nuclear fuel expenditures in the electric power sector,DE,Delaware,0,Million dollars
2021,NUEGV,Nuclear fuel expenditures in the electric power sector,FL,Florida,168.1,Million dollars
2021,NUEGV,Nuclear fuel expenditures in the electric power sector,GA,Georgia,265.9,Million dollars
2021,NUEGV,Nuclear fuel expenditures in the electric power sector,HI,Hawaii,0,Million dollars
2021,NUEGV,Nuclear fuel expenditures in the electric power sector,IA,Iowa,0,Million dollars
2021,NUEGV,Nuclear fuel expenditures in the electric power sector,ID,Idaho,0,Million dollars
2021,NUEGV,Nuclear fuel expenditures in the electric power sector,IL,Illinois,667.5,Million dollars
2021,NUEGV,Nuclear fuel expenditures in the electric power sector,IN,Indiana,0,Million dollars
2021,NUEGV,Nuclear fuel expenditures in the electric power sector,KS,Kansas,55.1,Million dollars
2021,NUEGV,Nuclear fuel expenditures in the electric power sector,KY,Kentucky,0,Million dollars
2021,NUEGV,Nuclear fuel expenditures in the electric power sector,LA,Louisiana,96.3,Million dollars
2021,NUEGV,Nuclear fuel expenditures in the electric power sector,MA,Massachusetts,0,Million dollars
2021,NUEGV,Nuclear fuel expenditures in the electric power sector,MD,Maryland,114.1,Million dollars
2021,NUEGV,Nuclear fuel expenditures in the electric power sector,ME,Maine,0,Million dollars
2021,NUEGV,Nuclear fuel expenditures in the electric power sector,MI,Michigan,199.2,Million dollars
2021,NUEGV,Nuclear fuel expenditures in the electric power sector,MN,Minnesota,114.1,Million dollars
2021,NUEGV,Nuclear fuel expenditures in the electric power sector,MO,Missouri,57.6,Million dollars
2021,NUEGV,Nuclear fuel expenditures in the electric power sector,MS,Mississippi,64.8,Million dollars
2021,NUEGV,Nuclear fuel expenditures in the electric power sector,MT,Montana,0,Million dollars
2021,NUEGV,Nuclear fuel expenditures in the electric power sector,NC,North Carolina,361.7,Million dollars
2021,NUEGV,Nuclear fuel expenditures in the electric power sector,ND,North Dakota,0,Million dollars
2021,NUEGV,Nuclear fuel expenditures in the electric power sector,NE,Nebraska,43.9,Million dollars
2021,NUEGV,Nuclear fuel expenditures in the electric power sector,NH,New Hampshire,75,Million dollars
2021,NUEGV,Nuclear fuel expenditures in the electric power sector,NJ,New Jersey,203.1,Million dollars
2021,NUEGV,Nuclear fuel expenditures in the electric power sector,NM,New Mexico,0,Million dollars
2021,NUEGV,Nuclear fuel expenditures in the electric power sector,NV,Nevada,0,Million dollars
2021,NUEGV,Nuclear fuel expenditures in the electric power sector,NY,New York,208.3,Million dollars
2021,NUEGV,Nuclear fuel expenditures in the electric power sector,OH,Ohio,121.1,Million dollars
2021,NUEGV,Nuclear fuel expenditures in the electric power sector,OK,Oklahoma,0,Million dollars
2021,NUEGV,Nuclear fuel expenditures in the electric power sector,OR,Oregon,0,Million dollars
2021,NUEGV,Nuclear fuel expenditures in the electric power sector,PA,Pennsylvania,502.1,Million dollars
2021,NUEGV,Nuclear fuel expenditures in the electric power sector,RI,Rhode Island,0,Million dollars
2021,NUEGV,Nuclear fuel expenditures in the electric power sector,SC,South Carolina,564.1,Million dollars
2021,NUEGV,Nuclear fuel expenditures in the electric power sector,SD,South Dakota,0,Million dollars
2021,NUEGV,Nuclear fuel expenditures in the electric power sector,TN,Tennessee,269,Million dollars
2021,NUEGV,Nuclear fuel expenditures in the electric power sector,TX,Texas,306.1,Million dollars
2021,NUEGV,Nuclear fuel expenditures in the electric power sector,UT,Utah,0,Million dollars
2021,NUEGV,Nuclear fuel expenditures in the electric power sector,VA,Virginia,166.5,Million dollars
2021,NUEGV,Nuclear fuel expenditures in the electric power sector,VT,Vermont,0,Million dollars
2021,NUEGV,Nuclear fuel expenditures in the electric power sector,WA,Washington,54.3,Million dollars
2021,NUEGV,Nuclear fuel expenditures in the electric power sector,WI,Wisconsin,75.9,Million dollars
2021,NUEGV,Nuclear fuel expenditures in the electric power sector,WV,West Virginia,0,Million dollars
2021,NUEGV,Nuclear fuel expenditures in the electric power sector,WY,Wyoming,0,Million dollars
2021,PAEIV,All petroleum products total expenditures in the electric power sector,AK,Alaska,90.1,Million dollars
2021,PAEIV,All petroleum products total expenditures in the electric power sector,AL,Alabama,3.2,Million dollars
2021,PAEIV,All petroleum products total expenditures in the electric power sector,AR,Arkansas,8.6,Million dollars
2021,PAEIV,All petroleum products total expenditures in the electric power sector,AZ,Arizona,8.6,Million dollars
2021,PAEIV,All petroleum products total expenditures in the electric power sector,CA,California,6.5,Million dollars
2021,PAEIV,All petroleum products total expenditures in the electric power sector,CO,Colorado,7,Million dollars
2021,PAEIV,All petroleum products total expenditures in the electric power sector,CT,Connecticut,9.4,Million dollars
2021,PAEIV,All petroleum products total expenditures in the electric power sector,DC,District of Columbia,0,Million dollars
2021,PAEIV,All petroleum products total expenditures in the electric power sector,DE,Delaware,3.8,Million dollars
2021,PAEIV,All petroleum products total expenditures in the electric power sector,FL,Florida,98.6,Million dollars
2021,PAEIV,All petroleum products total expenditures in the electric power sector,GA,Georgia,15,Million dollars
2021,PAEIV,All petroleum products total expenditures in the electric power sector,HI,Hawaii,852.4,Million dollars
2021,PAEIV,All petroleum products total expenditures in the electric power sector,IA,Iowa,22.4,Million dollars
2021,PAEIV,All petroleum products total expenditures in the electric power sector,ID,Idaho,0,Million dollars
2021,PAEIV,All petroleum products total expenditures in the electric power sector,IL,Illinois,11.3,Million dollars
2021,PAEIV,All petroleum products total expenditures in the electric power sector,IN,Indiana,24.4,Million dollars
2021,PAEIV,All petroleum products total expenditures in the electric power sector,KS,Kansas,31.1,Million dollars
2021,PAEIV,All petroleum products total expenditures in the electric power sector,KY,Kentucky,14.3,Million dollars
2021,PAEIV,All petroleum products total expenditures in the electric power sector,LA,Louisiana,149.9,Million dollars
2021,PAEIV,All petroleum products total expenditures in the electric power sector,MA,Massachusetts,11.3,Million dollars
2021,PAEIV,All petroleum products total expenditures in the electric power sector,MD,Maryland,17.8,Million dollars
2021,PAEIV,All petroleum products total expenditures in the electric power sector,ME,Maine,8.3,Million dollars
2021,PAEIV,All petroleum products total expenditures in the electric power sector,MI,Michigan,39.2,Million dollars
2021,PAEIV,All petroleum products total expenditures in the electric power sector,MN,Minnesota,18.7,Million dollars
2021,PAEIV,All petroleum products total expenditures in the electric power sector,MO,Missouri,43.3,Million dollars
2021,PAEIV,All petroleum products total expenditures in the electric power sector,MS,Mississippi,1.1,Million dollars
2021,PAEIV,All petroleum products total expenditures in the electric power sector,MT,Montana,27.9,Million dollars
2021,PAEIV,All petroleum products total expenditures in the electric power sector,NC,North Carolina,32.7,Million dollars
2021,PAEIV,All petroleum products total expenditures in the electric power sector,ND,North Dakota,6.3,Million dollars
2021,PAEIV,All petroleum products total expenditures in the electric power sector,NE,Nebraska,13.1,Million dollars
2021,PAEIV,All petroleum products total expenditures in the electric power sector,NH,New Hampshire,7.7,Million dollars
2021,PAEIV,All petroleum products total expenditures in the electric power sector,NJ,New Jersey,3.4,Million dollars
2021,PAEIV,All petroleum products total expenditures in the electric power sector,NM,New Mexico,7.7,Million dollars
2021,PAEIV,All petroleum products total expenditures in the electric power sector,NV,Nevada,1.7,Million dollars
2021,PAEIV,All petroleum products total expenditures in the electric power sector,NY,New York,87.1,Million dollars
2021,PAEIV,All petroleum products total expenditures in the electric power sector,OH,Ohio,47.4,Million dollars
2021,PAEIV,All petroleum products total expenditures in the electric power sector,OK,Oklahoma,6.1,Million dollars
2021,PAEIV,All petroleum products total expenditures in the electric power sector,OR,Oregon,0,Million dollars
2021,PAEIV,All petroleum products total expenditures in the electric power sector,PA,Pennsylvania,21.2,Million dollars
2021,PAEIV,All petroleum products total expenditures in the electric power sector,RI,Rhode Island,1.6,Million dollars
2021,PAEIV,All petroleum products total expenditures in the electric power sector,SC,South Carolina,13.8,Million dollars
2021,PAEIV,All petroleum products total expenditures in the electric power sector,SD,South Dakota,7.9,Million dollars
2021,PAEIV,All petroleum products total expenditures in the electric power sector,TN,Tennessee,24.3,Million dollars
2021,PAEIV,All petroleum products total expenditures in the electric power sector,TX,Texas,32.4,Million dollars
2021,PAEIV,All petroleum products total expenditures in the electric power sector,UT,Utah,7.4,Million dollars
2021,PAEIV,All petroleum products total expenditures in the electric power sector,VA,Virginia,41.7,Million dollars
2021,PAEIV,All petroleum products total expenditures in the electric power sector,VT,Vermont,.6,Million dollars
2021,PAEIV,All petroleum products total expenditures in the electric power sector,WA,Washington,2.1,Million dollars
2021,PAEIV,All petroleum products total expenditures in the electric power sector,WI,Wisconsin,46.1,Million dollars
2021,PAEIV,All petroleum products total expenditures in the electric power sector,WV,West Virginia,28.5,Million dollars
2021,PAEIV,All petroleum products total expenditures in the electric power sector,WY,Wyoming,11.3,Million dollars
2021,PMTCE,"Total petroleum, excluding biofuels, CO2 emissions for all sectors",AK,Alaska,17.8,Million metric tons CO2  
2021,PMTCE,"Total petroleum, excluding biofuels, CO2 emissions for all sectors",AL,Alabama,40.2,Million metric tons CO2  
2021,PMTCE,"Total petroleum, excluding biofuels, CO2 emissions for all sectors",AR,Arkansas,22.3,Million metric tons CO2  
2021,PMTCE,"Total petroleum, excluding biofuels, CO2 emissions for all sectors",AZ,Arizona,41.8,Million metric tons CO2  
2021,PMTCE,"Total petroleum, excluding biofuels, CO2 emissions for all sectors",CA,California,205.9,Million metric tons CO2  
2021,PMTCE,"Total petroleum, excluding biofuels, CO2 emissions for all sectors",CO,Colorado,34,Million metric tons CO2  
2021,PMTCE,"Total petroleum, excluding biofuels, CO2 emissions for all sectors",CT,Connecticut,19.8,Million metric tons CO2  
2021,PMTCE,"Total petroleum, excluding biofuels, CO2 emissions for all sectors",DC,District of Columbia,1.1,Million metric tons CO2  
2021,PMTCE,"Total petroleum, excluding biofuels, CO2 emissions for all sectors",DE,Delaware,7.9,Million metric tons CO2  
2021,PMTCE,"Total petroleum, excluding biofuels, CO2 emissions for all sectors",FL,Florida,122.5,Million metric tons CO2  
2021,PMTCE,"Total petroleum, excluding biofuels, CO2 emissions for all sectors",GA,Georgia,63.6,Million metric tons CO2  
2021,PMTCE,"Total petroleum, excluding biofuels, CO2 emissions for all sectors",HI,Hawaii,16,Million metric tons CO2  
2021,PMTCE,"Total petroleum, excluding biofuels, CO2 emissions for all sectors",IA,Iowa,25.9,Million metric tons CO2  
2021,PMTCE,"Total petroleum, excluding biofuels, CO2 emissions for all sectors",ID,Idaho,13,Million metric tons CO2  
2021,PMTCE,"Total petroleum, excluding biofuels, CO2 emissions for all sectors",IL,Illinois,76.2,Million metric tons CO2  
2021,PMTCE,"Total petroleum, excluding biofuels, CO2 emissions for all sectors",IN,Indiana,48.8,Million metric tons CO2  
2021,PMTCE,"Total petroleum, excluding biofuels, CO2 emissions for all sectors",KS,Kansas,23.5,Million metric tons CO2  
2021,PMTCE,"Total petroleum, excluding biofuels, CO2 emissions for all sectors",KY,Kentucky,39.3,Million metric tons CO2  
2021,PMTCE,"Total petroleum, excluding biofuels, CO2 emissions for all sectors",LA,Louisiana,83,Million metric tons CO2  
2021,PMTCE,"Total petroleum, excluding biofuels, CO2 emissions for all sectors",MA,Massachusetts,34.8,Million metric tons CO2  
2021,PMTCE,"Total petroleum, excluding biofuels, CO2 emissions for all sectors",MD,Maryland,29.9,Million metric tons CO2  
2021,PMTCE,"Total petroleum, excluding biofuels, CO2 emissions for all sectors",ME,Maine,11.2,Million metric tons CO2  
2021,PMTCE,"Total petroleum, excluding biofuels, CO2 emissions for all sectors",MI,Michigan,55.9,Million metric tons CO2  
2021,PMTCE,"Total petroleum, excluding biofuels, CO2 emissions for all sectors",MN,Minnesota,38,Million metric tons CO2  
2021,PMTCE,"Total petroleum, excluding biofuels, CO2 emissions for all sectors",MO,Missouri,42.1,Million metric tons CO2  
2021,PMTCE,"Total petroleum, excluding biofuels, CO2 emissions for all sectors",MS,Mississippi,26.4,Million metric tons CO2  
2021,PMTCE,"Total petroleum, excluding biofuels, CO2 emissions for all sectors",MT,Montana,12.1,Million metric tons CO2  
2021,PMTCE,"Total petroleum, excluding biofuels, CO2 emissions for all sectors",NC,North Carolina,60.5,Million metric tons CO2  
2021,PMTCE,"Total petroleum, excluding biofuels, CO2 emissions for all sectors",ND,North Dakota,11.6,Million metric tons CO2  
2021,PMTCE,"Total petroleum, excluding biofuels, CO2 emissions for all sectors",NE,Nebraska,16.5,Million metric tons CO2  
2021,PMTCE,"Total petroleum, excluding biofuels, CO2 emissions for all sectors",NH,New Hampshire,9.8,Million metric tons CO2  
2021,PMTCE,"Total petroleum, excluding biofuels, CO2 emissions for all sectors",NJ,New Jersey,50.8,Million metric tons CO2  
2021,PMTCE,"Total petroleum, excluding biofuels, CO2 emissions for all sectors",NM,New Mexico,18.2,Million metric tons CO2  
2021,PMTCE,"Total petroleum, excluding biofuels, CO2 emissions for all sectors",NV,Nevada,19.9,Million metric tons CO2  
2021,PMTCE,"Total petroleum, excluding biofuels, CO2 emissions for all sectors",NY,New York,85.4,Million metric tons CO2  
2021,PMTCE,"Total petroleum, excluding biofuels, CO2 emissions for all sectors",OH,Ohio,70.8,Million metric tons CO2  
2021,PMTCE,"Total petroleum, excluding biofuels, CO2 emissions for all sectors",OK,Oklahoma,36.1,Million metric tons CO2  
2021,PMTCE,"Total petroleum, excluding biofuels, CO2 emissions for all sectors",OR,Oregon,21.8,Million metric tons CO2  
2021,PMTCE,"Total petroleum, excluding biofuels, CO2 emissions for all sectors",PA,Pennsylvania,70.3,Million metric tons CO2  
2021,PMTCE,"Total petroleum, excluding biofuels, CO2 emissions for all sectors",RI,Rhode Island,5,Million metric tons CO2  
2021,PMTCE,"Total petroleum, excluding biofuels, CO2 emissions for all sectors",SC,South Carolina,35.2,Million metric tons CO2  
2021,PMTCE,"Total petroleum, excluding biofuels, CO2 emissions for all sectors",SD,South Dakota,8,Million metric tons CO2  
2021,PMTCE,"Total petroleum, excluding biofuels, CO2 emissions for all sectors",TN,Tennessee,49,Million metric tons CO2  
2021,PMTCE,"Total petroleum, excluding biofuels, CO2 emissions for all sectors",TX,Texas,322.8,Million metric tons CO2  
2021,PMTCE,"Total petroleum, excluding biofuels, CO2 emissions for all sectors",UT,Utah,21.2,Million metric tons CO2  
2021,PMTCE,"Total petroleum, excluding biofuels, CO2 emissions for all sectors",VA,Virginia,54.9,Million metric tons CO2  
2021,PMTCE,"Total petroleum, excluding biofuels, CO2 emissions for all sectors",VT,Vermont,4.8,Million metric tons CO2  
2021,PMTCE,"Total petroleum, excluding biofuels, CO2 emissions for all sectors",WA,Washington,49.8,Million metric tons CO2  
2021,PMTCE,"Total petroleum, excluding biofuels, CO2 emissions for all sectors",WI,Wisconsin,35.6,Million metric tons CO2  
2021,PMTCE,"Total petroleum, excluding biofuels, CO2 emissions for all sectors",WV,West Virginia,13.3,Million metric tons CO2  
2021,PMTCE,"Total petroleum, excluding biofuels, CO2 emissions for all sectors",WY,Wyoming,10.1,Million metric tons CO2  
2020,CLEIV,Coal expenditures in the electric power sector,AK,Alaska,39.4,Million dollars
2020,CLEIV,Coal expenditures in the electric power sector,AL,Alabama,465.2,Million dollars
2020,CLEIV,Coal expenditures in the electric power sector,AR,Arkansas,296.4,Million dollars
2020,CLEIV,Coal expenditures in the electric power sector,AZ,Arizona,322,Million dollars
2020,CLEIV,Coal expenditures in the electric power sector,CA,California,0,Million dollars
2020,CLEIV,Coal expenditures in the electric power sector,CO,Colorado,361.4,Million dollars
2020,CLEIV,Coal expenditures in the electric power sector,CT,Connecticut,.2,Million dollars
2020,CLEIV,Coal expenditures in the electric power sector,DC,District of Columbia,0,Million dollars
2020,CLEIV,Coal expenditures in the electric power sector,DE,Delaware,4.7,Million dollars
2020,CLEIV,Coal expenditures in the electric power sector,FL,Florida,436.3,Million dollars
2020,CLEIV,Coal expenditures in the electric power sector,GA,Georgia,393.8,Million dollars
2020,CLEIV,Coal expenditures in the electric power sector,HI,Hawaii,45.9,Million dollars
2020,CLEIV,Coal expenditures in the electric power sector,IA,Iowa,215.5,Million dollars
2020,CLEIV,Coal expenditures in the electric power sector,ID,Idaho,0,Million dollars
2020,CLEIV,Coal expenditures in the electric power sector,IL,Illinois,502.6,Million dollars
2020,CLEIV,Coal expenditures in the electric power sector,IN,Indiana,1092.4,Million dollars
2020,CLEIV,Coal expenditures in the electric power sector,KS,Kansas,299,Million dollars
2020,CLEIV,Coal expenditures in the electric power sector,KY,Kentucky,865.8,Million dollars
2020,CLEIV,Coal expenditures in the electric power sector,LA,Louisiana,217.3,Million dollars
2020,CLEIV,Coal expenditures in the electric power sector,MA,Massachusetts,0,Million dollars
2020,CLEIV,Coal expenditures in the electric power sector,MD,Maryland,96.8,Million dollars
2020,CLEIV,Coal expenditures in the electric power sector,ME,Maine,4.1,Million dollars
2020,CLEIV,Coal expenditures in the electric power sector,MI,Michigan,614.1,Million dollars
2020,CLEIV,Coal expenditures in the electric power sector,MN,Minnesota,289.1,Million dollars
2020,CLEIV,Coal expenditures in the electric power sector,MO,Missouri,828.9,Million dollars
2020,CLEIV,Coal expenditures in the electric power sector,MS,Mississippi,136.2,Million dollars
2020,CLEIV,Coal expenditures in the electric power sector,MT,Montana,216.4,Million dollars
2020,CLEIV,Coal expenditures in the electric power sector,NC,North Carolina,542.8,Million dollars
2020,CLEIV,Coal expenditures in the electric power sector,ND,North Dakota,445.3,Million dollars
2020,CLEIV,Coal expenditures in the electric power sector,NE,Nebraska,245.8,Million dollars
2020,CLEIV,Coal expenditures in the electric power sector,NH,New Hampshire,4.7,Million dollars
2020,CLEIV,Coal expenditures in the electric power sector,NJ,New Jersey,34.2,Million dollars
2020,CLEIV,Coal expenditures in the electric power sector,NM,New Mexico,349.3,Million dollars
2020,CLEIV,Coal expenditures in the electric power sector,NV,Nevada,51.2,Million dollars
2020,CLEIV,Coal expenditures in the electric power sector,NY,New York,3.4,Million dollars
2020,CLEIV,Coal expenditures in the electric power sector,OH,Ohio,819.3,Million dollars
2020,CLEIV,Coal expenditures in the electric power sector,OK,Oklahoma,107.1,Million dollars
2020,CLEIV,Coal expenditures in the electric power sector,OR,Oregon,37,Million dollars
2020,CLEIV,Coal expenditures in the electric power sector,PA,Pennsylvania,442,Million dollars
2020,CLEIV,Coal expenditures in the electric power sector,RI,Rhode Island,0,Million dollars
2020,CLEIV,Coal expenditures in the electric power sector,SC,South Carolina,419,Million dollars
2020,CLEIV,Coal expenditures in the electric power sector,SD,South Dakota,34.5,Million dollars
2020,CLEIV,Coal expenditures in the electric power sector,TN,Tennessee,280.1,Million dollars
2020,CLEIV,Coal expenditures in the electric power sector,TX,Texas,1766.3,Million dollars
2020,CLEIV,Coal expenditures in the electric power sector,UT,Utah,483.3,Million dollars
2020,CLEIV,Coal expenditures in the electric power sector,VA,Virginia,98.8,Million dollars
2020,CLEIV,Coal expenditures in the electric power sector,VT,Vermont,0,Million dollars
2020,CLEIV,Coal expenditures in the electric power sector,WA,Washington,126.3,Million dollars
2020,CLEIV,Coal expenditures in the electric power sector,WI,Wisconsin,463.3,Million dollars
2020,CLEIV,Coal expenditures in the electric power sector,WV,West Virginia,1025.3,Million dollars
2020,CLEIV,Coal expenditures in the electric power sector,WY,Wyoming,618.4,Million dollars
2020,CLTCE,Coal CO2 emissions for all sectors,AK,Alaska,1.8,Million metric tons CO2  
2020,CLTCE,Coal CO2 emissions for all sectors,AL,Alabama,24.5,Million metric tons CO2  
2020,CLTCE,Coal CO2 emissions for all sectors,AR,Arkansas,15.5,Million metric tons CO2  
2020,CLTCE,Coal CO2 emissions for all sectors,AZ,Arizona,15,Million metric tons CO2  
2020,CLTCE,Coal CO2 emissions for all sectors,CA,California,2.7,Million metric tons CO2  
2020,CLTCE,Coal CO2 emissions for all sectors,CO,Colorado,20.8,Million metric tons CO2  
2020,CLTCE,Coal CO2 emissions for all sectors,CT,Connecticut,0,Million metric tons CO2  
2020,CLTCE,Coal CO2 emissions for all sectors,DC,District of Columbia,0,Million metric tons CO2  
2020,CLTCE,Coal CO2 emissions for all sectors,DE,Delaware,.2,Million metric tons CO2  
2020,CLTCE,Coal CO2 emissions for all sectors,FL,Florida,17.3,Million metric tons CO2  
2020,CLTCE,Coal CO2 emissions for all sectors,GA,Georgia,14.7,Million metric tons CO2  
2020,CLTCE,Coal CO2 emissions for all sectors,HI,Hawaii,1.3,Million metric tons CO2  
2020,CLTCE,Coal CO2 emissions for all sectors,IA,Iowa,17.5,Million metric tons CO2  
2020,CLTCE,Coal CO2 emissions for all sectors,ID,Idaho,.3,Million metric tons CO2  
2020,CLTCE,Coal CO2 emissions for all sectors,IL,Illinois,37.4,Million metric tons CO2  
2020,CLTCE,Coal CO2 emissions for all sectors,IN,Indiana,63.7,Million metric tons CO2  
2020,CLTCE,Coal CO2 emissions for all sectors,KS,Kansas,18.6,Million metric tons CO2  
2020,CLTCE,Coal CO2 emissions for all sectors,KY,Kentucky,46.2,Million metric tons CO2  
2020,CLTCE,Coal CO2 emissions for all sectors,LA,Louisiana,4.7,Million metric tons CO2  
2020,CLTCE,Coal CO2 emissions for all sectors,MA,Massachusetts,0,Million metric tons CO2  
2020,CLTCE,Coal CO2 emissions for all sectors,MD,Maryland,4.8,Million metric tons CO2  
2020,CLTCE,Coal CO2 emissions for all sectors,ME,Maine,.2,Million metric tons CO2  
2020,CLTCE,Coal CO2 emissions for all sectors,MI,Michigan,31.9,Million metric tons CO2  
2020,CLTCE,Coal CO2 emissions for all sectors,MN,Minnesota,15.6,Million metric tons CO2  
2020,CLTCE,Coal CO2 emissions for all sectors,MO,Missouri,52.8,Million metric tons CO2  
2020,CLTCE,Coal CO2 emissions for all sectors,MS,Mississippi,5.2,Million metric tons CO2  
2020,CLTCE,Coal CO2 emissions for all sectors,MT,Montana,9.5,Million metric tons CO2  
2020,CLTCE,Coal CO2 emissions for all sectors,NC,North Carolina,21.4,Million metric tons CO2  
2020,CLTCE,Coal CO2 emissions for all sectors,ND,North Dakota,34.8,Million metric tons CO2  
2020,CLTCE,Coal CO2 emissions for all sectors,NE,Nebraska,20.5,Million metric tons CO2  
2020,CLTCE,Coal CO2 emissions for all sectors,NH,New Hampshire,.1,Million metric tons CO2  
2020,CLTCE,Coal CO2 emissions for all sectors,NJ,New Jersey,1.2,Million metric tons CO2  
2020,CLTCE,Coal CO2 emissions for all sectors,NM,New Mexico,13.3,Million metric tons CO2  
2020,CLTCE,Coal CO2 emissions for all sectors,NV,Nevada,2.7,Million metric tons CO2  
2020,CLTCE,Coal CO2 emissions for all sectors,NY,New York,.5,Million metric tons CO2  
2020,CLTCE,Coal CO2 emissions for all sectors,OH,Ohio,53,Million metric tons CO2  
2020,CLTCE,Coal CO2 emissions for all sectors,OK,Oklahoma,6.8,Million metric tons CO2  
2020,CLTCE,Coal CO2 emissions for all sectors,OR,Oregon,1.7,Million metric tons CO2  
2020,CLTCE,Coal CO2 emissions for all sectors,PA,Pennsylvania,35.4,Million metric tons CO2  
2020,CLTCE,Coal CO2 emissions for all sectors,RI,Rhode Island,0,Million metric tons CO2  
2020,CLTCE,Coal CO2 emissions for all sectors,SC,South Carolina,13.1,Million metric tons CO2  
2020,CLTCE,Coal CO2 emissions for all sectors,SD,South Dakota,2.1,Million metric tons CO2  
2020,CLTCE,Coal CO2 emissions for all sectors,TN,Tennessee,16.9,Million metric tons CO2  
2020,CLTCE,Coal CO2 emissions for all sectors,TX,Texas,83.6,Million metric tons CO2  
2020,CLTCE,Coal CO2 emissions for all sectors,UT,Utah,23.4,Million metric tons CO2  
2020,CLTCE,Coal CO2 emissions for all sectors,VA,Virginia,7.1,Million metric tons CO2  
2020,CLTCE,Coal CO2 emissions for all sectors,VT,Vermont,0,Million metric tons CO2  
2020,CLTCE,Coal CO2 emissions for all sectors,WA,Washington,5.7,Million metric tons CO2  
2020,CLTCE,Coal CO2 emissions for all sectors,WI,Wisconsin,23.9,Million metric tons CO2  
2020,CLTCE,Coal CO2 emissions for all sectors,WV,West Virginia,51.6,Million metric tons CO2  
2020,CLTCE,Coal CO2 emissions for all sectors,WY,Wyoming,37.2,Million metric tons CO2  
2020,FFTCE,Fossil fuel CO2 emissions for all sectors,AK,Alaska,36.1,Million metric tons CO2
2020,FFTCE,Fossil fuel CO2 emissions for all sectors,AL,Alabama,98.1,Million metric tons CO2
2020,FFTCE,Fossil fuel CO2 emissions for all sectors,AR,Arkansas,54.5,Million metric tons CO2
2020,FFTCE,Fossil fuel CO2 emissions for all sectors,AZ,Arizona,80.1,Million metric tons CO2
2020,FFTCE,Fossil fuel CO2 emissions for all sectors,CA,California,299.6,Million metric tons CO2
2020,FFTCE,Fossil fuel CO2 emissions for all sectors,CO,Colorado,79.5,Million metric tons CO2
2020,FFTCE,Fossil fuel CO2 emissions for all sectors,CT,Connecticut,33.4,Million metric tons CO2
2020,FFTCE,Fossil fuel CO2 emissions for all sectors,DC,District of Columbia,2.4,Million metric tons CO2
2020,FFTCE,Fossil fuel CO2 emissions for all sectors,DE,Delaware,12.2,Million metric tons CO2
2020,FFTCE,Fossil fuel CO2 emissions for all sectors,FL,Florida,207,Million metric tons CO2
2020,FFTCE,Fossil fuel CO2 emissions for all sectors,GA,Georgia,116.1,Million metric tons CO2
2020,FFTCE,Fossil fuel CO2 emissions for all sectors,HI,Hawaii,14.7,Million metric tons CO2
2020,FFTCE,Fossil fuel CO2 emissions for all sectors,IA,Iowa,63.3,Million metric tons CO2
2020,FFTCE,Fossil fuel CO2 emissions for all sectors,ID,Idaho,19.3,Million metric tons CO2
2020,FFTCE,Fossil fuel CO2 emissions for all sectors,IL,Illinois,168,Million metric tons CO2
2020,FFTCE,Fossil fuel CO2 emissions for all sectors,IN,Indiana,153.8,Million metric tons CO2
2020,FFTCE,Fossil fuel CO2 emissions for all sectors,KS,Kansas,57.5,Million metric tons CO2
2020,FFTCE,Fossil fuel CO2 emissions for all sectors,KY,Kentucky,100.9,Million metric tons CO2
2020,FFTCE,Fossil fuel CO2 emissions for all sectors,LA,Louisiana,182.8,Million metric tons CO2
2020,FFTCE,Fossil fuel CO2 emissions for all sectors,MA,Massachusetts,52.1,Million metric tons CO2
2020,FFTCE,Fossil fuel CO2 emissions for all sectors,MD,Maryland,47.8,Million metric tons CO2
2020,FFTCE,Fossil fuel CO2 emissions for all sectors,ME,Maine,13.4,Million metric tons CO2
2020,FFTCE,Fossil fuel CO2 emissions for all sectors,MI,Michigan,136.4,Million metric tons CO2
2020,FFTCE,Fossil fuel CO2 emissions for all sectors,MN,Minnesota,77,Million metric tons CO2
2020,FFTCE,Fossil fuel CO2 emissions for all sectors,MO,Missouri,108.3,Million metric tons CO2
2020,FFTCE,Fossil fuel CO2 emissions for all sectors,MS,Mississippi,62.9,Million metric tons CO2
2020,FFTCE,Fossil fuel CO2 emissions for all sectors,MT,Montana,26.2,Million metric tons CO2
2020,FFTCE,Fossil fuel CO2 emissions for all sectors,NC,North Carolina,106.2,Million metric tons CO2
2020,FFTCE,Fossil fuel CO2 emissions for all sectors,ND,North Dakota,55.5,Million metric tons CO2
2020,FFTCE,Fossil fuel CO2 emissions for all sectors,NE,Nebraska,46.3,Million metric tons CO2
2020,FFTCE,Fossil fuel CO2 emissions for all sectors,NH,New Hampshire,12.4,Million metric tons CO2
2020,FFTCE,Fossil fuel CO2 emissions for all sectors,NJ,New Jersey,83.5,Million metric tons CO2
2020,FFTCE,Fossil fuel CO2 emissions for all sectors,NM,New Mexico,45,Million metric tons CO2
2020,FFTCE,Fossil fuel CO2 emissions for all sectors,NV,Nevada,36.2,Million metric tons CO2
2020,FFTCE,Fossil fuel CO2 emissions for all sectors,NY,New York,142.7,Million metric tons CO2
2020,FFTCE,Fossil fuel CO2 emissions for all sectors,OH,Ohio,185,Million metric tons CO2
2020,FFTCE,Fossil fuel CO2 emissions for all sectors,OK,Oklahoma,83.8,Million metric tons CO2
2020,FFTCE,Fossil fuel CO2 emissions for all sectors,OR,Oregon,36.8,Million metric tons CO2
2020,FFTCE,Fossil fuel CO2 emissions for all sectors,PA,Pennsylvania,192.8,Million metric tons CO2
2020,FFTCE,Fossil fuel CO2 emissions for all sectors,RI,Rhode Island,9.7,Million metric tons CO2
2020,FFTCE,Fossil fuel CO2 emissions for all sectors,SC,South Carolina,63.3,Million metric tons CO2
2020,FFTCE,Fossil fuel CO2 emissions for all sectors,SD,South Dakota,14.9,Million metric tons CO2
2020,FFTCE,Fossil fuel CO2 emissions for all sectors,TN,Tennessee,82.9,Million metric tons CO2
2020,FFTCE,Fossil fuel CO2 emissions for all sectors,TX,Texas,625.5,Million metric tons CO2
2020,FFTCE,Fossil fuel CO2 emissions for all sectors,UT,Utah,57.3,Million metric tons CO2
2020,FFTCE,Fossil fuel CO2 emissions for all sectors,VA,Virginia,97.8,Million metric tons CO2
2020,FFTCE,Fossil fuel CO2 emissions for all sectors,VT,Vermont,5.4,Million metric tons CO2
2020,FFTCE,Fossil fuel CO2 emissions for all sectors,WA,Washington,68.2,Million metric tons CO2
2020,FFTCE,Fossil fuel CO2 emissions for all sectors,WI,Wisconsin,86.8,Million metric tons CO2
2020,FFTCE,Fossil fuel CO2 emissions for all sectors,WV,West Virginia,76.7,Million metric tons CO2
2020,FFTCE,Fossil fuel CO2 emissions for all sectors,WY,Wyoming,55.5,Million metric tons CO2
2020,NGEIV,Natural gas expenditures in the electric power sector (including supplemental gaseous fuels),AK,Alaska,147.1,Million dollars
2020,NGEIV,Natural gas expenditures in the electric power sector (including supplemental gaseous fuels),AL,Alabama,1005.1,Million dollars
2020,NGEIV,Natural gas expenditures in the electric power sector (including supplemental gaseous fuels),AR,Arkansas,322.6,Million dollars
2020,NGEIV,Natural gas expenditures in the electric power sector (including supplemental gaseous fuels),AZ,Arizona,966,Million dollars
2020,NGEIV,Natural gas expenditures in the electric power sector (including supplemental gaseous fuels),CA,California,2070.6,Million dollars
2020,NGEIV,Natural gas expenditures in the electric power sector (including supplemental gaseous fuels),CO,Colorado,436.5,Million dollars
2020,NGEIV,Natural gas expenditures in the electric power sector (including supplemental gaseous fuels),CT,Connecticut,391.5,Million dollars
2020,NGEIV,Natural gas expenditures in the electric power sector (including supplemental gaseous fuels),DC,District of Columbia,0,Million dollars
2020,NGEIV,Natural gas expenditures in the electric power sector (including supplemental gaseous fuels),DE,Delaware,52,Million dollars
2020,NGEIV,Natural gas expenditures in the electric power sector (including supplemental gaseous fuels),FL,Florida,4447.9,Million dollars
2020,NGEIV,Natural gas expenditures in the electric power sector (including supplemental gaseous fuels),GA,Georgia,1019.8,Million dollars
2020,NGEIV,Natural gas expenditures in the electric power sector (including supplemental gaseous fuels),HI,Hawaii,0,Million dollars
2020,NGEIV,Natural gas expenditures in the electric power sector (including supplemental gaseous fuels),IA,Iowa,96.9,Million dollars
2020,NGEIV,Natural gas expenditures in the electric power sector (including supplemental gaseous fuels),ID,Idaho,81.7,Million dollars
2020,NGEIV,Natural gas expenditures in the electric power sector (including supplemental gaseous fuels),IL,Illinois,547,Million dollars
2020,NGEIV,Natural gas expenditures in the electric power sector (including supplemental gaseous fuels),IN,Indiana,497.8,Million dollars
2020,NGEIV,Natural gas expenditures in the electric power sector (including supplemental gaseous fuels),KS,Kansas,63.7,Million dollars
2020,NGEIV,Natural gas expenditures in the electric power sector (including supplemental gaseous fuels),KY,Kentucky,307.3,Million dollars
2020,NGEIV,Natural gas expenditures in the electric power sector (including supplemental gaseous fuels),LA,Louisiana,821.6,Million dollars
2020,NGEIV,Natural gas expenditures in the electric power sector (including supplemental gaseous fuels),MA,Massachusetts,349.8,Million dollars
2020,NGEIV,Natural gas expenditures in the electric power sector (including supplemental gaseous fuels),MD,Maryland,235.9,Million dollars
2020,NGEIV,Natural gas expenditures in the electric power sector (including supplemental gaseous fuels),ME,Maine,32.6,Million dollars
2020,NGEIV,Natural gas expenditures in the electric power sector (including supplemental gaseous fuels),MI,Michigan,644,Million dollars
2020,NGEIV,Natural gas expenditures in the electric power sector (including supplemental gaseous fuels),MN,Minnesota,240.3,Million dollars
2020,NGEIV,Natural gas expenditures in the electric power sector (including supplemental gaseous fuels),MO,Missouri,156,Million dollars
2020,NGEIV,Natural gas expenditures in the electric power sector (including supplemental gaseous fuels),MS,Mississippi,918.6,Million dollars
2020,NGEIV,Natural gas expenditures in the electric power sector (including supplemental gaseous fuels),MT,Montana,6.2,Million dollars
2020,NGEIV,Natural gas expenditures in the electric power sector (including supplemental gaseous fuels),NC,North Carolina,1016.3,Million dollars
2020,NGEIV,Natural gas expenditures in the electric power sector (including supplemental gaseous fuels),ND,North Dakota,45.2,Million dollars
2020,NGEIV,Natural gas expenditures in the electric power sector (including supplemental gaseous fuels),NE,Nebraska,27.3,Million dollars
2020,NGEIV,Natural gas expenditures in the electric power sector (including supplemental gaseous fuels),NH,New Hampshire,85.1,Million dollars
2020,NGEIV,Natural gas expenditures in the electric power sector (including supplemental gaseous fuels),NJ,New Jersey,418.4,Million dollars
2020,NGEIV,Natural gas expenditures in the electric power sector (including supplemental gaseous fuels),NM,New Mexico,164.7,Million dollars
2020,NGEIV,Natural gas expenditures in the electric power sector (including supplemental gaseous fuels),NV,Nevada,558.8,Million dollars
2020,NGEIV,Natural gas expenditures in the electric power sector (including supplemental gaseous fuels),NY,New York,927.2,Million dollars
2020,NGEIV,Natural gas expenditures in the electric power sector (including supplemental gaseous fuels),OH,Ohio,742.3,Million dollars
2020,NGEIV,Natural gas expenditures in the electric power sector (including supplemental gaseous fuels),OK,Oklahoma,805.8,Million dollars
2020,NGEIV,Natural gas expenditures in the electric power sector (including supplemental gaseous fuels),OR,Oregon,276.9,Million dollars
2020,NGEIV,Natural gas expenditures in the electric power sector (including supplemental gaseous fuels),PA,Pennsylvania,1401.1,Million dollars
2020,NGEIV,Natural gas expenditures in the electric power sector (including supplemental gaseous fuels),RI,Rhode Island,139.6,Million dollars
2020,NGEIV,Natural gas expenditures in the electric power sector (including supplemental gaseous fuels),SC,South Carolina,510.3,Million dollars
2020,NGEIV,Natural gas expenditures in the electric power sector (including supplemental gaseous fuels),SD,South Dakota,23,Million dollars
2020,NGEIV,Natural gas expenditures in the electric power sector (including supplemental gaseous fuels),TN,Tennessee,256.2,Million dollars
2020,NGEIV,Natural gas expenditures in the electric power sector (including supplemental gaseous fuels),TX,Texas,3720.9,Million dollars
2020,NGEIV,Natural gas expenditures in the electric power sector (including supplemental gaseous fuels),UT,Utah,176.8,Million dollars
2020,NGEIV,Natural gas expenditures in the electric power sector (including supplemental gaseous fuels),VA,Virginia,1119.6,Million dollars
2020,NGEIV,Natural gas expenditures in the electric power sector (including supplemental gaseous fuels),VT,Vermont,0,Million dollars
2020,NGEIV,Natural gas expenditures in the electric power sector (including supplemental gaseous fuels),WA,Washington,293.8,Million dollars
2020,NGEIV,Natural gas expenditures in the electric power sector (including supplemental gaseous fuels),WI,Wisconsin,396,Million dollars
2020,NGEIV,Natural gas expenditures in the electric power sector (including supplemental gaseous fuels),WV,West Virginia,35.7,Million dollars
2020,NGEIV,Natural gas expenditures in the electric power sector (including supplemental gaseous fuels),WY,Wyoming,13.6,Million dollars
2020,NNTCE,"Natural gas, excluding supplemental gaseous fuels, CO2 emissions for all sectors",AK,Alaska,19.1,Million metric tons CO2
2020,NNTCE,"Natural gas, excluding supplemental gaseous fuels, CO2 emissions for all sectors",AL,Alabama,37.3,Million metric tons CO2
2020,NNTCE,"Natural gas, excluding supplemental gaseous fuels, CO2 emissions for all sectors",AR,Arkansas,17.5,Million metric tons CO2
2020,NNTCE,"Natural gas, excluding supplemental gaseous fuels, CO2 emissions for all sectors",AZ,Arizona,27.1,Million metric tons CO2
2020,NNTCE,"Natural gas, excluding supplemental gaseous fuels, CO2 emissions for all sectors",CA,California,112.3,Million metric tons CO2
2020,NNTCE,"Natural gas, excluding supplemental gaseous fuels, CO2 emissions for all sectors",CO,Colorado,28.8,Million metric tons CO2
2020,NNTCE,"Natural gas, excluding supplemental gaseous fuels, CO2 emissions for all sectors",CT,Connecticut,15.7,Million metric tons CO2
2020,NNTCE,"Natural gas, excluding supplemental gaseous fuels, CO2 emissions for all sectors",DC,District of Columbia,1.5,Million metric tons CO2
2020,NNTCE,"Natural gas, excluding supplemental gaseous fuels, CO2 emissions for all sectors",DE,Delaware,4.6,Million metric tons CO2
2020,NNTCE,"Natural gas, excluding supplemental gaseous fuels, CO2 emissions for all sectors",FL,Florida,85.4,Million metric tons CO2
2020,NNTCE,"Natural gas, excluding supplemental gaseous fuels, CO2 emissions for all sectors",GA,Georgia,40.9,Million metric tons CO2
2020,NNTCE,"Natural gas, excluding supplemental gaseous fuels, CO2 emissions for all sectors",HI,Hawaii,0,Million metric tons CO2
2020,NNTCE,"Natural gas, excluding supplemental gaseous fuels, CO2 emissions for all sectors",IA,Iowa,20.5,Million metric tons CO2
2020,NNTCE,"Natural gas, excluding supplemental gaseous fuels, CO2 emissions for all sectors",ID,Idaho,6.8,Million metric tons CO2
2020,NNTCE,"Natural gas, excluding supplemental gaseous fuels, CO2 emissions for all sectors",IL,Illinois,60.7,Million metric tons CO2
2020,NNTCE,"Natural gas, excluding supplemental gaseous fuels, CO2 emissions for all sectors",IN,Indiana,45.4,Million metric tons CO2
2020,NNTCE,"Natural gas, excluding supplemental gaseous fuels, CO2 emissions for all sectors",KS,Kansas,15.6,Million metric tons CO2
2020,NNTCE,"Natural gas, excluding supplemental gaseous fuels, CO2 emissions for all sectors",KY,Kentucky,18,Million metric tons CO2
2020,NNTCE,"Natural gas, excluding supplemental gaseous fuels, CO2 emissions for all sectors",LA,Louisiana,98.9,Million metric tons CO2
2020,NNTCE,"Natural gas, excluding supplemental gaseous fuels, CO2 emissions for all sectors",MA,Massachusetts,21.1,Million metric tons CO2
2020,NNTCE,"Natural gas, excluding supplemental gaseous fuels, CO2 emissions for all sectors",MD,Maryland,15.5,Million metric tons CO2
2020,NNTCE,"Natural gas, excluding supplemental gaseous fuels, CO2 emissions for all sectors",ME,Maine,2.4,Million metric tons CO2
2020,NNTCE,"Natural gas, excluding supplemental gaseous fuels, CO2 emissions for all sectors",MI,Michigan,52.8,Million metric tons CO2
2020,NNTCE,"Natural gas, excluding supplemental gaseous fuels, CO2 emissions for all sectors",MN,Minnesota,25.9,Million metric tons CO2
2020,NNTCE,"Natural gas, excluding supplemental gaseous fuels, CO2 emissions for all sectors",MO,Missouri,15.9,Million metric tons CO2
2020,NNTCE,"Natural gas, excluding supplemental gaseous fuels, CO2 emissions for all sectors",MS,Mississippi,32,Million metric tons CO2
2020,NNTCE,"Natural gas, excluding supplemental gaseous fuels, CO2 emissions for all sectors",MT,Montana,4.6,Million metric tons CO2
2020,NNTCE,"Natural gas, excluding supplemental gaseous fuels, CO2 emissions for all sectors",NC,North Carolina,29.2,Million metric tons CO2
2020,NNTCE,"Natural gas, excluding supplemental gaseous fuels, CO2 emissions for all sectors",ND,North Dakota,9.4,Million metric tons CO2
2020,NNTCE,"Natural gas, excluding supplemental gaseous fuels, CO2 emissions for all sectors",NE,Nebraska,10,Million metric tons CO2
2020,NNTCE,"Natural gas, excluding supplemental gaseous fuels, CO2 emissions for all sectors",NH,New Hampshire,2.8,Million metric tons CO2
2020,NNTCE,"Natural gas, excluding supplemental gaseous fuels, CO2 emissions for all sectors",NJ,New Jersey,35.8,Million metric tons CO2
2020,NNTCE,"Natural gas, excluding supplemental gaseous fuels, CO2 emissions for all sectors",NM,New Mexico,15.2,Million metric tons CO2
2020,NNTCE,"Natural gas, excluding supplemental gaseous fuels, CO2 emissions for all sectors",NV,Nevada,16.4,Million metric tons CO2
2020,NNTCE,"Natural gas, excluding supplemental gaseous fuels, CO2 emissions for all sectors",NY,New York,68.9,Million metric tons CO2
2020,NNTCE,"Natural gas, excluding supplemental gaseous fuels, CO2 emissions for all sectors",OH,Ohio,64.6,Million metric tons CO2
2020,NNTCE,"Natural gas, excluding supplemental gaseous fuels, CO2 emissions for all sectors",OK,Oklahoma,44,Million metric tons CO2
2020,NNTCE,"Natural gas, excluding supplemental gaseous fuels, CO2 emissions for all sectors",OR,Oregon,14.8,Million metric tons CO2
2020,NNTCE,"Natural gas, excluding supplemental gaseous fuels, CO2 emissions for all sectors",PA,Pennsylvania,93.3,Million metric tons CO2
2020,NNTCE,"Natural gas, excluding supplemental gaseous fuels, CO2 emissions for all sectors",RI,Rhode Island,5.3,Million metric tons CO2
2020,NNTCE,"Natural gas, excluding supplemental gaseous fuels, CO2 emissions for all sectors",SC,South Carolina,18,Million metric tons CO2
2020,NNTCE,"Natural gas, excluding supplemental gaseous fuels, CO2 emissions for all sectors",SD,South Dakota,4.7,Million metric tons CO2
2020,NNTCE,"Natural gas, excluding supplemental gaseous fuels, CO2 emissions for all sectors",TN,Tennessee,20.8,Million metric tons CO2
2020,NNTCE,"Natural gas, excluding supplemental gaseous fuels, CO2 emissions for all sectors",TX,Texas,247.9,Million metric tons CO2
2020,NNTCE,"Natural gas, excluding supplemental gaseous fuels, CO2 emissions for all sectors",UT,Utah,14,Million metric tons CO2
2020,NNTCE,"Natural gas, excluding supplemental gaseous fuels, CO2 emissions for all sectors",VA,Virginia,39.3,Million metric tons CO2
2020,NNTCE,"Natural gas, excluding supplemental gaseous fuels, CO2 emissions for all sectors",VT,Vermont,.7,Million metric tons CO2
2020,NNTCE,"Natural gas, excluding supplemental gaseous fuels, CO2 emissions for all sectors",WA,Washington,18.7,Million metric tons CO2
2020,NNTCE,"Natural gas, excluding supplemental gaseous fuels, CO2 emissions for all sectors",WI,Wisconsin,29.9,Million metric tons CO2
2020,NNTCE,"Natural gas, excluding supplemental gaseous fuels, CO2 emissions for all sectors",WV,West Virginia,13.6,Million metric tons CO2
2020,NNTCE,"Natural gas, excluding supplemental gaseous fuels, CO2 emissions for all sectors",WY,Wyoming,8.7,Million metric tons CO2
2020,NUEGV,Nuclear fuel expenditures in the electric power sector,AK,Alaska,0,Million dollars
2020,NUEGV,Nuclear fuel expenditures in the electric power sector,AL,Alabama,306,Million dollars
2020,NUEGV,Nuclear fuel expenditures in the electric power sector,AR,Arkansas,92.8,Million dollars
2020,NUEGV,Nuclear fuel expenditures in the electric power sector,AZ,Arizona,232.2,Million dollars
2020,NUEGV,Nuclear fuel expenditures in the electric power sector,CA,California,110.5,Million dollars
2020,NUEGV,Nuclear fuel expenditures in the electric power sector,CO,Colorado,0,Million dollars
2020,NUEGV,Nuclear fuel expenditures in the electric power sector,CT,Connecticut,101.8,Million dollars
2020,NUEGV,Nuclear fuel expenditures in the electric power sector,DC,District of Columbia,0,Million dollars
2020,NUEGV,Nuclear fuel expenditures in the electric power sector,DE,Delaware,0,Million dollars
2020,NUEGV,Nuclear fuel expenditures in the electric power sector,FL,Florida,167,Million dollars
2020,NUEGV,Nuclear fuel expenditures in the electric power sector,GA,Georgia,262.5,Million dollars
2020,NUEGV,Nuclear fuel expenditures in the electric power sector,HI,Hawaii,0,Million dollars
2020,NUEGV,Nuclear fuel expenditures in the electric power sector,IA,Iowa,19.7,Million dollars
2020,NUEGV,Nuclear fuel expenditures in the electric power sector,ID,Idaho,0,Million dollars
2020,NUEGV,Nuclear fuel expenditures in the electric power sector,IL,Illinois,666.8,Million dollars
2020,NUEGV,Nuclear fuel expenditures in the electric power sector,IN,Indiana,0,Million dollars
2020,NUEGV,Nuclear fuel expenditures in the electric power sector,KS,Kansas,62.4,Million dollars
2020,NUEGV,Nuclear fuel expenditures in the electric power sector,KY,Kentucky,0,Million dollars
2020,NUEGV,Nuclear fuel expenditures in the electric power sector,LA,Louisiana,98.1,Million dollars
2020,NUEGV,Nuclear fuel expenditures in the electric power sector,MA,Massachusetts,0,Million dollars
2020,NUEGV,Nuclear fuel expenditures in the electric power sector,MD,Maryland,97.7,Million dollars
2020,NUEGV,Nuclear fuel expenditures in the electric power sector,ME,Maine,0,Million dollars
2020,NUEGV,Nuclear fuel expenditures in the electric power sector,MI,Michigan,162.3,Million dollars
2020,NUEGV,Nuclear fuel expenditures in the electric power sector,MN,Minnesota,123.5,Million dollars
2020,NUEGV,Nuclear fuel expenditures in the electric power sector,MO,Missouri,68.1,Million dollars
2020,NUEGV,Nuclear fuel expenditures in the electric power sector,MS,Mississippi,25.6,Million dollars
2020,NUEGV,Nuclear fuel expenditures in the electric power sector,MT,Montana,0,Million dollars
2020,NUEGV,Nuclear fuel expenditures in the electric power sector,NC,North Carolina,263.5,Million dollars
2020,NUEGV,Nuclear fuel expenditures in the electric power sector,ND,North Dakota,0,Million dollars
2020,NUEGV,Nuclear fuel expenditures in the electric power sector,NE,Nebraska,41.9,Million dollars
2020,NUEGV,Nuclear fuel expenditures in the electric power sector,NH,New Hampshire,63.9,Million dollars
2020,NUEGV,Nuclear fuel expenditures in the electric power sector,NJ,New Jersey,176.3,Million dollars
2020,NUEGV,Nuclear fuel expenditures in the electric power sector,NM,New Mexico,0,Million dollars
2020,NUEGV,Nuclear fuel expenditures in the electric power sector,NV,Nevada,0,Million dollars
2020,NUEGV,Nuclear fuel expenditures in the electric power sector,NY,New York,255.4,Million dollars
2020,NUEGV,Nuclear fuel expenditures in the electric power sector,OH,Ohio,121.2,Million dollars
2020,NUEGV,Nuclear fuel expenditures in the electric power sector,OK,Oklahoma,0,Million dollars
2020,NUEGV,Nuclear fuel expenditures in the electric power sector,OR,Oregon,0,Million dollars
2020,NUEGV,Nuclear fuel expenditures in the electric power sector,PA,Pennsylvania,513.3,Million dollars
2020,NUEGV,Nuclear fuel expenditures in the electric power sector,RI,Rhode Island,0,Million dollars
2020,NUEGV,Nuclear fuel expenditures in the electric power sector,SC,South Carolina,350.5,Million dollars
2020,NUEGV,Nuclear fuel expenditures in the electric power sector,SD,South Dakota,0,Million dollars
2020,NUEGV,Nuclear fuel expenditures in the electric power sector,TN,Tennessee,237.8,Million dollars
2020,NUEGV,Nuclear fuel expenditures in the electric power sector,TX,Texas,268.6,Million dollars
2020,NUEGV,Nuclear fuel expenditures in the electric power sector,UT,Utah,0,Million dollars
2020,NUEGV,Nuclear fuel expenditures in the electric power sector,VA,Virginia,178.7,Million dollars
2020,NUEGV,Nuclear fuel expenditures in the electric power sector,VT,Vermont,0,Million dollars
2020,NUEGV,Nuclear fuel expenditures in the electric power sector,WA,Washington,63.8,Million dollars
2020,NUEGV,Nuclear fuel expenditures in the electric power sector,WI,Wisconsin,63.3,Million dollars
2020,NUEGV,Nuclear fuel expenditures in the electric power sector,WV,West Virginia,0,Million dollars
2020,NUEGV,Nuclear fuel expenditures in the electric power sector,WY,Wyoming,0,Million dollars
2020,PAEIV,All petroleum products total expenditures in the electric power sector,AK,Alaska,68,Million dollars
2020,PAEIV,All petroleum products total expenditures in the electric power sector,AL,Alabama,.7,Million dollars
2020,PAEIV,All petroleum products total expenditures in the electric power sector,AR,Arkansas,5.2,Million dollars
2020,PAEIV,All petroleum products total expenditures in the electric power sector,AZ,Arizona,5.9,Million dollars
2020,PAEIV,All petroleum products total expenditures in the electric power sector,CA,California,4.9,Million dollars
2020,PAEIV,All petroleum products total expenditures in the electric power sector,CO,Colorado,1.3,Million dollars
2020,PAEIV,All petroleum products total expenditures in the electric power sector,CT,Connecticut,4.9,Million dollars
2020,PAEIV,All petroleum products total expenditures in the electric power sector,DC,District of Columbia,0,Million dollars
2020,PAEIV,All petroleum products total expenditures in the electric power sector,DE,Delaware,1.4,Million dollars
2020,PAEIV,All petroleum products total expenditures in the electric power sector,FL,Florida,55.3,Million dollars
2020,PAEIV,All petroleum products total expenditures in the electric power sector,GA,Georgia,6.5,Million dollars
2020,PAEIV,All petroleum products total expenditures in the electric power sector,HI,Hawaii,581,Million dollars
2020,PAEIV,All petroleum products total expenditures in the electric power sector,IA,Iowa,7.3,Million dollars
2020,PAEIV,All petroleum products total expenditures in the electric power sector,ID,Idaho,0,Million dollars
2020,PAEIV,All petroleum products total expenditures in the electric power sector,IL,Illinois,4.7,Million dollars
2020,PAEIV,All petroleum products total expenditures in the electric power sector,IN,Indiana,13.5,Million dollars
2020,PAEIV,All petroleum products total expenditures in the electric power sector,KS,Kansas,10.6,Million dollars
2020,PAEIV,All petroleum products total expenditures in the electric power sector,KY,Kentucky,10.8,Million dollars
2020,PAEIV,All petroleum products total expenditures in the electric power sector,LA,Louisiana,60.9,Million dollars
2020,PAEIV,All petroleum products total expenditures in the electric power sector,MA,Massachusetts,3.4,Million dollars
2020,PAEIV,All petroleum products total expenditures in the electric power sector,MD,Maryland,11.7,Million dollars
2020,PAEIV,All petroleum products total expenditures in the electric power sector,ME,Maine,4.5,Million dollars
2020,PAEIV,All petroleum products total expenditures in the electric power sector,MI,Michigan,22.6,Million dollars
2020,PAEIV,All petroleum products total expenditures in the electric power sector,MN,Minnesota,2.9,Million dollars
2020,PAEIV,All petroleum products total expenditures in the electric power sector,MO,Missouri,9.7,Million dollars
2020,PAEIV,All petroleum products total expenditures in the electric power sector,MS,Mississippi,.7,Million dollars
2020,PAEIV,All petroleum products total expenditures in the electric power sector,MT,Montana,13.5,Million dollars
2020,PAEIV,All petroleum products total expenditures in the electric power sector,NC,North Carolina,14.1,Million dollars
2020,PAEIV,All petroleum products total expenditures in the electric power sector,ND,North Dakota,3.8,Million dollars
2020,PAEIV,All petroleum products total expenditures in the electric power sector,NE,Nebraska,2.7,Million dollars
2020,PAEIV,All petroleum products total expenditures in the electric power sector,NH,New Hampshire,3.8,Million dollars
2020,PAEIV,All petroleum products total expenditures in the electric power sector,NJ,New Jersey,1.9,Million dollars
2020,PAEIV,All petroleum products total expenditures in the electric power sector,NM,New Mexico,5.1,Million dollars
2020,PAEIV,All petroleum products total expenditures in the electric power sector,NV,Nevada,1.1,Million dollars
2020,PAEIV,All petroleum products total expenditures in the electric power sector,NY,New York,21.4,Million dollars
2020,PAEIV,All petroleum products total expenditures in the electric power sector,OH,Ohio,33.1,Million dollars
2020,PAEIV,All petroleum products total expenditures in the electric power sector,OK,Oklahoma,2.5,Million dollars
2020,PAEIV,All petroleum products total expenditures in the electric power sector,OR,Oregon,.3,Million dollars
2020,PAEIV,All petroleum products total expenditures in the electric power sector,PA,Pennsylvania,9.6,Million dollars
2020,PAEIV,All petroleum products total expenditures in the electric power sector,RI,Rhode Island,.3,Million dollars
2020,PAEIV,All petroleum products total expenditures in the electric power sector,SC,South Carolina,7.6,Million dollars
2020,PAEIV,All petroleum products total expenditures in the electric power sector,SD,South Dakota,.9,Million dollars
2020,PAEIV,All petroleum products total expenditures in the electric power sector,TN,Tennessee,12.4,Million dollars
2020,PAEIV,All petroleum products total expenditures in the electric power sector,TX,Texas,5.6,Million dollars
2020,PAEIV,All petroleum products total expenditures in the electric power sector,UT,Utah,5.2,Million dollars
2020,PAEIV,All petroleum products total expenditures in the electric power sector,VA,Virginia,25.6,Million dollars
2020,PAEIV,All petroleum products total expenditures in the electric power sector,VT,Vermont,.3,Million dollars
2020,PAEIV,All petroleum products total expenditures in the electric power sector,WA,Washington,1.8,Million dollars
2020,PAEIV,All petroleum products total expenditures in the electric power sector,WI,Wisconsin,5.2,Million dollars
2020,PAEIV,All petroleum products total expenditures in the electric power sector,WV,West Virginia,18,Million dollars
2020,PAEIV,All petroleum products total expenditures in the electric power sector,WY,Wyoming,5.6,Million dollars
2020,PMTCE,"Total petroleum, excluding biofuels, CO2 emissions for all sectors",AK,Alaska,15.1,Million metric tons CO2  
2020,PMTCE,"Total petroleum, excluding biofuels, CO2 emissions for all sectors",AL,Alabama,36.3,Million metric tons CO2  
2020,PMTCE,"Total petroleum, excluding biofuels, CO2 emissions for all sectors",AR,Arkansas,21.5,Million metric tons CO2  
2020,PMTCE,"Total petroleum, excluding biofuels, CO2 emissions for all sectors",AZ,Arizona,37.9,Million metric tons CO2  
2020,PMTCE,"Total petroleum, excluding biofuels, CO2 emissions for all sectors",CA,California,184.7,Million metric tons CO2  
2020,PMTCE,"Total petroleum, excluding biofuels, CO2 emissions for all sectors",CO,Colorado,29.9,Million metric tons CO2  
2020,PMTCE,"Total petroleum, excluding biofuels, CO2 emissions for all sectors",CT,Connecticut,17.7,Million metric tons CO2  
2020,PMTCE,"Total petroleum, excluding biofuels, CO2 emissions for all sectors",DC,District of Columbia,.9,Million metric tons CO2  
2020,PMTCE,"Total petroleum, excluding biofuels, CO2 emissions for all sectors",DE,Delaware,7.3,Million metric tons CO2  
2020,PMTCE,"Total petroleum, excluding biofuels, CO2 emissions for all sectors",FL,Florida,104.3,Million metric tons CO2  
2020,PMTCE,"Total petroleum, excluding biofuels, CO2 emissions for all sectors",GA,Georgia,60.5,Million metric tons CO2  
2020,PMTCE,"Total petroleum, excluding biofuels, CO2 emissions for all sectors",HI,Hawaii,13.4,Million metric tons CO2  
2020,PMTCE,"Total petroleum, excluding biofuels, CO2 emissions for all sectors",IA,Iowa,25.2,Million metric tons CO2  
2020,PMTCE,"Total petroleum, excluding biofuels, CO2 emissions for all sectors",ID,Idaho,12.3,Million metric tons CO2  
2020,PMTCE,"Total petroleum, excluding biofuels, CO2 emissions for all sectors",IL,Illinois,69.9,Million metric tons CO2  
2020,PMTCE,"Total petroleum, excluding biofuels, CO2 emissions for all sectors",IN,Indiana,44.7,Million metric tons CO2  
2020,PMTCE,"Total petroleum, excluding biofuels, CO2 emissions for all sectors",KS,Kansas,23.3,Million metric tons CO2  
2020,PMTCE,"Total petroleum, excluding biofuels, CO2 emissions for all sectors",KY,Kentucky,36.7,Million metric tons CO2  
2020,PMTCE,"Total petroleum, excluding biofuels, CO2 emissions for all sectors",LA,Louisiana,79.2,Million metric tons CO2  
2020,PMTCE,"Total petroleum, excluding biofuels, CO2 emissions for all sectors",MA,Massachusetts,31,Million metric tons CO2  
2020,PMTCE,"Total petroleum, excluding biofuels, CO2 emissions for all sectors",MD,Maryland,27.5,Million metric tons CO2  
2020,PMTCE,"Total petroleum, excluding biofuels, CO2 emissions for all sectors",ME,Maine,10.8,Million metric tons CO2  
2020,PMTCE,"Total petroleum, excluding biofuels, CO2 emissions for all sectors",MI,Michigan,51.7,Million metric tons CO2  
2020,PMTCE,"Total petroleum, excluding biofuels, CO2 emissions for all sectors",MN,Minnesota,35.5,Million metric tons CO2  
2020,PMTCE,"Total petroleum, excluding biofuels, CO2 emissions for all sectors",MO,Missouri,39.6,Million metric tons CO2  
2020,PMTCE,"Total petroleum, excluding biofuels, CO2 emissions for all sectors",MS,Mississippi,25.7,Million metric tons CO2  
2020,PMTCE,"Total petroleum, excluding biofuels, CO2 emissions for all sectors",MT,Montana,12.2,Million metric tons CO2  
2020,PMTCE,"Total petroleum, excluding biofuels, CO2 emissions for all sectors",NC,North Carolina,55.5,Million metric tons CO2  
2020,PMTCE,"Total petroleum, excluding biofuels, CO2 emissions for all sectors",ND,North Dakota,11.3,Million metric tons CO2  
2020,PMTCE,"Total petroleum, excluding biofuels, CO2 emissions for all sectors",NE,Nebraska,15.9,Million metric tons CO2  
2020,PMTCE,"Total petroleum, excluding biofuels, CO2 emissions for all sectors",NH,New Hampshire,9.5,Million metric tons CO2  
2020,PMTCE,"Total petroleum, excluding biofuels, CO2 emissions for all sectors",NJ,New Jersey,46.5,Million metric tons CO2  
2020,PMTCE,"Total petroleum, excluding biofuels, CO2 emissions for all sectors",NM,New Mexico,16.5,Million metric tons CO2  
2020,PMTCE,"Total petroleum, excluding biofuels, CO2 emissions for all sectors",NV,Nevada,17.1,Million metric tons CO2  
2020,PMTCE,"Total petroleum, excluding biofuels, CO2 emissions for all sectors",NY,New York,73.3,Million metric tons CO2  
2020,PMTCE,"Total petroleum, excluding biofuels, CO2 emissions for all sectors",OH,Ohio,67.4,Million metric tons CO2  
2020,PMTCE,"Total petroleum, excluding biofuels, CO2 emissions for all sectors",OK,Oklahoma,33,Million metric tons CO2  
2020,PMTCE,"Total petroleum, excluding biofuels, CO2 emissions for all sectors",OR,Oregon,20.2,Million metric tons CO2  
2020,PMTCE,"Total petroleum, excluding biofuels, CO2 emissions for all sectors",PA,Pennsylvania,64,Million metric tons CO2  
2020,PMTCE,"Total petroleum, excluding biofuels, CO2 emissions for all sectors",RI,Rhode Island,4.4,Million metric tons CO2  
2020,PMTCE,"Total petroleum, excluding biofuels, CO2 emissions for all sectors",SC,South Carolina,32.2,Million metric tons CO2  
2020,PMTCE,"Total petroleum, excluding biofuels, CO2 emissions for all sectors",SD,South Dakota,8.1,Million metric tons CO2  
2020,PMTCE,"Total petroleum, excluding biofuels, CO2 emissions for all sectors",TN,Tennessee,45.3,Million metric tons CO2  
2020,PMTCE,"Total petroleum, excluding biofuels, CO2 emissions for all sectors",TX,Texas,294,Million metric tons CO2  
2020,PMTCE,"Total petroleum, excluding biofuels, CO2 emissions for all sectors",UT,Utah,19.9,Million metric tons CO2  
2020,PMTCE,"Total petroleum, excluding biofuels, CO2 emissions for all sectors",VA,Virginia,51.3,Million metric tons CO2  
2020,PMTCE,"Total petroleum, excluding biofuels, CO2 emissions for all sectors",VT,Vermont,4.7,Million metric tons CO2  
2020,PMTCE,"Total petroleum, excluding biofuels, CO2 emissions for all sectors",WA,Washington,43.8,Million metric tons CO2  
2020,PMTCE,"Total petroleum, excluding biofuels, CO2 emissions for all sectors",WI,Wisconsin,33,Million metric tons CO2  
2020,PMTCE,"Total petroleum, excluding biofuels, CO2 emissions for all sectors",WV,West Virginia,11.5,Million metric tons CO2  
2020,PMTCE,"Total petroleum, excluding biofuels, CO2 emissions for all sectors",WY,Wyoming,9.7,Million metric tons CO2  
2019,CLEIV,Coal expenditures in the electric power sector,AK,Alaska,38.7,Million dollars
2019,CLEIV,Coal expenditures in the electric power sector,AL,Alabama,615.3,Million dollars
2019,CLEIV,Coal expenditures in the electric power sector,AR,Arkansas,463.4,Million dollars
2019,CLEIV,Coal expenditures in the electric power sector,AZ,Arizona,642.5,Million dollars
2019,CLEIV,Coal expenditures in the electric power sector,CA,California,0,Million dollars
2019,CLEIV,Coal expenditures in the electric power sector,CO,Colorado,469.1,Million dollars
2019,CLEIV,Coal expenditures in the electric power sector,CT,Connecticut,2.9,Million dollars
2019,CLEIV,Coal expenditures in the electric power sector,DC,District of Columbia,0,Million dollars
2019,CLEIV,Coal expenditures in the electric power sector,DE,Delaware,5.6,Million dollars
2019,CLEIV,Coal expenditures in the electric power sector,FL,Florida,632.3,Million dollars
2019,CLEIV,Coal expenditures in the electric power sector,GA,Georgia,714,Million dollars
2019,CLEIV,Coal expenditures in the electric power sector,HI,Hawaii,49.8,Million dollars
2019,CLEIV,Coal expenditures in the electric power sector,IA,Iowa,341.8,Million dollars
2019,CLEIV,Coal expenditures in the electric power sector,ID,Idaho,0,Million dollars
2019,CLEIV,Coal expenditures in the electric power sector,IL,Illinois,1003.9,Million dollars
2019,CLEIV,Coal expenditures in the electric power sector,IN,Indiana,1407,Million dollars
2019,CLEIV,Coal expenditures in the electric power sector,KS,Kansas,316.9,Million dollars
2019,CLEIV,Coal expenditures in the electric power sector,KY,Kentucky,1064.1,Million dollars
2019,CLEIV,Coal expenditures in the electric power sector,LA,Louisiana,272.2,Million dollars
2019,CLEIV,Coal expenditures in the electric power sector,MA,Massachusetts,0,Million dollars
2019,CLEIV,Coal expenditures in the electric power sector,MD,Maryland,178.6,Million dollars
2019,CLEIV,Coal expenditures in the electric power sector,ME,Maine,5.7,Million dollars
2019,CLEIV,Coal expenditures in the electric power sector,MI,Michigan,832.7,Million dollars
2019,CLEIV,Coal expenditures in the electric power sector,MN,Minnesota,376.2,Million dollars
2019,CLEIV,Coal expenditures in the electric power sector,MO,Missouri,942.6,Million dollars
2019,CLEIV,Coal expenditures in the electric power sector,MS,Mississippi,148.5,Million dollars
2019,CLEIV,Coal expenditures in the electric power sector,MT,Montana,303.4,Million dollars
2019,CLEIV,Coal expenditures in the electric power sector,NC,North Carolina,859.7,Million dollars
2019,CLEIV,Coal expenditures in the electric power sector,ND,North Dakota,468.2,Million dollars
2019,CLEIV,Coal expenditures in the electric power sector,NE,Nebraska,275,Million dollars
2019,CLEIV,Coal expenditures in the electric power sector,NH,New Hampshire,14,Million dollars
2019,CLEIV,Coal expenditures in the electric power sector,NJ,New Jersey,42.4,Million dollars
2019,CLEIV,Coal expenditures in the electric power sector,NM,New Mexico,373.4,Million dollars
2019,CLEIV,Coal expenditures in the electric power sector,NV,Nevada,84.2,Million dollars
2019,CLEIV,Coal expenditures in the electric power sector,NY,New York,10.8,Million dollars
2019,CLEIV,Coal expenditures in the electric power sector,OH,Ohio,860.5,Million dollars
2019,CLEIV,Coal expenditures in the electric power sector,OK,Oklahoma,154.2,Million dollars
2019,CLEIV,Coal expenditures in the electric power sector,OR,Oregon,59.6,Million dollars
2019,CLEIV,Coal expenditures in the electric power sector,PA,Pennsylvania,749.9,Million dollars
2019,CLEIV,Coal expenditures in the electric power sector,RI,Rhode Island,0,Million dollars
2019,CLEIV,Coal expenditures in the electric power sector,SC,South Carolina,501.1,Million dollars
2019,CLEIV,Coal expenditures in the electric power sector,SD,South Dakota,49.5,Million dollars
2019,CLEIV,Coal expenditures in the electric power sector,TN,Tennessee,394.9,Million dollars
2019,CLEIV,Coal expenditures in the electric power sector,TX,Texas,1956,Million dollars
2019,CLEIV,Coal expenditures in the electric power sector,UT,Utah,508.1,Million dollars
2019,CLEIV,Coal expenditures in the electric power sector,VA,Virginia,117.5,Million dollars
2019,CLEIV,Coal expenditures in the electric power sector,VT,Vermont,0,Million dollars
2019,CLEIV,Coal expenditures in the electric power sector,WA,Washington,180.2,Million dollars
2019,CLEIV,Coal expenditures in the electric power sector,WI,Wisconsin,582.7,Million dollars
2019,CLEIV,Coal expenditures in the electric power sector,WV,West Virginia,1237.4,Million dollars
2019,CLEIV,Coal expenditures in the electric power sector,WY,Wyoming,617.4,Million dollars
2019,CLTCE,Coal CO2 emissions for all sectors,AK,Alaska,1.7,Million metric tons CO2  
2019,CLTCE,Coal CO2 emissions for all sectors,AL,Alabama,30.2,Million metric tons CO2  
2019,CLTCE,Coal CO2 emissions for all sectors,AR,Arkansas,22.9,Million metric tons CO2  
2019,CLTCE,Coal CO2 emissions for all sectors,AZ,Arizona,24.6,Million metric tons CO2  
2019,CLTCE,Coal CO2 emissions for all sectors,CA,California,3,Million metric tons CO2  
2019,CLTCE,Coal CO2 emissions for all sectors,CO,Colorado,26.1,Million metric tons CO2  
2019,CLTCE,Coal CO2 emissions for all sectors,CT,Connecticut,.1,Million metric tons CO2  
2019,CLTCE,Coal CO2 emissions for all sectors,DC,District of Columbia,0,Million metric tons CO2  
2019,CLTCE,Coal CO2 emissions for all sectors,DE,Delaware,.2,Million metric tons CO2  
2019,CLTCE,Coal CO2 emissions for all sectors,FL,Florida,22.3,Million metric tons CO2  
2019,CLTCE,Coal CO2 emissions for all sectors,GA,Georgia,26.1,Million metric tons CO2  
2019,CLTCE,Coal CO2 emissions for all sectors,HI,Hawaii,1.4,Million metric tons CO2  
2019,CLTCE,Coal CO2 emissions for all sectors,IA,Iowa,25.5,Million metric tons CO2  
2019,CLTCE,Coal CO2 emissions for all sectors,ID,Idaho,.2,Million metric tons CO2  
2019,CLTCE,Coal CO2 emissions for all sectors,IL,Illinois,56.5,Million metric tons CO2  
2019,CLTCE,Coal CO2 emissions for all sectors,IN,Indiana,78.1,Million metric tons CO2  
2019,CLTCE,Coal CO2 emissions for all sectors,KS,Kansas,18.9,Million metric tons CO2  
2019,CLTCE,Coal CO2 emissions for all sectors,KY,Kentucky,54.9,Million metric tons CO2  
2019,CLTCE,Coal CO2 emissions for all sectors,LA,Louisiana,8.7,Million metric tons CO2  
2019,CLTCE,Coal CO2 emissions for all sectors,MA,Massachusetts,0,Million metric tons CO2  
2019,CLTCE,Coal CO2 emissions for all sectors,MD,Maryland,7.4,Million metric tons CO2  
2019,CLTCE,Coal CO2 emissions for all sectors,ME,Maine,.2,Million metric tons CO2  
2019,CLTCE,Coal CO2 emissions for all sectors,MI,Michigan,42.7,Million metric tons CO2  
2019,CLTCE,Coal CO2 emissions for all sectors,MN,Minnesota,19.6,Million metric tons CO2  
2019,CLTCE,Coal CO2 emissions for all sectors,MO,Missouri,55.9,Million metric tons CO2  
2019,CLTCE,Coal CO2 emissions for all sectors,MS,Mississippi,4.9,Million metric tons CO2  
2019,CLTCE,Coal CO2 emissions for all sectors,MT,Montana,15.2,Million metric tons CO2  
2019,CLTCE,Coal CO2 emissions for all sectors,NC,North Carolina,30.4,Million metric tons CO2  
2019,CLTCE,Coal CO2 emissions for all sectors,ND,North Dakota,35.6,Million metric tons CO2  
2019,CLTCE,Coal CO2 emissions for all sectors,NE,Nebraska,23,Million metric tons CO2  
2019,CLTCE,Coal CO2 emissions for all sectors,NH,New Hampshire,.4,Million metric tons CO2  
2019,CLTCE,Coal CO2 emissions for all sectors,NJ,New Jersey,1.3,Million metric tons CO2  
2019,CLTCE,Coal CO2 emissions for all sectors,NM,New Mexico,14.5,Million metric tons CO2  
2019,CLTCE,Coal CO2 emissions for all sectors,NV,Nevada,3.6,Million metric tons CO2  
2019,CLTCE,Coal CO2 emissions for all sectors,NY,New York,1.3,Million metric tons CO2  
2019,CLTCE,Coal CO2 emissions for all sectors,OH,Ohio,56.4,Million metric tons CO2  
2019,CLTCE,Coal CO2 emissions for all sectors,OK,Oklahoma,9,Million metric tons CO2  
2019,CLTCE,Coal CO2 emissions for all sectors,OR,Oregon,2.6,Million metric tons CO2  
2019,CLTCE,Coal CO2 emissions for all sectors,PA,Pennsylvania,53.8,Million metric tons CO2  
2019,CLTCE,Coal CO2 emissions for all sectors,RI,Rhode Island,0,Million metric tons CO2  
2019,CLTCE,Coal CO2 emissions for all sectors,SC,South Carolina,15.4,Million metric tons CO2  
2019,CLTCE,Coal CO2 emissions for all sectors,SD,South Dakota,3,Million metric tons CO2  
2019,CLTCE,Coal CO2 emissions for all sectors,TN,Tennessee,20.7,Million metric tons CO2  
2019,CLTCE,Coal CO2 emissions for all sectors,TX,Texas,94.9,Million metric tons CO2  
2019,CLTCE,Coal CO2 emissions for all sectors,UT,Utah,25.5,Million metric tons CO2  
2019,CLTCE,Coal CO2 emissions for all sectors,VA,Virginia,8,Million metric tons CO2  
2019,CLTCE,Coal CO2 emissions for all sectors,VT,Vermont,0,Million metric tons CO2  
2019,CLTCE,Coal CO2 emissions for all sectors,WA,Washington,7.7,Million metric tons CO2  
2019,CLTCE,Coal CO2 emissions for all sectors,WI,Wisconsin,26.8,Million metric tons CO2  
2019,CLTCE,Coal CO2 emissions for all sectors,WV,West Virginia,59.4,Million metric tons CO2  
2019,CLTCE,Coal CO2 emissions for all sectors,WY,Wyoming,39.2,Million metric tons CO2  
2019,FFTCE,Fossil fuel CO2 emissions for all sectors,AK,Alaska,34.3,Million metric tons CO2
2019,FFTCE,Fossil fuel CO2 emissions for all sectors,AL,Alabama,106,Million metric tons CO2
2019,FFTCE,Fossil fuel CO2 emissions for all sectors,AR,Arkansas,64.9,Million metric tons CO2
2019,FFTCE,Fossil fuel CO2 emissions for all sectors,AZ,Arizona,92.5,Million metric tons CO2
2019,FFTCE,Fossil fuel CO2 emissions for all sectors,CA,California,354.6,Million metric tons CO2
2019,FFTCE,Fossil fuel CO2 emissions for all sectors,CO,Colorado,91.3,Million metric tons CO2
2019,FFTCE,Fossil fuel CO2 emissions for all sectors,CT,Connecticut,36.2,Million metric tons CO2
2019,FFTCE,Fossil fuel CO2 emissions for all sectors,DC,District of Columbia,2.8,Million metric tons CO2
2019,FFTCE,Fossil fuel CO2 emissions for all sectors,DE,Delaware,13.6,Million metric tons CO2
2019,FFTCE,Fossil fuel CO2 emissions for all sectors,FL,Florida,232.9,Million metric tons CO2
2019,FFTCE,Fossil fuel CO2 emissions for all sectors,GA,Georgia,136.1,Million metric tons CO2
2019,FFTCE,Fossil fuel CO2 emissions for all sectors,HI,Hawaii,20.3,Million metric tons CO2
2019,FFTCE,Fossil fuel CO2 emissions for all sectors,IA,Iowa,75,Million metric tons CO2
2019,FFTCE,Fossil fuel CO2 emissions for all sectors,ID,Idaho,20,Million metric tons CO2
2019,FFTCE,Fossil fuel CO2 emissions for all sectors,IL,Illinois,201.4,Million metric tons CO2
2019,FFTCE,Fossil fuel CO2 emissions for all sectors,IN,Indiana,175.6,Million metric tons CO2
2019,FFTCE,Fossil fuel CO2 emissions for all sectors,KS,Kansas,60.3,Million metric tons CO2
2019,FFTCE,Fossil fuel CO2 emissions for all sectors,KY,Kentucky,114.3,Million metric tons CO2
2019,FFTCE,Fossil fuel CO2 emissions for all sectors,LA,Louisiana,194.8,Million metric tons CO2
2019,FFTCE,Fossil fuel CO2 emissions for all sectors,MA,Massachusetts,63.2,Million metric tons CO2
2019,FFTCE,Fossil fuel CO2 emissions for all sectors,MD,Maryland,56.7,Million metric tons CO2
2019,FFTCE,Fossil fuel CO2 emissions for all sectors,ME,Maine,14.4,Million metric tons CO2
2019,FFTCE,Fossil fuel CO2 emissions for all sectors,MI,Michigan,158.7,Million metric tons CO2
2019,FFTCE,Fossil fuel CO2 emissions for all sectors,MN,Minnesota,90.6,Million metric tons CO2
2019,FFTCE,Fossil fuel CO2 emissions for all sectors,MO,Missouri,116.6,Million metric tons CO2
2019,FFTCE,Fossil fuel CO2 emissions for all sectors,MS,Mississippi,62.3,Million metric tons CO2
2019,FFTCE,Fossil fuel CO2 emissions for all sectors,MT,Montana,32.3,Million metric tons CO2
2019,FFTCE,Fossil fuel CO2 emissions for all sectors,NC,North Carolina,122.3,Million metric tons CO2
2019,FFTCE,Fossil fuel CO2 emissions for all sectors,ND,North Dakota,56.7,Million metric tons CO2
2019,FFTCE,Fossil fuel CO2 emissions for all sectors,NE,Nebraska,50.3,Million metric tons CO2
2019,FFTCE,Fossil fuel CO2 emissions for all sectors,NH,New Hampshire,13.9,Million metric tons CO2
2019,FFTCE,Fossil fuel CO2 emissions for all sectors,NJ,New Jersey,100.5,Million metric tons CO2
2019,FFTCE,Fossil fuel CO2 emissions for all sectors,NM,New Mexico,48.8,Million metric tons CO2
2019,FFTCE,Fossil fuel CO2 emissions for all sectors,NV,Nevada,41.7,Million metric tons CO2
2019,FFTCE,Fossil fuel CO2 emissions for all sectors,NY,New York,168.2,Million metric tons CO2
2019,FFTCE,Fossil fuel CO2 emissions for all sectors,OH,Ohio,196.1,Million metric tons CO2
2019,FFTCE,Fossil fuel CO2 emissions for all sectors,OK,Oklahoma,91.1,Million metric tons CO2
2019,FFTCE,Fossil fuel CO2 emissions for all sectors,OR,Oregon,41.2,Million metric tons CO2
2019,FFTCE,Fossil fuel CO2 emissions for all sectors,PA,Pennsylvania,218.3,Million metric tons CO2
2019,FFTCE,Fossil fuel CO2 emissions for all sectors,RI,Rhode Island,10.2,Million metric tons CO2
2019,FFTCE,Fossil fuel CO2 emissions for all sectors,SC,South Carolina,69.1,Million metric tons CO2
2019,FFTCE,Fossil fuel CO2 emissions for all sectors,SD,South Dakota,15.9,Million metric tons CO2
2019,FFTCE,Fossil fuel CO2 emissions for all sectors,TN,Tennessee,91.9,Million metric tons CO2
2019,FFTCE,Fossil fuel CO2 emissions for all sectors,TX,Texas,681.7,Million metric tons CO2
2019,FFTCE,Fossil fuel CO2 emissions for all sectors,UT,Utah,61.4,Million metric tons CO2
2019,FFTCE,Fossil fuel CO2 emissions for all sectors,VA,Virginia,106.4,Million metric tons CO2
2019,FFTCE,Fossil fuel CO2 emissions for all sectors,VT,Vermont,6,Million metric tons CO2
2019,FFTCE,Fossil fuel CO2 emissions for all sectors,WA,Washington,84,Million metric tons CO2
2019,FFTCE,Fossil fuel CO2 emissions for all sectors,WI,Wisconsin,94.6,Million metric tons CO2
2019,FFTCE,Fossil fuel CO2 emissions for all sectors,WV,West Virginia,85.3,Million metric tons CO2
2019,FFTCE,Fossil fuel CO2 emissions for all sectors,WY,Wyoming,59,Million metric tons CO2
2019,NGEIV,Natural gas expenditures in the electric power sector (including supplemental gaseous fuels),AK,Alaska,170.3,Million dollars
2019,NGEIV,Natural gas expenditures in the electric power sector (including supplemental gaseous fuels),AL,Alabama,1240.4,Million dollars
2019,NGEIV,Natural gas expenditures in the electric power sector (including supplemental gaseous fuels),AR,Arkansas,426.2,Million dollars
2019,NGEIV,Natural gas expenditures in the electric power sector (including supplemental gaseous fuels),AZ,Arizona,787.5,Million dollars
2019,NGEIV,Natural gas expenditures in the electric power sector (including supplemental gaseous fuels),CA,California,2199.5,Million dollars
2019,NGEIV,Natural gas expenditures in the electric power sector (including supplemental gaseous fuels),CO,Colorado,448.9,Million dollars
2019,NGEIV,Natural gas expenditures in the electric power sector (including supplemental gaseous fuels),CT,Connecticut,517.9,Million dollars
2019,NGEIV,Natural gas expenditures in the electric power sector (including supplemental gaseous fuels),DC,District of Columbia,0,Million dollars
2019,NGEIV,Natural gas expenditures in the electric power sector (including supplemental gaseous fuels),DE,Delaware,74.7,Million dollars
2019,NGEIV,Natural gas expenditures in the electric power sector (including supplemental gaseous fuels),FL,Florida,5020.1,Million dollars
2019,NGEIV,Natural gas expenditures in the electric power sector (including supplemental gaseous fuels),GA,Georgia,1260.1,Million dollars
2019,NGEIV,Natural gas expenditures in the electric power sector (including supplemental gaseous fuels),HI,Hawaii,0,Million dollars
2019,NGEIV,Natural gas expenditures in the electric power sector (including supplemental gaseous fuels),IA,Iowa,132.5,Million dollars
2019,NGEIV,Natural gas expenditures in the electric power sector (including supplemental gaseous fuels),ID,Idaho,128.5,Million dollars
2019,NGEIV,Natural gas expenditures in the electric power sector (including supplemental gaseous fuels),IL,Illinois,518.7,Million dollars
2019,NGEIV,Natural gas expenditures in the electric power sector (including supplemental gaseous fuels),IN,Indiana,606.3,Million dollars
2019,NGEIV,Natural gas expenditures in the electric power sector (including supplemental gaseous fuels),KS,Kansas,79.9,Million dollars
2019,NGEIV,Natural gas expenditures in the electric power sector (including supplemental gaseous fuels),KY,Kentucky,379.7,Million dollars
2019,NGEIV,Natural gas expenditures in the electric power sector (including supplemental gaseous fuels),LA,Louisiana,952.3,Million dollars
2019,NGEIV,Natural gas expenditures in the electric power sector (including supplemental gaseous fuels),MA,Massachusetts,507.4,Million dollars
2019,NGEIV,Natural gas expenditures in the electric power sector (including supplemental gaseous fuels),MD,Maryland,312.9,Million dollars
2019,NGEIV,Natural gas expenditures in the electric power sector (including supplemental gaseous fuels),ME,Maine,42.1,Million dollars
2019,NGEIV,Natural gas expenditures in the electric power sector (including supplemental gaseous fuels),MI,Michigan,759.2,Million dollars
2019,NGEIV,Natural gas expenditures in the electric power sector (including supplemental gaseous fuels),MN,Minnesota,275.2,Million dollars
2019,NGEIV,Natural gas expenditures in the electric power sector (including supplemental gaseous fuels),MO,Missouri,172.5,Million dollars
2019,NGEIV,Natural gas expenditures in the electric power sector (including supplemental gaseous fuels),MS,Mississippi,1016.5,Million dollars
2019,NGEIV,Natural gas expenditures in the electric power sector (including supplemental gaseous fuels),MT,Montana,9,Million dollars
2019,NGEIV,Natural gas expenditures in the electric power sector (including supplemental gaseous fuels),NC,North Carolina,1120.6,Million dollars
2019,NGEIV,Natural gas expenditures in the electric power sector (including supplemental gaseous fuels),ND,North Dakota,48.6,Million dollars
2019,NGEIV,Natural gas expenditures in the electric power sector (including supplemental gaseous fuels),NE,Nebraska,38,Million dollars
2019,NGEIV,Natural gas expenditures in the electric power sector (including supplemental gaseous fuels),NH,New Hampshire,197.4,Million dollars
2019,NGEIV,Natural gas expenditures in the electric power sector (including supplemental gaseous fuels),NJ,New Jersey,845,Million dollars
2019,NGEIV,Natural gas expenditures in the electric power sector (including supplemental gaseous fuels),NM,New Mexico,134.5,Million dollars
2019,NGEIV,Natural gas expenditures in the electric power sector (including supplemental gaseous fuels),NV,Nevada,618.1,Million dollars
2019,NGEIV,Natural gas expenditures in the electric power sector (including supplemental gaseous fuels),NY,New York,1154.6,Million dollars
2019,NGEIV,Natural gas expenditures in the electric power sector (including supplemental gaseous fuels),OH,Ohio,939,Million dollars
2019,NGEIV,Natural gas expenditures in the electric power sector (including supplemental gaseous fuels),OK,Oklahoma,855.3,Million dollars
2019,NGEIV,Natural gas expenditures in the electric power sector (including supplemental gaseous fuels),OR,Oregon,334.3,Million dollars
2019,NGEIV,Natural gas expenditures in the electric power sector (including supplemental gaseous fuels),PA,Pennsylvania,1634.2,Million dollars
2019,NGEIV,Natural gas expenditures in the electric power sector (including supplemental gaseous fuels),RI,Rhode Island,170.6,Million dollars
2019,NGEIV,Natural gas expenditures in the electric power sector (including supplemental gaseous fuels),SC,South Carolina,596.1,Million dollars
2019,NGEIV,Natural gas expenditures in the electric power sector (including supplemental gaseous fuels),SD,South Dakota,25,Million dollars
2019,NGEIV,Natural gas expenditures in the electric power sector (including supplemental gaseous fuels),TN,Tennessee,338.4,Million dollars
2019,NGEIV,Natural gas expenditures in the electric power sector (including supplemental gaseous fuels),TX,Texas,4271.4,Million dollars
2019,NGEIV,Natural gas expenditures in the electric power sector (including supplemental gaseous fuels),UT,Utah,215.6,Million dollars
2019,NGEIV,Natural gas expenditures in the electric power sector (including supplemental gaseous fuels),VA,Virginia,1351.1,Million dollars
2019,NGEIV,Natural gas expenditures in the electric power sector (including supplemental gaseous fuels),VT,Vermont,0,Million dollars
2019,NGEIV,Natural gas expenditures in the electric power sector (including supplemental gaseous fuels),WA,Washington,382.2,Million dollars
2019,NGEIV,Natural gas expenditures in the electric power sector (including supplemental gaseous fuels),WI,Wisconsin,414.1,Million dollars
2019,NGEIV,Natural gas expenditures in the electric power sector (including supplemental gaseous fuels),WV,West Virginia,38.5,Million dollars
2019,NGEIV,Natural gas expenditures in the electric power sector (including supplemental gaseous fuels),WY,Wyoming,10.6,Million dollars
2019,NNTCE,"Natural gas, excluding supplemental gaseous fuels, CO2 emissions for all sectors",AK,Alaska,17.6,Million metric tons CO2
2019,NNTCE,"Natural gas, excluding supplemental gaseous fuels, CO2 emissions for all sectors",AL,Alabama,39.1,Million metric tons CO2
2019,NNTCE,"Natural gas, excluding supplemental gaseous fuels, CO2 emissions for all sectors",AR,Arkansas,19.4,Million metric tons CO2
2019,NNTCE,"Natural gas, excluding supplemental gaseous fuels, CO2 emissions for all sectors",AZ,Arizona,25.6,Million metric tons CO2
2019,NNTCE,"Natural gas, excluding supplemental gaseous fuels, CO2 emissions for all sectors",CA,California,115.6,Million metric tons CO2
2019,NNTCE,"Natural gas, excluding supplemental gaseous fuels, CO2 emissions for all sectors",CO,Colorado,28.9,Million metric tons CO2
2019,NNTCE,"Natural gas, excluding supplemental gaseous fuels, CO2 emissions for all sectors",CT,Connecticut,15.5,Million metric tons CO2
2019,NNTCE,"Natural gas, excluding supplemental gaseous fuels, CO2 emissions for all sectors",DC,District of Columbia,1.7,Million metric tons CO2
2019,NNTCE,"Natural gas, excluding supplemental gaseous fuels, CO2 emissions for all sectors",DE,Delaware,4.9,Million metric tons CO2
2019,NNTCE,"Natural gas, excluding supplemental gaseous fuels, CO2 emissions for all sectors",FL,Florida,83.2,Million metric tons CO2
2019,NNTCE,"Natural gas, excluding supplemental gaseous fuels, CO2 emissions for all sectors",GA,Georgia,41.3,Million metric tons CO2
2019,NNTCE,"Natural gas, excluding supplemental gaseous fuels, CO2 emissions for all sectors",HI,Hawaii,0,Million metric tons CO2
2019,NNTCE,"Natural gas, excluding supplemental gaseous fuels, CO2 emissions for all sectors",IA,Iowa,22.4,Million metric tons CO2
2019,NNTCE,"Natural gas, excluding supplemental gaseous fuels, CO2 emissions for all sectors",ID,Idaho,7,Million metric tons CO2
2019,NNTCE,"Natural gas, excluding supplemental gaseous fuels, CO2 emissions for all sectors",IL,Illinois,61.9,Million metric tons CO2
2019,NNTCE,"Natural gas, excluding supplemental gaseous fuels, CO2 emissions for all sectors",IN,Indiana,48.5,Million metric tons CO2
2019,NNTCE,"Natural gas, excluding supplemental gaseous fuels, CO2 emissions for all sectors",KS,Kansas,16.6,Million metric tons CO2
2019,NNTCE,"Natural gas, excluding supplemental gaseous fuels, CO2 emissions for all sectors",KY,Kentucky,18.8,Million metric tons CO2
2019,NNTCE,"Natural gas, excluding supplemental gaseous fuels, CO2 emissions for all sectors",LA,Louisiana,101,Million metric tons CO2
2019,NNTCE,"Natural gas, excluding supplemental gaseous fuels, CO2 emissions for all sectors",MA,Massachusetts,23.3,Million metric tons CO2
2019,NNTCE,"Natural gas, excluding supplemental gaseous fuels, CO2 emissions for all sectors",MD,Maryland,16.4,Million metric tons CO2
2019,NNTCE,"Natural gas, excluding supplemental gaseous fuels, CO2 emissions for all sectors",ME,Maine,2.4,Million metric tons CO2
2019,NNTCE,"Natural gas, excluding supplemental gaseous fuels, CO2 emissions for all sectors",MI,Michigan,55.4,Million metric tons CO2
2019,NNTCE,"Natural gas, excluding supplemental gaseous fuels, CO2 emissions for all sectors",MN,Minnesota,28.7,Million metric tons CO2
2019,NNTCE,"Natural gas, excluding supplemental gaseous fuels, CO2 emissions for all sectors",MO,Missouri,17.2,Million metric tons CO2
2019,NNTCE,"Natural gas, excluding supplemental gaseous fuels, CO2 emissions for all sectors",MS,Mississippi,30.6,Million metric tons CO2
2019,NNTCE,"Natural gas, excluding supplemental gaseous fuels, CO2 emissions for all sectors",MT,Montana,4.8,Million metric tons CO2
2019,NNTCE,"Natural gas, excluding supplemental gaseous fuels, CO2 emissions for all sectors",NC,North Carolina,29.9,Million metric tons CO2
2019,NNTCE,"Natural gas, excluding supplemental gaseous fuels, CO2 emissions for all sectors",ND,North Dakota,8.2,Million metric tons CO2
2019,NNTCE,"Natural gas, excluding supplemental gaseous fuels, CO2 emissions for all sectors",NE,Nebraska,10.3,Million metric tons CO2
2019,NNTCE,"Natural gas, excluding supplemental gaseous fuels, CO2 emissions for all sectors",NH,New Hampshire,2.9,Million metric tons CO2
2019,NNTCE,"Natural gas, excluding supplemental gaseous fuels, CO2 emissions for all sectors",NJ,New Jersey,41.7,Million metric tons CO2
2019,NNTCE,"Natural gas, excluding supplemental gaseous fuels, CO2 emissions for all sectors",NM,New Mexico,15.9,Million metric tons CO2
2019,NNTCE,"Natural gas, excluding supplemental gaseous fuels, CO2 emissions for all sectors",NV,Nevada,16.7,Million metric tons CO2
2019,NNTCE,"Natural gas, excluding supplemental gaseous fuels, CO2 emissions for all sectors",NY,New York,70.6,Million metric tons CO2
2019,NNTCE,"Natural gas, excluding supplemental gaseous fuels, CO2 emissions for all sectors",OH,Ohio,66,Million metric tons CO2
2019,NNTCE,"Natural gas, excluding supplemental gaseous fuels, CO2 emissions for all sectors",OK,Oklahoma,45.5,Million metric tons CO2
2019,NNTCE,"Natural gas, excluding supplemental gaseous fuels, CO2 emissions for all sectors",OR,Oregon,15.9,Million metric tons CO2
2019,NNTCE,"Natural gas, excluding supplemental gaseous fuels, CO2 emissions for all sectors",PA,Pennsylvania,87.8,Million metric tons CO2
2019,NNTCE,"Natural gas, excluding supplemental gaseous fuels, CO2 emissions for all sectors",RI,Rhode Island,5.2,Million metric tons CO2
2019,NNTCE,"Natural gas, excluding supplemental gaseous fuels, CO2 emissions for all sectors",SC,South Carolina,18.2,Million metric tons CO2
2019,NNTCE,"Natural gas, excluding supplemental gaseous fuels, CO2 emissions for all sectors",SD,South Dakota,5,Million metric tons CO2
2019,NNTCE,"Natural gas, excluding supplemental gaseous fuels, CO2 emissions for all sectors",TN,Tennessee,21.9,Million metric tons CO2
2019,NNTCE,"Natural gas, excluding supplemental gaseous fuels, CO2 emissions for all sectors",TX,Texas,248.7,Million metric tons CO2
2019,NNTCE,"Natural gas, excluding supplemental gaseous fuels, CO2 emissions for all sectors",UT,Utah,14.5,Million metric tons CO2
2019,NNTCE,"Natural gas, excluding supplemental gaseous fuels, CO2 emissions for all sectors",VA,Virginia,37.7,Million metric tons CO2
2019,NNTCE,"Natural gas, excluding supplemental gaseous fuels, CO2 emissions for all sectors",VT,Vermont,.8,Million metric tons CO2
2019,NNTCE,"Natural gas, excluding supplemental gaseous fuels, CO2 emissions for all sectors",WA,Washington,19.8,Million metric tons CO2
2019,NNTCE,"Natural gas, excluding supplemental gaseous fuels, CO2 emissions for all sectors",WI,Wisconsin,31,Million metric tons CO2
2019,NNTCE,"Natural gas, excluding supplemental gaseous fuels, CO2 emissions for all sectors",WV,West Virginia,12.4,Million metric tons CO2
2019,NNTCE,"Natural gas, excluding supplemental gaseous fuels, CO2 emissions for all sectors",WY,Wyoming,8.8,Million metric tons CO2
2019,NUEGV,Nuclear fuel expenditures in the electric power sector,AK,Alaska,0,Million dollars
2019,NUEGV,Nuclear fuel expenditures in the electric power sector,AL,Alabama,319.8,Million dollars
2019,NUEGV,Nuclear fuel expenditures in the electric power sector,AR,Arkansas,95.9,Million dollars
2019,NUEGV,Nuclear fuel expenditures in the electric power sector,AZ,Arizona,243.3,Million dollars
2019,NUEGV,Nuclear fuel expenditures in the electric power sector,CA,California,113.6,Million dollars
2019,NUEGV,Nuclear fuel expenditures in the electric power sector,CO,Colorado,0,Million dollars
2019,NUEGV,Nuclear fuel expenditures in the electric power sector,CT,Connecticut,113.4,Million dollars
2019,NUEGV,Nuclear fuel expenditures in the electric power sector,DC,District of Columbia,0,Million dollars
2019,NUEGV,Nuclear fuel expenditures in the electric power sector,DE,Delaware,0,Million dollars
2019,NUEGV,Nuclear fuel expenditures in the electric power sector,FL,Florida,161.8,Million dollars
2019,NUEGV,Nuclear fuel expenditures in the electric power sector,GA,Georgia,271.6,Million dollars
2019,NUEGV,Nuclear fuel expenditures in the electric power sector,HI,Hawaii,0,Million dollars
2019,NUEGV,Nuclear fuel expenditures in the electric power sector,IA,Iowa,37.5,Million dollars
2019,NUEGV,Nuclear fuel expenditures in the electric power sector,ID,Idaho,0,Million dollars
2019,NUEGV,Nuclear fuel expenditures in the electric power sector,IL,Illinois,691.8,Million dollars
2019,NUEGV,Nuclear fuel expenditures in the electric power sector,IN,Indiana,0,Million dollars
2019,NUEGV,Nuclear fuel expenditures in the electric power sector,KS,Kansas,55.1,Million dollars
2019,NUEGV,Nuclear fuel expenditures in the electric power sector,KY,Kentucky,0,Million dollars
2019,NUEGV,Nuclear fuel expenditures in the electric power sector,LA,Louisiana,93.8,Million dollars
2019,NUEGV,Nuclear fuel expenditures in the electric power sector,MA,Massachusetts,15.6,Million dollars
2019,NUEGV,Nuclear fuel expenditures in the electric power sector,MD,Maryland,101.7,Million dollars
2019,NUEGV,Nuclear fuel expenditures in the electric power sector,ME,Maine,0,Million dollars
2019,NUEGV,Nuclear fuel expenditures in the electric power sector,MI,Michigan,200,Million dollars
2019,NUEGV,Nuclear fuel expenditures in the electric power sector,MN,Minnesota,119,Million dollars
2019,NUEGV,Nuclear fuel expenditures in the electric power sector,MO,Missouri,79.3,Million dollars
2019,NUEGV,Nuclear fuel expenditures in the electric power sector,MS,Mississippi,91.6,Million dollars
2019,NUEGV,Nuclear fuel expenditures in the electric power sector,MT,Montana,0,Million dollars
2019,NUEGV,Nuclear fuel expenditures in the electric power sector,NC,North Carolina,260.7,Million dollars
2019,NUEGV,Nuclear fuel expenditures in the electric power sector,ND,North Dakota,0,Million dollars
2019,NUEGV,Nuclear fuel expenditures in the electric power sector,NE,Nebraska,49.8,Million dollars
2019,NUEGV,Nuclear fuel expenditures in the electric power sector,NH,New Hampshire,73.9,Million dollars
2019,NUEGV,Nuclear fuel expenditures in the electric power sector,NJ,New Jersey,183.9,Million dollars
2019,NUEGV,Nuclear fuel expenditures in the electric power sector,NM,New Mexico,0,Million dollars
2019,NUEGV,Nuclear fuel expenditures in the electric power sector,NV,Nevada,0,Million dollars
2019,NUEGV,Nuclear fuel expenditures in the electric power sector,NY,New York,313.1,Million dollars
2019,NUEGV,Nuclear fuel expenditures in the electric power sector,OH,Ohio,118.8,Million dollars
2019,NUEGV,Nuclear fuel expenditures in the electric power sector,OK,Oklahoma,0,Million dollars
2019,NUEGV,Nuclear fuel expenditures in the electric power sector,OR,Oregon,0,Million dollars
2019,NUEGV,Nuclear fuel expenditures in the electric power sector,PA,Pennsylvania,588.4,Million dollars
2019,NUEGV,Nuclear fuel expenditures in the electric power sector,RI,Rhode Island,0,Million dollars
2019,NUEGV,Nuclear fuel expenditures in the electric power sector,SC,South Carolina,363.4,Million dollars
2019,NUEGV,Nuclear fuel expenditures in the electric power sector,SD,South Dakota,0,Million dollars
2019,NUEGV,Nuclear fuel expenditures in the electric power sector,TN,Tennessee,242,Million dollars
2019,NUEGV,Nuclear fuel expenditures in the electric power sector,TX,Texas,279.8,Million dollars
2019,NUEGV,Nuclear fuel expenditures in the electric power sector,UT,Utah,0,Million dollars
2019,NUEGV,Nuclear fuel expenditures in the electric power sector,VA,Virginia,181.8,Million dollars
2019,NUEGV,Nuclear fuel expenditures in the electric power sector,VT,Vermont,0,Million dollars
2019,NUEGV,Nuclear fuel expenditures in the electric power sector,WA,Washington,63.5,Million dollars
2019,NUEGV,Nuclear fuel expenditures in the electric power sector,WI,Wisconsin,68,Million dollars
2019,NUEGV,Nuclear fuel expenditures in the electric power sector,WV,West Virginia,0,Million dollars
2019,NUEGV,Nuclear fuel expenditures in the electric power sector,WY,Wyoming,0,Million dollars
2019,PAEIV,All petroleum products total expenditures in the electric power sector,AK,Alaska,79,Million dollars
2019,PAEIV,All petroleum products total expenditures in the electric power sector,AL,Alabama,2.5,Million dollars
2019,PAEIV,All petroleum products total expenditures in the electric power sector,AR,Arkansas,6.6,Million dollars
2019,PAEIV,All petroleum products total expenditures in the electric power sector,AZ,Arizona,12.1,Million dollars
2019,PAEIV,All petroleum products total expenditures in the electric power sector,CA,California,5.8,Million dollars
2019,PAEIV,All petroleum products total expenditures in the electric power sector,CO,Colorado,2,Million dollars
2019,PAEIV,All petroleum products total expenditures in the electric power sector,CT,Connecticut,4.1,Million dollars
2019,PAEIV,All petroleum products total expenditures in the electric power sector,DC,District of Columbia,0,Million dollars
2019,PAEIV,All petroleum products total expenditures in the electric power sector,DE,Delaware,2.9,Million dollars
2019,PAEIV,All petroleum products total expenditures in the electric power sector,FL,Florida,76.4,Million dollars
2019,PAEIV,All petroleum products total expenditures in the electric power sector,GA,Georgia,12.9,Million dollars
2019,PAEIV,All petroleum products total expenditures in the electric power sector,HI,Hawaii,858.8,Million dollars
2019,PAEIV,All petroleum products total expenditures in the electric power sector,IA,Iowa,11.5,Million dollars
2019,PAEIV,All petroleum products total expenditures in the electric power sector,ID,Idaho,0,Million dollars
2019,PAEIV,All petroleum products total expenditures in the electric power sector,IL,Illinois,8.7,Million dollars
2019,PAEIV,All petroleum products total expenditures in the electric power sector,IN,Indiana,20,Million dollars
2019,PAEIV,All petroleum products total expenditures in the electric power sector,KS,Kansas,15.1,Million dollars
2019,PAEIV,All petroleum products total expenditures in the electric power sector,KY,Kentucky,14.3,Million dollars
2019,PAEIV,All petroleum products total expenditures in the electric power sector,LA,Louisiana,68,Million dollars
2019,PAEIV,All petroleum products total expenditures in the electric power sector,MA,Massachusetts,11.9,Million dollars
2019,PAEIV,All petroleum products total expenditures in the electric power sector,MD,Maryland,14.6,Million dollars
2019,PAEIV,All petroleum products total expenditures in the electric power sector,ME,Maine,5.5,Million dollars
2019,PAEIV,All petroleum products total expenditures in the electric power sector,MI,Michigan,29.3,Million dollars
2019,PAEIV,All petroleum products total expenditures in the electric power sector,MN,Minnesota,8.5,Million dollars
2019,PAEIV,All petroleum products total expenditures in the electric power sector,MO,Missouri,17.7,Million dollars
2019,PAEIV,All petroleum products total expenditures in the electric power sector,MS,Mississippi,2,Million dollars
2019,PAEIV,All petroleum products total expenditures in the electric power sector,MT,Montana,15.3,Million dollars
2019,PAEIV,All petroleum products total expenditures in the electric power sector,NC,North Carolina,29.1,Million dollars
2019,PAEIV,All petroleum products total expenditures in the electric power sector,ND,North Dakota,5.7,Million dollars
2019,PAEIV,All petroleum products total expenditures in the electric power sector,NE,Nebraska,3.6,Million dollars
2019,PAEIV,All petroleum products total expenditures in the electric power sector,NH,New Hampshire,2.7,Million dollars
2019,PAEIV,All petroleum products total expenditures in the electric power sector,NJ,New Jersey,6,Million dollars
2019,PAEIV,All petroleum products total expenditures in the electric power sector,NM,New Mexico,76.9,Million dollars
2019,PAEIV,All petroleum products total expenditures in the electric power sector,NV,Nevada,2.3,Million dollars
2019,PAEIV,All petroleum products total expenditures in the electric power sector,NY,New York,57.6,Million dollars
2019,PAEIV,All petroleum products total expenditures in the electric power sector,OH,Ohio,41.9,Million dollars
2019,PAEIV,All petroleum products total expenditures in the electric power sector,OK,Oklahoma,2.9,Million dollars
2019,PAEIV,All petroleum products total expenditures in the electric power sector,OR,Oregon,1,Million dollars
2019,PAEIV,All petroleum products total expenditures in the electric power sector,PA,Pennsylvania,31.1,Million dollars
2019,PAEIV,All petroleum products total expenditures in the electric power sector,RI,Rhode Island,1.3,Million dollars
2019,PAEIV,All petroleum products total expenditures in the electric power sector,SC,South Carolina,12.5,Million dollars
2019,PAEIV,All petroleum products total expenditures in the electric power sector,SD,South Dakota,2.7,Million dollars
2019,PAEIV,All petroleum products total expenditures in the electric power sector,TN,Tennessee,22.2,Million dollars
2019,PAEIV,All petroleum products total expenditures in the electric power sector,TX,Texas,7.8,Million dollars
2019,PAEIV,All petroleum products total expenditures in the electric power sector,UT,Utah,6.7,Million dollars
2019,PAEIV,All petroleum products total expenditures in the electric power sector,VA,Virginia,27.9,Million dollars
2019,PAEIV,All petroleum products total expenditures in the electric power sector,VT,Vermont,.3,Million dollars
2019,PAEIV,All petroleum products total expenditures in the electric power sector,WA,Washington,2.1,Million dollars
2019,PAEIV,All petroleum products total expenditures in the electric power sector,WI,Wisconsin,11.6,Million dollars
2019,PAEIV,All petroleum products total expenditures in the electric power sector,WV,West Virginia,20.5,Million dollars
2019,PAEIV,All petroleum products total expenditures in the electric power sector,WY,Wyoming,6.8,Million dollars
2019,PMTCE,"Total petroleum, excluding biofuels, CO2 emissions for all sectors",AK,Alaska,15.1,Million metric tons CO2  
2019,PMTCE,"Total petroleum, excluding biofuels, CO2 emissions for all sectors",AL,Alabama,36.6,Million metric tons CO2  
2019,PMTCE,"Total petroleum, excluding biofuels, CO2 emissions for all sectors",AR,Arkansas,22.5,Million metric tons CO2  
2019,PMTCE,"Total petroleum, excluding biofuels, CO2 emissions for all sectors",AZ,Arizona,42.2,Million metric tons CO2  
2019,PMTCE,"Total petroleum, excluding biofuels, CO2 emissions for all sectors",CA,California,236,Million metric tons CO2  
2019,PMTCE,"Total petroleum, excluding biofuels, CO2 emissions for all sectors",CO,Colorado,36.2,Million metric tons CO2  
2019,PMTCE,"Total petroleum, excluding biofuels, CO2 emissions for all sectors",CT,Connecticut,20.7,Million metric tons CO2  
2019,PMTCE,"Total petroleum, excluding biofuels, CO2 emissions for all sectors",DC,District of Columbia,1.1,Million metric tons CO2  
2019,PMTCE,"Total petroleum, excluding biofuels, CO2 emissions for all sectors",DE,Delaware,8.5,Million metric tons CO2  
2019,PMTCE,"Total petroleum, excluding biofuels, CO2 emissions for all sectors",FL,Florida,127.3,Million metric tons CO2  
2019,PMTCE,"Total petroleum, excluding biofuels, CO2 emissions for all sectors",GA,Georgia,68.6,Million metric tons CO2  
2019,PMTCE,"Total petroleum, excluding biofuels, CO2 emissions for all sectors",HI,Hawaii,18.9,Million metric tons CO2  
2019,PMTCE,"Total petroleum, excluding biofuels, CO2 emissions for all sectors",IA,Iowa,27.1,Million metric tons CO2  
2019,PMTCE,"Total petroleum, excluding biofuels, CO2 emissions for all sectors",ID,Idaho,12.8,Million metric tons CO2  
2019,PMTCE,"Total petroleum, excluding biofuels, CO2 emissions for all sectors",IL,Illinois,83.1,Million metric tons CO2  
2019,PMTCE,"Total petroleum, excluding biofuels, CO2 emissions for all sectors",IN,Indiana,49,Million metric tons CO2  
2019,PMTCE,"Total petroleum, excluding biofuels, CO2 emissions for all sectors",KS,Kansas,24.7,Million metric tons CO2  
2019,PMTCE,"Total petroleum, excluding biofuels, CO2 emissions for all sectors",KY,Kentucky,40.6,Million metric tons CO2  
2019,PMTCE,"Total petroleum, excluding biofuels, CO2 emissions for all sectors",LA,Louisiana,85.1,Million metric tons CO2  
2019,PMTCE,"Total petroleum, excluding biofuels, CO2 emissions for all sectors",MA,Massachusetts,39.9,Million metric tons CO2  
2019,PMTCE,"Total petroleum, excluding biofuels, CO2 emissions for all sectors",MD,Maryland,32.9,Million metric tons CO2  
2019,PMTCE,"Total petroleum, excluding biofuels, CO2 emissions for all sectors",ME,Maine,11.8,Million metric tons CO2  
2019,PMTCE,"Total petroleum, excluding biofuels, CO2 emissions for all sectors",MI,Michigan,60.6,Million metric tons CO2  
2019,PMTCE,"Total petroleum, excluding biofuels, CO2 emissions for all sectors",MN,Minnesota,42.3,Million metric tons CO2  
2019,PMTCE,"Total petroleum, excluding biofuels, CO2 emissions for all sectors",MO,Missouri,43.5,Million metric tons CO2  
2019,PMTCE,"Total petroleum, excluding biofuels, CO2 emissions for all sectors",MS,Mississippi,26.9,Million metric tons CO2  
2019,PMTCE,"Total petroleum, excluding biofuels, CO2 emissions for all sectors",MT,Montana,12.2,Million metric tons CO2  
2019,PMTCE,"Total petroleum, excluding biofuels, CO2 emissions for all sectors",NC,North Carolina,62,Million metric tons CO2  
2019,PMTCE,"Total petroleum, excluding biofuels, CO2 emissions for all sectors",ND,North Dakota,13,Million metric tons CO2  
2019,PMTCE,"Total petroleum, excluding biofuels, CO2 emissions for all sectors",NE,Nebraska,17,Million metric tons CO2  
2019,PMTCE,"Total petroleum, excluding biofuels, CO2 emissions for all sectors",NH,New Hampshire,10.6,Million metric tons CO2  
2019,PMTCE,"Total petroleum, excluding biofuels, CO2 emissions for all sectors",NJ,New Jersey,57.5,Million metric tons CO2  
2019,PMTCE,"Total petroleum, excluding biofuels, CO2 emissions for all sectors",NM,New Mexico,18.3,Million metric tons CO2  
2019,PMTCE,"Total petroleum, excluding biofuels, CO2 emissions for all sectors",NV,Nevada,21.5,Million metric tons CO2  
2019,PMTCE,"Total petroleum, excluding biofuels, CO2 emissions for all sectors",NY,New York,96.3,Million metric tons CO2  
2019,PMTCE,"Total petroleum, excluding biofuels, CO2 emissions for all sectors",OH,Ohio,73.7,Million metric tons CO2  
2019,PMTCE,"Total petroleum, excluding biofuels, CO2 emissions for all sectors",OK,Oklahoma,36.6,Million metric tons CO2  
2019,PMTCE,"Total petroleum, excluding biofuels, CO2 emissions for all sectors",OR,Oregon,22.7,Million metric tons CO2  
2019,PMTCE,"Total petroleum, excluding biofuels, CO2 emissions for all sectors",PA,Pennsylvania,76.7,Million metric tons CO2  
2019,PMTCE,"Total petroleum, excluding biofuels, CO2 emissions for all sectors",RI,Rhode Island,5,Million metric tons CO2  
2019,PMTCE,"Total petroleum, excluding biofuels, CO2 emissions for all sectors",SC,South Carolina,35.6,Million metric tons CO2  
2019,PMTCE,"Total petroleum, excluding biofuels, CO2 emissions for all sectors",SD,South Dakota,7.9,Million metric tons CO2  
2019,PMTCE,"Total petroleum, excluding biofuels, CO2 emissions for all sectors",TN,Tennessee,49.2,Million metric tons CO2  
2019,PMTCE,"Total petroleum, excluding biofuels, CO2 emissions for all sectors",TX,Texas,338.1,Million metric tons CO2  
2019,PMTCE,"Total petroleum, excluding biofuels, CO2 emissions for all sectors",UT,Utah,21.4,Million metric tons CO2  
2019,PMTCE,"Total petroleum, excluding biofuels, CO2 emissions for all sectors",VA,Virginia,60.6,Million metric tons CO2  
2019,PMTCE,"Total petroleum, excluding biofuels, CO2 emissions for all sectors",VT,Vermont,5.2,Million metric tons CO2  
2019,PMTCE,"Total petroleum, excluding biofuels, CO2 emissions for all sectors",WA,Washington,56.4,Million metric tons CO2  
2019,PMTCE,"Total petroleum, excluding biofuels, CO2 emissions for all sectors",WI,Wisconsin,36.8,Million metric tons CO2  
2019,PMTCE,"Total petroleum, excluding biofuels, CO2 emissions for all sectors",WV,West Virginia,13.6,Million metric tons CO2  
2019,PMTCE,"Total petroleum, excluding biofuels, CO2 emissions for all sectors",WY,Wyoming,10.9,Million metric tons CO2  
2018,CLEIV,Coal expenditures in the electric power sector,AK,Alaska,34,Million dollars
2018,CLEIV,Coal expenditures in the electric power sector,AL,Alabama,721.5,Million dollars
2018,CLEIV,Coal expenditures in the electric power sector,AR,Arkansas,594.1,Million dollars
2018,CLEIV,Coal expenditures in the electric power sector,AZ,Arizona,790.4,Million dollars
2018,CLEIV,Coal expenditures in the electric power sector,CA,California,0,Million dollars
2018,CLEIV,Coal expenditures in the electric power sector,CO,Colorado,459.5,Million dollars
2018,CLEIV,Coal expenditures in the electric power sector,CT,Connecticut,15.6,Million dollars
2018,CLEIV,Coal expenditures in the electric power sector,DC,District of Columbia,0,Million dollars
2018,CLEIV,Coal expenditures in the electric power sector,DE,Delaware,11.3,Million dollars
2018,CLEIV,Coal expenditures in the electric power sector,FL,Florida,905.6,Million dollars
2018,CLEIV,Coal expenditures in the electric power sector,GA,Georgia,911.5,Million dollars
2018,CLEIV,Coal expenditures in the electric power sector,HI,Hawaii,47.1,Million dollars
2018,CLEIV,Coal expenditures in the electric power sector,IA,Iowa,455.1,Million dollars
2018,CLEIV,Coal expenditures in the electric power sector,ID,Idaho,0,Million dollars
2018,CLEIV,Coal expenditures in the electric power sector,IL,Illinois,1102.3,Million dollars
2018,CLEIV,Coal expenditures in the electric power sector,IN,Indiana,1748.9,Million dollars
2018,CLEIV,Coal expenditures in the electric power sector,KS,Kansas,384,Million dollars
2018,CLEIV,Coal expenditures in the electric power sector,KY,Kentucky,1245.1,Million dollars
2018,CLEIV,Coal expenditures in the electric power sector,LA,Louisiana,417.4,Million dollars
2018,CLEIV,Coal expenditures in the electric power sector,MA,Massachusetts,0,Million dollars
2018,CLEIV,Coal expenditures in the electric power sector,MD,Maryland,284.3,Million dollars
2018,CLEIV,Coal expenditures in the electric power sector,ME,Maine,6.1,Million dollars
2018,CLEIV,Coal expenditures in the electric power sector,MI,Michigan,961.4,Million dollars
2018,CLEIV,Coal expenditures in the electric power sector,MN,Minnesota,530.2,Million dollars
2018,CLEIV,Coal expenditures in the electric power sector,MO,Missouri,1168.1,Million dollars
2018,CLEIV,Coal expenditures in the electric power sector,MS,Mississippi,161.3,Million dollars
2018,CLEIV,Coal expenditures in the electric power sector,MT,Montana,297.7,Million dollars
2018,CLEIV,Coal expenditures in the electric power sector,NC,North Carolina,985.4,Million dollars
2018,CLEIV,Coal expenditures in the electric power sector,ND,North Dakota,481.3,Million dollars
2018,CLEIV,Coal expenditures in the electric power sector,NE,Nebraska,308.3,Million dollars
2018,CLEIV,Coal expenditures in the electric power sector,NH,New Hampshire,30.2,Million dollars
2018,CLEIV,Coal expenditures in the electric power sector,NJ,New Jersey,58.7,Million dollars
2018,CLEIV,Coal expenditures in the electric power sector,NM,New Mexico,335.2,Million dollars
2018,CLEIV,Coal expenditures in the electric power sector,NV,Nevada,86.5,Million dollars
2018,CLEIV,Coal expenditures in the electric power sector,NY,New York,18.1,Million dollars
2018,CLEIV,Coal expenditures in the electric power sector,OH,Ohio,1066.7,Million dollars
2018,CLEIV,Coal expenditures in the electric power sector,OK,Oklahoma,291,Million dollars
2018,CLEIV,Coal expenditures in the electric power sector,OR,Oregon,36.3,Million dollars
2018,CLEIV,Coal expenditures in the electric power sector,PA,Pennsylvania,976.6,Million dollars
2018,CLEIV,Coal expenditures in the electric power sector,RI,Rhode Island,0,Million dollars
2018,CLEIV,Coal expenditures in the electric power sector,SC,South Carolina,665.1,Million dollars
2018,CLEIV,Coal expenditures in the electric power sector,SD,South Dakota,46,Million dollars
2018,CLEIV,Coal expenditures in the electric power sector,TN,Tennessee,465.1,Million dollars
2018,CLEIV,Coal expenditures in the electric power sector,TX,Texas,2070.7,Million dollars
2018,CLEIV,Coal expenditures in the electric power sector,UT,Utah,534.9,Million dollars
2018,CLEIV,Coal expenditures in the electric power sector,VA,Virginia,281.8,Million dollars
2018,CLEIV,Coal expenditures in the electric power sector,VT,Vermont,0,Million dollars
2018,CLEIV,Coal expenditures in the electric power sector,WA,Washington,140.1,Million dollars
2018,CLEIV,Coal expenditures in the electric power sector,WI,Wisconsin,779.9,Million dollars
2018,CLEIV,Coal expenditures in the electric power sector,WV,West Virginia,1323.8,Million dollars
2018,CLEIV,Coal expenditures in the electric power sector,WY,Wyoming,712.9,Million dollars
2018,CLTCE,Coal CO2 emissions for all sectors,AK,Alaska,1.7,Million metric tons CO2  
2018,CLTCE,Coal CO2 emissions for all sectors,AL,Alabama,35.9,Million metric tons CO2  
2018,CLTCE,Coal CO2 emissions for all sectors,AR,Arkansas,29.1,Million metric tons CO2  
2018,CLTCE,Coal CO2 emissions for all sectors,AZ,Arizona,31.7,Million metric tons CO2  
2018,CLTCE,Coal CO2 emissions for all sectors,CA,California,3.2,Million metric tons CO2  
2018,CLTCE,Coal CO2 emissions for all sectors,CO,Colorado,27.2,Million metric tons CO2  
2018,CLTCE,Coal CO2 emissions for all sectors,CT,Connecticut,.4,Million metric tons CO2  
2018,CLTCE,Coal CO2 emissions for all sectors,DC,District of Columbia,0,Million metric tons CO2  
2018,CLTCE,Coal CO2 emissions for all sectors,DE,Delaware,.4,Million metric tons CO2  
2018,CLTCE,Coal CO2 emissions for all sectors,FL,Florida,31.4,Million metric tons CO2  
2018,CLTCE,Coal CO2 emissions for all sectors,GA,Georgia,32.5,Million metric tons CO2  
2018,CLTCE,Coal CO2 emissions for all sectors,HI,Hawaii,1.4,Million metric tons CO2  
2018,CLTCE,Coal CO2 emissions for all sectors,IA,Iowa,31.2,Million metric tons CO2  
2018,CLTCE,Coal CO2 emissions for all sectors,ID,Idaho,.3,Million metric tons CO2  
2018,CLTCE,Coal CO2 emissions for all sectors,IL,Illinois,67.3,Million metric tons CO2  
2018,CLTCE,Coal CO2 emissions for all sectors,IN,Indiana,93.9,Million metric tons CO2  
2018,CLTCE,Coal CO2 emissions for all sectors,KS,Kansas,21.8,Million metric tons CO2  
2018,CLTCE,Coal CO2 emissions for all sectors,KY,Kentucky,62.7,Million metric tons CO2  
2018,CLTCE,Coal CO2 emissions for all sectors,LA,Louisiana,13.2,Million metric tons CO2  
2018,CLTCE,Coal CO2 emissions for all sectors,MA,Massachusetts,0,Million metric tons CO2  
2018,CLTCE,Coal CO2 emissions for all sectors,MD,Maryland,11.9,Million metric tons CO2  
2018,CLTCE,Coal CO2 emissions for all sectors,ME,Maine,.2,Million metric tons CO2  
2018,CLTCE,Coal CO2 emissions for all sectors,MI,Michigan,48.3,Million metric tons CO2  
2018,CLTCE,Coal CO2 emissions for all sectors,MN,Minnesota,25,Million metric tons CO2  
2018,CLTCE,Coal CO2 emissions for all sectors,MO,Missouri,63.9,Million metric tons CO2  
2018,CLTCE,Coal CO2 emissions for all sectors,MS,Mississippi,5.7,Million metric tons CO2  
2018,CLTCE,Coal CO2 emissions for all sectors,MT,Montana,14.6,Million metric tons CO2  
2018,CLTCE,Coal CO2 emissions for all sectors,NC,North Carolina,31.1,Million metric tons CO2  
2018,CLTCE,Coal CO2 emissions for all sectors,ND,North Dakota,39,Million metric tons CO2  
2018,CLTCE,Coal CO2 emissions for all sectors,NE,Nebraska,25.3,Million metric tons CO2  
2018,CLTCE,Coal CO2 emissions for all sectors,NH,New Hampshire,.7,Million metric tons CO2  
2018,CLTCE,Coal CO2 emissions for all sectors,NJ,New Jersey,1.6,Million metric tons CO2  
2018,CLTCE,Coal CO2 emissions for all sectors,NM,New Mexico,13.1,Million metric tons CO2  
2018,CLTCE,Coal CO2 emissions for all sectors,NV,Nevada,3.3,Million metric tons CO2  
2018,CLTCE,Coal CO2 emissions for all sectors,NY,New York,1.6,Million metric tons CO2  
2018,CLTCE,Coal CO2 emissions for all sectors,OH,Ohio,68.3,Million metric tons CO2  
2018,CLTCE,Coal CO2 emissions for all sectors,OK,Oklahoma,16.4,Million metric tons CO2  
2018,CLTCE,Coal CO2 emissions for all sectors,OR,Oregon,1.6,Million metric tons CO2  
2018,CLTCE,Coal CO2 emissions for all sectors,PA,Pennsylvania,61,Million metric tons CO2  
2018,CLTCE,Coal CO2 emissions for all sectors,RI,Rhode Island,0,Million metric tons CO2  
2018,CLTCE,Coal CO2 emissions for all sectors,SC,South Carolina,19.6,Million metric tons CO2  
2018,CLTCE,Coal CO2 emissions for all sectors,SD,South Dakota,2.6,Million metric tons CO2  
2018,CLTCE,Coal CO2 emissions for all sectors,TN,Tennessee,24.1,Million metric tons CO2  
2018,CLTCE,Coal CO2 emissions for all sectors,TX,Texas,113.8,Million metric tons CO2  
2018,CLTCE,Coal CO2 emissions for all sectors,UT,Utah,26.1,Million metric tons CO2  
2018,CLTCE,Coal CO2 emissions for all sectors,VA,Virginia,14.2,Million metric tons CO2  
2018,CLTCE,Coal CO2 emissions for all sectors,VT,Vermont,0,Million metric tons CO2  
2018,CLTCE,Coal CO2 emissions for all sectors,WA,Washington,5.9,Million metric tons CO2  
2018,CLTCE,Coal CO2 emissions for all sectors,WI,Wisconsin,34.6,Million metric tons CO2  
2018,CLTCE,Coal CO2 emissions for all sectors,WV,West Virginia,63.2,Million metric tons CO2  
2018,CLTCE,Coal CO2 emissions for all sectors,WY,Wyoming,43.6,Million metric tons CO2  
2018,FFTCE,Fossil fuel CO2 emissions for all sectors,AK,Alaska,34.5,Million metric tons CO2
2018,FFTCE,Fossil fuel CO2 emissions for all sectors,AL,Alabama,112,Million metric tons CO2
2018,FFTCE,Fossil fuel CO2 emissions for all sectors,AR,Arkansas,70.5,Million metric tons CO2
2018,FFTCE,Fossil fuel CO2 emissions for all sectors,AZ,Arizona,94,Million metric tons CO2
2018,FFTCE,Fossil fuel CO2 emissions for all sectors,CA,California,355,Million metric tons CO2
2018,FFTCE,Fossil fuel CO2 emissions for all sectors,CO,Colorado,89.7,Million metric tons CO2
2018,FFTCE,Fossil fuel CO2 emissions for all sectors,CT,Connecticut,36.9,Million metric tons CO2
2018,FFTCE,Fossil fuel CO2 emissions for all sectors,DC,District of Columbia,2.9,Million metric tons CO2
2018,FFTCE,Fossil fuel CO2 emissions for all sectors,DE,Delaware,13.9,Million metric tons CO2
2018,FFTCE,Fossil fuel CO2 emissions for all sectors,FL,Florida,241.1,Million metric tons CO2
2018,FFTCE,Fossil fuel CO2 emissions for all sectors,GA,Georgia,141.4,Million metric tons CO2
2018,FFTCE,Fossil fuel CO2 emissions for all sectors,HI,Hawaii,20,Million metric tons CO2
2018,FFTCE,Fossil fuel CO2 emissions for all sectors,IA,Iowa,79.8,Million metric tons CO2
2018,FFTCE,Fossil fuel CO2 emissions for all sectors,ID,Idaho,19,Million metric tons CO2
2018,FFTCE,Fossil fuel CO2 emissions for all sectors,IL,Illinois,210.8,Million metric tons CO2
2018,FFTCE,Fossil fuel CO2 emissions for all sectors,IN,Indiana,188.5,Million metric tons CO2
2018,FFTCE,Fossil fuel CO2 emissions for all sectors,KS,Kansas,62.6,Million metric tons CO2
2018,FFTCE,Fossil fuel CO2 emissions for all sectors,KY,Kentucky,122.3,Million metric tons CO2
2018,FFTCE,Fossil fuel CO2 emissions for all sectors,LA,Louisiana,194.3,Million metric tons CO2
2018,FFTCE,Fossil fuel CO2 emissions for all sectors,MA,Massachusetts,63.9,Million metric tons CO2
2018,FFTCE,Fossil fuel CO2 emissions for all sectors,MD,Maryland,61.5,Million metric tons CO2
2018,FFTCE,Fossil fuel CO2 emissions for all sectors,ME,Maine,14.7,Million metric tons CO2
2018,FFTCE,Fossil fuel CO2 emissions for all sectors,MI,Michigan,163.3,Million metric tons CO2
2018,FFTCE,Fossil fuel CO2 emissions for all sectors,MN,Minnesota,93.5,Million metric tons CO2
2018,FFTCE,Fossil fuel CO2 emissions for all sectors,MO,Missouri,124.4,Million metric tons CO2
2018,FFTCE,Fossil fuel CO2 emissions for all sectors,MS,Mississippi,63,Million metric tons CO2
2018,FFTCE,Fossil fuel CO2 emissions for all sectors,MT,Montana,31.2,Million metric tons CO2
2018,FFTCE,Fossil fuel CO2 emissions for all sectors,NC,North Carolina,123.8,Million metric tons CO2
2018,FFTCE,Fossil fuel CO2 emissions for all sectors,ND,North Dakota,58.8,Million metric tons CO2
2018,FFTCE,Fossil fuel CO2 emissions for all sectors,NE,Nebraska,52.1,Million metric tons CO2
2018,FFTCE,Fossil fuel CO2 emissions for all sectors,NH,New Hampshire,14.2,Million metric tons CO2
2018,FFTCE,Fossil fuel CO2 emissions for all sectors,NJ,New Jersey,104.7,Million metric tons CO2
2018,FFTCE,Fossil fuel CO2 emissions for all sectors,NM,New Mexico,45.7,Million metric tons CO2
2018,FFTCE,Fossil fuel CO2 emissions for all sectors,NV,Nevada,41.4,Million metric tons CO2
2018,FFTCE,Fossil fuel CO2 emissions for all sectors,NY,New York,174.1,Million metric tons CO2
2018,FFTCE,Fossil fuel CO2 emissions for all sectors,OH,Ohio,208.2,Million metric tons CO2
2018,FFTCE,Fossil fuel CO2 emissions for all sectors,OK,Oklahoma,98.1,Million metric tons CO2
2018,FFTCE,Fossil fuel CO2 emissions for all sectors,OR,Oregon,39,Million metric tons CO2
2018,FFTCE,Fossil fuel CO2 emissions for all sectors,PA,Pennsylvania,219.6,Million metric tons CO2
2018,FFTCE,Fossil fuel CO2 emissions for all sectors,RI,Rhode Island,10.9,Million metric tons CO2
2018,FFTCE,Fossil fuel CO2 emissions for all sectors,SC,South Carolina,73.8,Million metric tons CO2
2018,FFTCE,Fossil fuel CO2 emissions for all sectors,SD,South Dakota,15.4,Million metric tons CO2
2018,FFTCE,Fossil fuel CO2 emissions for all sectors,TN,Tennessee,93.4,Million metric tons CO2
2018,FFTCE,Fossil fuel CO2 emissions for all sectors,TX,Texas,681.9,Million metric tons CO2
2018,FFTCE,Fossil fuel CO2 emissions for all sectors,UT,Utah,61.2,Million metric tons CO2
2018,FFTCE,Fossil fuel CO2 emissions for all sectors,VA,Virginia,109.6,Million metric tons CO2
2018,FFTCE,Fossil fuel CO2 emissions for all sectors,VT,Vermont,5.8,Million metric tons CO2
2018,FFTCE,Fossil fuel CO2 emissions for all sectors,WA,Washington,78.4,Million metric tons CO2
2018,FFTCE,Fossil fuel CO2 emissions for all sectors,WI,Wisconsin,100.8,Million metric tons CO2
2018,FFTCE,Fossil fuel CO2 emissions for all sectors,WV,West Virginia,89,Million metric tons CO2
2018,FFTCE,Fossil fuel CO2 emissions for all sectors,WY,Wyoming,63.8,Million metric tons CO2
2018,NGEIV,Natural gas expenditures in the electric power sector (including supplemental gaseous fuels),AK,Alaska,170.6,Million dollars
2018,NGEIV,Natural gas expenditures in the electric power sector (including supplemental gaseous fuels),AL,Alabama,1509.2,Million dollars
2018,NGEIV,Natural gas expenditures in the electric power sector (including supplemental gaseous fuels),AR,Arkansas,515,Million dollars
2018,NGEIV,Natural gas expenditures in the electric power sector (including supplemental gaseous fuels),AZ,Arizona,876.7,Million dollars
2018,NGEIV,Natural gas expenditures in the electric power sector (including supplemental gaseous fuels),CA,California,2852.1,Million dollars
2018,NGEIV,Natural gas expenditures in the electric power sector (including supplemental gaseous fuels),CO,Colorado,500.9,Million dollars
2018,NGEIV,Natural gas expenditures in the electric power sector (including supplemental gaseous fuels),CT,Connecticut,653.2,Million dollars
2018,NGEIV,Natural gas expenditures in the electric power sector (including supplemental gaseous fuels),DC,District of Columbia,0,Million dollars
2018,NGEIV,Natural gas expenditures in the electric power sector (including supplemental gaseous fuels),DE,Delaware,115.3,Million dollars
2018,NGEIV,Natural gas expenditures in the electric power sector (including supplemental gaseous fuels),FL,Florida,5665.9,Million dollars
2018,NGEIV,Natural gas expenditures in the electric power sector (including supplemental gaseous fuels),GA,Georgia,1498.3,Million dollars
2018,NGEIV,Natural gas expenditures in the electric power sector (including supplemental gaseous fuels),HI,Hawaii,0,Million dollars
2018,NGEIV,Natural gas expenditures in the electric power sector (including supplemental gaseous fuels),IA,Iowa,149.2,Million dollars
2018,NGEIV,Natural gas expenditures in the electric power sector (including supplemental gaseous fuels),ID,Idaho,85,Million dollars
2018,NGEIV,Natural gas expenditures in the electric power sector (including supplemental gaseous fuels),IL,Illinois,481.1,Million dollars
2018,NGEIV,Natural gas expenditures in the electric power sector (including supplemental gaseous fuels),IN,Indiana,675,Million dollars
2018,NGEIV,Natural gas expenditures in the electric power sector (including supplemental gaseous fuels),KS,Kansas,94.2,Million dollars
2018,NGEIV,Natural gas expenditures in the electric power sector (including supplemental gaseous fuels),KY,Kentucky,423,Million dollars
2018,NGEIV,Natural gas expenditures in the electric power sector (including supplemental gaseous fuels),LA,Louisiana,1023.7,Million dollars
2018,NGEIV,Natural gas expenditures in the electric power sector (including supplemental gaseous fuels),MA,Massachusetts,656.5,Million dollars
2018,NGEIV,Natural gas expenditures in the electric power sector (including supplemental gaseous fuels),MD,Maryland,390.7,Million dollars
2018,NGEIV,Natural gas expenditures in the electric power sector (including supplemental gaseous fuels),ME,Maine,67.5,Million dollars
2018,NGEIV,Natural gas expenditures in the electric power sector (including supplemental gaseous fuels),MI,Michigan,864.7,Million dollars
2018,NGEIV,Natural gas expenditures in the electric power sector (including supplemental gaseous fuels),MN,Minnesota,234.2,Million dollars
2018,NGEIV,Natural gas expenditures in the electric power sector (including supplemental gaseous fuels),MO,Missouri,214.4,Million dollars
2018,NGEIV,Natural gas expenditures in the electric power sector (including supplemental gaseous fuels),MS,Mississippi,1213,Million dollars
2018,NGEIV,Natural gas expenditures in the electric power sector (including supplemental gaseous fuels),MT,Montana,6.9,Million dollars
2018,NGEIV,Natural gas expenditures in the electric power sector (including supplemental gaseous fuels),NC,North Carolina,1462.4,Million dollars
2018,NGEIV,Natural gas expenditures in the electric power sector (including supplemental gaseous fuels),ND,North Dakota,29.8,Million dollars
2018,NGEIV,Natural gas expenditures in the electric power sector (including supplemental gaseous fuels),NE,Nebraska,34.7,Million dollars
2018,NGEIV,Natural gas expenditures in the electric power sector (including supplemental gaseous fuels),NH,New Hampshire,132.2,Million dollars
2018,NGEIV,Natural gas expenditures in the electric power sector (including supplemental gaseous fuels),NJ,New Jersey,907.2,Million dollars
2018,NGEIV,Natural gas expenditures in the electric power sector (including supplemental gaseous fuels),NM,New Mexico,249,Million dollars
2018,NGEIV,Natural gas expenditures in the electric power sector (including supplemental gaseous fuels),NV,Nevada,655.5,Million dollars
2018,NGEIV,Natural gas expenditures in the electric power sector (including supplemental gaseous fuels),NY,New York,1608,Million dollars
2018,NGEIV,Natural gas expenditures in the electric power sector (including supplemental gaseous fuels),OH,Ohio,1065.6,Million dollars
2018,NGEIV,Natural gas expenditures in the electric power sector (including supplemental gaseous fuels),OK,Oklahoma,919.1,Million dollars
2018,NGEIV,Natural gas expenditures in the electric power sector (including supplemental gaseous fuels),OR,Oregon,289.8,Million dollars
2018,NGEIV,Natural gas expenditures in the electric power sector (including supplemental gaseous fuels),PA,Pennsylvania,1707.1,Million dollars
2018,NGEIV,Natural gas expenditures in the electric power sector (including supplemental gaseous fuels),RI,Rhode Island,241.1,Million dollars
2018,NGEIV,Natural gas expenditures in the electric power sector (including supplemental gaseous fuels),SC,South Carolina,744.4,Million dollars
2018,NGEIV,Natural gas expenditures in the electric power sector (including supplemental gaseous fuels),SD,South Dakota,27.7,Million dollars
2018,NGEIV,Natural gas expenditures in the electric power sector (including supplemental gaseous fuels),TN,Tennessee,326.8,Million dollars
2018,NGEIV,Natural gas expenditures in the electric power sector (including supplemental gaseous fuels),TX,Texas,5211,Million dollars
2018,NGEIV,Natural gas expenditures in the electric power sector (including supplemental gaseous fuels),UT,Utah,197.6,Million dollars
2018,NGEIV,Natural gas expenditures in the electric power sector (including supplemental gaseous fuels),VA,Virginia,1553,Million dollars
2018,NGEIV,Natural gas expenditures in the electric power sector (including supplemental gaseous fuels),VT,Vermont,0,Million dollars
2018,NGEIV,Natural gas expenditures in the electric power sector (including supplemental gaseous fuels),WA,Washington,245.2,Million dollars
2018,NGEIV,Natural gas expenditures in the electric power sector (including supplemental gaseous fuels),WI,Wisconsin,424.7,Million dollars
2018,NGEIV,Natural gas expenditures in the electric power sector (including supplemental gaseous fuels),WV,West Virginia,37.1,Million dollars
2018,NGEIV,Natural gas expenditures in the electric power sector (including supplemental gaseous fuels),WY,Wyoming,7.4,Million dollars
2018,NNTCE,"Natural gas, excluding supplemental gaseous fuels, CO2 emissions for all sectors",AK,Alaska,17.7,Million metric tons CO2
2018,NNTCE,"Natural gas, excluding supplemental gaseous fuels, CO2 emissions for all sectors",AL,Alabama,40.3,Million metric tons CO2
2018,NNTCE,"Natural gas, excluding supplemental gaseous fuels, CO2 emissions for all sectors",AR,Arkansas,19.2,Million metric tons CO2
2018,NNTCE,"Natural gas, excluding supplemental gaseous fuels, CO2 emissions for all sectors",AZ,Arizona,21.1,Million metric tons CO2
2018,NNTCE,"Natural gas, excluding supplemental gaseous fuels, CO2 emissions for all sectors",CA,California,115.1,Million metric tons CO2
2018,NNTCE,"Natural gas, excluding supplemental gaseous fuels, CO2 emissions for all sectors",CO,Colorado,27,Million metric tons CO2
2018,NNTCE,"Natural gas, excluding supplemental gaseous fuels, CO2 emissions for all sectors",CT,Connecticut,15.1,Million metric tons CO2
2018,NNTCE,"Natural gas, excluding supplemental gaseous fuels, CO2 emissions for all sectors",DC,District of Columbia,1.7,Million metric tons CO2
2018,NNTCE,"Natural gas, excluding supplemental gaseous fuels, CO2 emissions for all sectors",DE,Delaware,5.2,Million metric tons CO2
2018,NNTCE,"Natural gas, excluding supplemental gaseous fuels, CO2 emissions for all sectors",FL,Florida,79.7,Million metric tons CO2
2018,NNTCE,"Natural gas, excluding supplemental gaseous fuels, CO2 emissions for all sectors",GA,Georgia,39.8,Million metric tons CO2
2018,NNTCE,"Natural gas, excluding supplemental gaseous fuels, CO2 emissions for all sectors",HI,Hawaii,0,Million metric tons CO2
2018,NNTCE,"Natural gas, excluding supplemental gaseous fuels, CO2 emissions for all sectors",IA,Iowa,22.3,Million metric tons CO2
2018,NNTCE,"Natural gas, excluding supplemental gaseous fuels, CO2 emissions for all sectors",ID,Idaho,6.1,Million metric tons CO2
2018,NNTCE,"Natural gas, excluding supplemental gaseous fuels, CO2 emissions for all sectors",IL,Illinois,59.1,Million metric tons CO2
2018,NNTCE,"Natural gas, excluding supplemental gaseous fuels, CO2 emissions for all sectors",IN,Indiana,46.2,Million metric tons CO2
2018,NNTCE,"Natural gas, excluding supplemental gaseous fuels, CO2 emissions for all sectors",KS,Kansas,16.7,Million metric tons CO2
2018,NNTCE,"Natural gas, excluding supplemental gaseous fuels, CO2 emissions for all sectors",KY,Kentucky,18.6,Million metric tons CO2
2018,NNTCE,"Natural gas, excluding supplemental gaseous fuels, CO2 emissions for all sectors",LA,Louisiana,95.8,Million metric tons CO2
2018,NNTCE,"Natural gas, excluding supplemental gaseous fuels, CO2 emissions for all sectors",MA,Massachusetts,23.8,Million metric tons CO2
2018,NNTCE,"Natural gas, excluding supplemental gaseous fuels, CO2 emissions for all sectors",MD,Maryland,16.5,Million metric tons CO2
2018,NNTCE,"Natural gas, excluding supplemental gaseous fuels, CO2 emissions for all sectors",ME,Maine,2.5,Million metric tons CO2
2018,NNTCE,"Natural gas, excluding supplemental gaseous fuels, CO2 emissions for all sectors",MI,Michigan,53.1,Million metric tons CO2
2018,NNTCE,"Natural gas, excluding supplemental gaseous fuels, CO2 emissions for all sectors",MN,Minnesota,26.8,Million metric tons CO2
2018,NNTCE,"Natural gas, excluding supplemental gaseous fuels, CO2 emissions for all sectors",MO,Missouri,17.3,Million metric tons CO2
2018,NNTCE,"Natural gas, excluding supplemental gaseous fuels, CO2 emissions for all sectors",MS,Mississippi,31,Million metric tons CO2
2018,NNTCE,"Natural gas, excluding supplemental gaseous fuels, CO2 emissions for all sectors",MT,Montana,4.7,Million metric tons CO2
2018,NNTCE,"Natural gas, excluding supplemental gaseous fuels, CO2 emissions for all sectors",NC,North Carolina,31.5,Million metric tons CO2
2018,NNTCE,"Natural gas, excluding supplemental gaseous fuels, CO2 emissions for all sectors",ND,North Dakota,6.7,Million metric tons CO2
2018,NNTCE,"Natural gas, excluding supplemental gaseous fuels, CO2 emissions for all sectors",NE,Nebraska,10.2,Million metric tons CO2
2018,NNTCE,"Natural gas, excluding supplemental gaseous fuels, CO2 emissions for all sectors",NH,New Hampshire,2.7,Million metric tons CO2
2018,NNTCE,"Natural gas, excluding supplemental gaseous fuels, CO2 emissions for all sectors",NJ,New Jersey,42.2,Million metric tons CO2
2018,NNTCE,"Natural gas, excluding supplemental gaseous fuels, CO2 emissions for all sectors",NM,New Mexico,14.7,Million metric tons CO2
2018,NNTCE,"Natural gas, excluding supplemental gaseous fuels, CO2 emissions for all sectors",NV,Nevada,16.4,Million metric tons CO2
2018,NNTCE,"Natural gas, excluding supplemental gaseous fuels, CO2 emissions for all sectors",NY,New York,73.5,Million metric tons CO2
2018,NNTCE,"Natural gas, excluding supplemental gaseous fuels, CO2 emissions for all sectors",OH,Ohio,64.7,Million metric tons CO2
2018,NNTCE,"Natural gas, excluding supplemental gaseous fuels, CO2 emissions for all sectors",OK,Oklahoma,43.9,Million metric tons CO2
2018,NNTCE,"Natural gas, excluding supplemental gaseous fuels, CO2 emissions for all sectors",OR,Oregon,14.2,Million metric tons CO2
2018,NNTCE,"Natural gas, excluding supplemental gaseous fuels, CO2 emissions for all sectors",PA,Pennsylvania,79.2,Million metric tons CO2
2018,NNTCE,"Natural gas, excluding supplemental gaseous fuels, CO2 emissions for all sectors",RI,Rhode Island,5.5,Million metric tons CO2
2018,NNTCE,"Natural gas, excluding supplemental gaseous fuels, CO2 emissions for all sectors",SC,South Carolina,17.7,Million metric tons CO2
2018,NNTCE,"Natural gas, excluding supplemental gaseous fuels, CO2 emissions for all sectors",SD,South Dakota,4.9,Million metric tons CO2
2018,NNTCE,"Natural gas, excluding supplemental gaseous fuels, CO2 emissions for all sectors",TN,Tennessee,21.1,Million metric tons CO2
2018,NNTCE,"Natural gas, excluding supplemental gaseous fuels, CO2 emissions for all sectors",TX,Texas,238.2,Million metric tons CO2
2018,NNTCE,"Natural gas, excluding supplemental gaseous fuels, CO2 emissions for all sectors",UT,Utah,13.3,Million metric tons CO2
2018,NNTCE,"Natural gas, excluding supplemental gaseous fuels, CO2 emissions for all sectors",VA,Virginia,35.1,Million metric tons CO2
2018,NNTCE,"Natural gas, excluding supplemental gaseous fuels, CO2 emissions for all sectors",VT,Vermont,.7,Million metric tons CO2
2018,NNTCE,"Natural gas, excluding supplemental gaseous fuels, CO2 emissions for all sectors",WA,Washington,17.5,Million metric tons CO2
2018,NNTCE,"Natural gas, excluding supplemental gaseous fuels, CO2 emissions for all sectors",WI,Wisconsin,29.5,Million metric tons CO2
2018,NNTCE,"Natural gas, excluding supplemental gaseous fuels, CO2 emissions for all sectors",WV,West Virginia,11.4,Million metric tons CO2
2018,NNTCE,"Natural gas, excluding supplemental gaseous fuels, CO2 emissions for all sectors",WY,Wyoming,9,Million metric tons CO2
2018,NUEGV,Nuclear fuel expenditures in the electric power sector,AK,Alaska,0,Million dollars
2018,NUEGV,Nuclear fuel expenditures in the electric power sector,AL,Alabama,306.8,Million dollars
2018,NUEGV,Nuclear fuel expenditures in the electric power sector,AR,Arkansas,107.7,Million dollars
2018,NUEGV,Nuclear fuel expenditures in the electric power sector,AZ,Arizona,222.3,Million dollars
2018,NUEGV,Nuclear fuel expenditures in the electric power sector,CA,California,129.1,Million dollars
2018,NUEGV,Nuclear fuel expenditures in the electric power sector,CO,Colorado,0,Million dollars
2018,NUEGV,Nuclear fuel expenditures in the electric power sector,CT,Connecticut,119.8,Million dollars
2018,NUEGV,Nuclear fuel expenditures in the electric power sector,DC,District of Columbia,0,Million dollars
2018,NUEGV,Nuclear fuel expenditures in the electric power sector,DE,Delaware,0,Million dollars
2018,NUEGV,Nuclear fuel expenditures in the electric power sector,FL,Florida,193,Million dollars
2018,NUEGV,Nuclear fuel expenditures in the electric power sector,GA,Georgia,282.3,Million dollars
2018,NUEGV,Nuclear fuel expenditures in the electric power sector,HI,Hawaii,0,Million dollars
2018,NUEGV,Nuclear fuel expenditures in the electric power sector,IA,Iowa,38.1,Million dollars
2018,NUEGV,Nuclear fuel expenditures in the electric power sector,ID,Idaho,0,Million dollars
2018,NUEGV,Nuclear fuel expenditures in the electric power sector,IL,Illinois,737,Million dollars
2018,NUEGV,Nuclear fuel expenditures in the electric power sector,IN,Indiana,0,Million dollars
2018,NUEGV,Nuclear fuel expenditures in the electric power sector,KS,Kansas,56,Million dollars
2018,NUEGV,Nuclear fuel expenditures in the electric power sector,KY,Kentucky,0,Million dollars
2018,NUEGV,Nuclear fuel expenditures in the electric power sector,LA,Louisiana,130.5,Million dollars
2018,NUEGV,Nuclear fuel expenditures in the electric power sector,MA,Massachusetts,34.6,Million dollars
2018,NUEGV,Nuclear fuel expenditures in the electric power sector,MD,Maryland,106.3,Million dollars
2018,NUEGV,Nuclear fuel expenditures in the electric power sector,ME,Maine,0,Million dollars
2018,NUEGV,Nuclear fuel expenditures in the electric power sector,MI,Michigan,201.6,Million dollars
2018,NUEGV,Nuclear fuel expenditures in the electric power sector,MN,Minnesota,121.9,Million dollars
2018,NUEGV,Nuclear fuel expenditures in the electric power sector,MO,Missouri,95.1,Million dollars
2018,NUEGV,Nuclear fuel expenditures in the electric power sector,MS,Mississippi,72,Million dollars
2018,NUEGV,Nuclear fuel expenditures in the electric power sector,MT,Montana,0,Million dollars
2018,NUEGV,Nuclear fuel expenditures in the electric power sector,NC,North Carolina,271.1,Million dollars
2018,NUEGV,Nuclear fuel expenditures in the electric power sector,ND,North Dakota,0,Million dollars
2018,NUEGV,Nuclear fuel expenditures in the electric power sector,NE,Nebraska,43.9,Million dollars
2018,NUEGV,Nuclear fuel expenditures in the electric power sector,NH,New Hampshire,71.4,Million dollars
2018,NUEGV,Nuclear fuel expenditures in the electric power sector,NJ,New Jersey,236,Million dollars
2018,NUEGV,Nuclear fuel expenditures in the electric power sector,NM,New Mexico,0,Million dollars
2018,NUEGV,Nuclear fuel expenditures in the electric power sector,NV,Nevada,0,Million dollars
2018,NUEGV,Nuclear fuel expenditures in the electric power sector,NY,New York,319.8,Million dollars
2018,NUEGV,Nuclear fuel expenditures in the electric power sector,OH,Ohio,137.6,Million dollars
2018,NUEGV,Nuclear fuel expenditures in the electric power sector,OK,Oklahoma,0,Million dollars
2018,NUEGV,Nuclear fuel expenditures in the electric power sector,OR,Oregon,0,Million dollars
2018,NUEGV,Nuclear fuel expenditures in the electric power sector,PA,Pennsylvania,635.1,Million dollars
2018,NUEGV,Nuclear fuel expenditures in the electric power sector,RI,Rhode Island,0,Million dollars
2018,NUEGV,Nuclear fuel expenditures in the electric power sector,SC,South Carolina,359,Million dollars
2018,NUEGV,Nuclear fuel expenditures in the electric power sector,SD,South Dakota,0,Million dollars
2018,NUEGV,Nuclear fuel expenditures in the electric power sector,TN,Tennessee,256.7,Million dollars
2018,NUEGV,Nuclear fuel expenditures in the electric power sector,TX,Texas,292.2,Million dollars
2018,NUEGV,Nuclear fuel expenditures in the electric power sector,UT,Utah,0,Million dollars
2018,NUEGV,Nuclear fuel expenditures in the electric power sector,VA,Virginia,191.7,Million dollars
2018,NUEGV,Nuclear fuel expenditures in the electric power sector,VT,Vermont,0,Million dollars
2018,NUEGV,Nuclear fuel expenditures in the electric power sector,WA,Washington,75.6,Million dollars
2018,NUEGV,Nuclear fuel expenditures in the electric power sector,WI,Wisconsin,71.9,Million dollars
2018,NUEGV,Nuclear fuel expenditures in the electric power sector,WV,West Virginia,0,Million dollars
2018,NUEGV,Nuclear fuel expenditures in the electric power sector,WY,Wyoming,0,Million dollars
2018,PAEIV,All petroleum products total expenditures in the electric power sector,AK,Alaska,86.3,Million dollars
2018,PAEIV,All petroleum products total expenditures in the electric power sector,AL,Alabama,12.9,Million dollars
2018,PAEIV,All petroleum products total expenditures in the electric power sector,AR,Arkansas,5.3,Million dollars
2018,PAEIV,All petroleum products total expenditures in the electric power sector,AZ,Arizona,9.4,Million dollars
2018,PAEIV,All petroleum products total expenditures in the electric power sector,CA,California,6.5,Million dollars
2018,PAEIV,All petroleum products total expenditures in the electric power sector,CO,Colorado,2.7,Million dollars
2018,PAEIV,All petroleum products total expenditures in the electric power sector,CT,Connecticut,44.2,Million dollars
2018,PAEIV,All petroleum products total expenditures in the electric power sector,DC,District of Columbia,0,Million dollars
2018,PAEIV,All petroleum products total expenditures in the electric power sector,DE,Delaware,28.9,Million dollars
2018,PAEIV,All petroleum products total expenditures in the electric power sector,FL,Florida,144.2,Million dollars
2018,PAEIV,All petroleum products total expenditures in the electric power sector,GA,Georgia,39.2,Million dollars
2018,PAEIV,All petroleum products total expenditures in the electric power sector,HI,Hawaii,911.2,Million dollars
2018,PAEIV,All petroleum products total expenditures in the electric power sector,IA,Iowa,12.2,Million dollars
2018,PAEIV,All petroleum products total expenditures in the electric power sector,ID,Idaho,0,Million dollars
2018,PAEIV,All petroleum products total expenditures in the electric power sector,IL,Illinois,10,Million dollars
2018,PAEIV,All petroleum products total expenditures in the electric power sector,IN,Indiana,20.2,Million dollars
2018,PAEIV,All petroleum products total expenditures in the electric power sector,KS,Kansas,11.2,Million dollars
2018,PAEIV,All petroleum products total expenditures in the electric power sector,KY,Kentucky,16.3,Million dollars
2018,PAEIV,All petroleum products total expenditures in the electric power sector,LA,Louisiana,126.6,Million dollars
2018,PAEIV,All petroleum products total expenditures in the electric power sector,MA,Massachusetts,55.3,Million dollars
2018,PAEIV,All petroleum products total expenditures in the electric power sector,MD,Maryland,49.2,Million dollars
2018,PAEIV,All petroleum products total expenditures in the electric power sector,ME,Maine,24.8,Million dollars
2018,PAEIV,All petroleum products total expenditures in the electric power sector,MI,Michigan,41.7,Million dollars
2018,PAEIV,All petroleum products total expenditures in the electric power sector,MN,Minnesota,7.2,Million dollars
2018,PAEIV,All petroleum products total expenditures in the electric power sector,MO,Missouri,18,Million dollars
2018,PAEIV,All petroleum products total expenditures in the electric power sector,MS,Mississippi,4.2,Million dollars
2018,PAEIV,All petroleum products total expenditures in the electric power sector,MT,Montana,21.2,Million dollars
2018,PAEIV,All petroleum products total expenditures in the electric power sector,NC,North Carolina,118.8,Million dollars
2018,PAEIV,All petroleum products total expenditures in the electric power sector,ND,North Dakota,6.6,Million dollars
2018,PAEIV,All petroleum products total expenditures in the electric power sector,NE,Nebraska,3.4,Million dollars
2018,PAEIV,All petroleum products total expenditures in the electric power sector,NH,New Hampshire,21.2,Million dollars
2018,PAEIV,All petroleum products total expenditures in the electric power sector,NJ,New Jersey,23.2,Million dollars
2018,PAEIV,All petroleum products total expenditures in the electric power sector,NM,New Mexico,4.7,Million dollars
2018,PAEIV,All petroleum products total expenditures in the electric power sector,NV,Nevada,2.3,Million dollars
2018,PAEIV,All petroleum products total expenditures in the electric power sector,NY,New York,187.9,Million dollars
2018,PAEIV,All petroleum products total expenditures in the electric power sector,OH,Ohio,65.7,Million dollars
2018,PAEIV,All petroleum products total expenditures in the electric power sector,OK,Oklahoma,2.9,Million dollars
2018,PAEIV,All petroleum products total expenditures in the electric power sector,OR,Oregon,.9,Million dollars
2018,PAEIV,All petroleum products total expenditures in the electric power sector,PA,Pennsylvania,122.1,Million dollars
2018,PAEIV,All petroleum products total expenditures in the electric power sector,RI,Rhode Island,10.4,Million dollars
2018,PAEIV,All petroleum products total expenditures in the electric power sector,SC,South Carolina,58,Million dollars
2018,PAEIV,All petroleum products total expenditures in the electric power sector,SD,South Dakota,2,Million dollars
2018,PAEIV,All petroleum products total expenditures in the electric power sector,TN,Tennessee,21.1,Million dollars
2018,PAEIV,All petroleum products total expenditures in the electric power sector,TX,Texas,10.1,Million dollars
2018,PAEIV,All petroleum products total expenditures in the electric power sector,UT,Utah,7.1,Million dollars
2018,PAEIV,All petroleum products total expenditures in the electric power sector,VA,Virginia,111.8,Million dollars
2018,PAEIV,All petroleum products total expenditures in the electric power sector,VT,Vermont,.7,Million dollars
2018,PAEIV,All petroleum products total expenditures in the electric power sector,WA,Washington,2.6,Million dollars
2018,PAEIV,All petroleum products total expenditures in the electric power sector,WI,Wisconsin,10.9,Million dollars
2018,PAEIV,All petroleum products total expenditures in the electric power sector,WV,West Virginia,27.7,Million dollars
2018,PAEIV,All petroleum products total expenditures in the electric power sector,WY,Wyoming,6.9,Million dollars
2018,PMTCE,"Total petroleum, excluding biofuels, CO2 emissions for all sectors",AK,Alaska,15.2,Million metric tons CO2  
2018,PMTCE,"Total petroleum, excluding biofuels, CO2 emissions for all sectors",AL,Alabama,35.8,Million metric tons CO2  
2018,PMTCE,"Total petroleum, excluding biofuels, CO2 emissions for all sectors",AR,Arkansas,22.3,Million metric tons CO2  
2018,PMTCE,"Total petroleum, excluding biofuels, CO2 emissions for all sectors",AZ,Arizona,41.1,Million metric tons CO2  
2018,PMTCE,"Total petroleum, excluding biofuels, CO2 emissions for all sectors",CA,California,236.6,Million metric tons CO2  
2018,PMTCE,"Total petroleum, excluding biofuels, CO2 emissions for all sectors",CO,Colorado,35.4,Million metric tons CO2  
2018,PMTCE,"Total petroleum, excluding biofuels, CO2 emissions for all sectors",CT,Connecticut,21.5,Million metric tons CO2  
2018,PMTCE,"Total petroleum, excluding biofuels, CO2 emissions for all sectors",DC,District of Columbia,1.1,Million metric tons CO2  
2018,PMTCE,"Total petroleum, excluding biofuels, CO2 emissions for all sectors",DE,Delaware,8.3,Million metric tons CO2  
2018,PMTCE,"Total petroleum, excluding biofuels, CO2 emissions for all sectors",FL,Florida,130.1,Million metric tons CO2  
2018,PMTCE,"Total petroleum, excluding biofuels, CO2 emissions for all sectors",GA,Georgia,69,Million metric tons CO2  
2018,PMTCE,"Total petroleum, excluding biofuels, CO2 emissions for all sectors",HI,Hawaii,18.6,Million metric tons CO2  
2018,PMTCE,"Total petroleum, excluding biofuels, CO2 emissions for all sectors",IA,Iowa,26.4,Million metric tons CO2  
2018,PMTCE,"Total petroleum, excluding biofuels, CO2 emissions for all sectors",ID,Idaho,12.7,Million metric tons CO2  
2018,PMTCE,"Total petroleum, excluding biofuels, CO2 emissions for all sectors",IL,Illinois,84.4,Million metric tons CO2  
2018,PMTCE,"Total petroleum, excluding biofuels, CO2 emissions for all sectors",IN,Indiana,48.5,Million metric tons CO2  
2018,PMTCE,"Total petroleum, excluding biofuels, CO2 emissions for all sectors",KS,Kansas,24.1,Million metric tons CO2  
2018,PMTCE,"Total petroleum, excluding biofuels, CO2 emissions for all sectors",KY,Kentucky,41,Million metric tons CO2  
2018,PMTCE,"Total petroleum, excluding biofuels, CO2 emissions for all sectors",LA,Louisiana,85.3,Million metric tons CO2  
2018,PMTCE,"Total petroleum, excluding biofuels, CO2 emissions for all sectors",MA,Massachusetts,40.1,Million metric tons CO2  
2018,PMTCE,"Total petroleum, excluding biofuels, CO2 emissions for all sectors",MD,Maryland,33.1,Million metric tons CO2  
2018,PMTCE,"Total petroleum, excluding biofuels, CO2 emissions for all sectors",ME,Maine,12,Million metric tons CO2  
2018,PMTCE,"Total petroleum, excluding biofuels, CO2 emissions for all sectors",MI,Michigan,61.9,Million metric tons CO2  
2018,PMTCE,"Total petroleum, excluding biofuels, CO2 emissions for all sectors",MN,Minnesota,41.6,Million metric tons CO2  
2018,PMTCE,"Total petroleum, excluding biofuels, CO2 emissions for all sectors",MO,Missouri,43.1,Million metric tons CO2  
2018,PMTCE,"Total petroleum, excluding biofuels, CO2 emissions for all sectors",MS,Mississippi,26.2,Million metric tons CO2  
2018,PMTCE,"Total petroleum, excluding biofuels, CO2 emissions for all sectors",MT,Montana,11.9,Million metric tons CO2  
2018,PMTCE,"Total petroleum, excluding biofuels, CO2 emissions for all sectors",NC,North Carolina,61.2,Million metric tons CO2  
2018,PMTCE,"Total petroleum, excluding biofuels, CO2 emissions for all sectors",ND,North Dakota,13.1,Million metric tons CO2  
2018,PMTCE,"Total petroleum, excluding biofuels, CO2 emissions for all sectors",NE,Nebraska,16.7,Million metric tons CO2  
2018,PMTCE,"Total petroleum, excluding biofuels, CO2 emissions for all sectors",NH,New Hampshire,10.7,Million metric tons CO2  
2018,PMTCE,"Total petroleum, excluding biofuels, CO2 emissions for all sectors",NJ,New Jersey,60.9,Million metric tons CO2  
2018,PMTCE,"Total petroleum, excluding biofuels, CO2 emissions for all sectors",NM,New Mexico,17.9,Million metric tons CO2  
2018,PMTCE,"Total petroleum, excluding biofuels, CO2 emissions for all sectors",NV,Nevada,21.6,Million metric tons CO2  
2018,PMTCE,"Total petroleum, excluding biofuels, CO2 emissions for all sectors",NY,New York,99,Million metric tons CO2  
2018,PMTCE,"Total petroleum, excluding biofuels, CO2 emissions for all sectors",OH,Ohio,75.3,Million metric tons CO2  
2018,PMTCE,"Total petroleum, excluding biofuels, CO2 emissions for all sectors",OK,Oklahoma,37.8,Million metric tons CO2  
2018,PMTCE,"Total petroleum, excluding biofuels, CO2 emissions for all sectors",OR,Oregon,23.2,Million metric tons CO2  
2018,PMTCE,"Total petroleum, excluding biofuels, CO2 emissions for all sectors",PA,Pennsylvania,79.4,Million metric tons CO2  
2018,PMTCE,"Total petroleum, excluding biofuels, CO2 emissions for all sectors",RI,Rhode Island,5.4,Million metric tons CO2  
2018,PMTCE,"Total petroleum, excluding biofuels, CO2 emissions for all sectors",SC,South Carolina,36.5,Million metric tons CO2  
2018,PMTCE,"Total petroleum, excluding biofuels, CO2 emissions for all sectors",SD,South Dakota,7.9,Million metric tons CO2  
2018,PMTCE,"Total petroleum, excluding biofuels, CO2 emissions for all sectors",TN,Tennessee,48.2,Million metric tons CO2  
2018,PMTCE,"Total petroleum, excluding biofuels, CO2 emissions for all sectors",TX,Texas,329.9,Million metric tons CO2  
2018,PMTCE,"Total petroleum, excluding biofuels, CO2 emissions for all sectors",UT,Utah,21.8,Million metric tons CO2  
2018,PMTCE,"Total petroleum, excluding biofuels, CO2 emissions for all sectors",VA,Virginia,60.4,Million metric tons CO2  
2018,PMTCE,"Total petroleum, excluding biofuels, CO2 emissions for all sectors",VT,Vermont,5.1,Million metric tons CO2  
2018,PMTCE,"Total petroleum, excluding biofuels, CO2 emissions for all sectors",WA,Washington,55,Million metric tons CO2  
2018,PMTCE,"Total petroleum, excluding biofuels, CO2 emissions for all sectors",WI,Wisconsin,36.7,Million metric tons CO2  
2018,PMTCE,"Total petroleum, excluding biofuels, CO2 emissions for all sectors",WV,West Virginia,14.3,Million metric tons CO2  
2018,PMTCE,"Total petroleum, excluding biofuels, CO2 emissions for all sectors",WY,Wyoming,11.2,Million metric tons CO2  
2017,CLEIV,Coal expenditures in the electric power sector,AK,Alaska,28.4,Million dollars
2017,CLEIV,Coal expenditures in the electric power sector,AL,Alabama,684.1,Million dollars
2017,CLEIV,Coal expenditures in the electric power sector,AR,Arkansas,533.7,Million dollars
2017,CLEIV,Coal expenditures in the electric power sector,AZ,Arizona,734.9,Million dollars
2017,CLEIV,Coal expenditures in the electric power sector,CA,California,0,Million dollars
2017,CLEIV,Coal expenditures in the electric power sector,CO,Colorado,547,Million dollars
2017,CLEIV,Coal expenditures in the electric power sector,CT,Connecticut,10.9,Million dollars
2017,CLEIV,Coal expenditures in the electric power sector,DC,District of Columbia,0,Million dollars
2017,CLEIV,Coal expenditures in the electric power sector,DE,Delaware,12.9,Million dollars
2017,CLEIV,Coal expenditures in the electric power sector,FL,Florida,1158.7,Million dollars
2017,CLEIV,Coal expenditures in the electric power sector,GA,Georgia,930.3,Million dollars
2017,CLEIV,Coal expenditures in the electric power sector,HI,Hawaii,46,Million dollars
2017,CLEIV,Coal expenditures in the electric power sector,IA,Iowa,419,Million dollars
2017,CLEIV,Coal expenditures in the electric power sector,ID,Idaho,0,Million dollars
2017,CLEIV,Coal expenditures in the electric power sector,IL,Illinois,1109.7,Million dollars
2017,CLEIV,Coal expenditures in the electric power sector,IN,Indiana,1650.5,Million dollars
2017,CLEIV,Coal expenditures in the electric power sector,KS,Kansas,367.9,Million dollars
2017,CLEIV,Coal expenditures in the electric power sector,KY,Kentucky,1227.1,Million dollars
2017,CLEIV,Coal expenditures in the electric power sector,LA,Louisiana,409.2,Million dollars
2017,CLEIV,Coal expenditures in the electric power sector,MA,Massachusetts,53.4,Million dollars
2017,CLEIV,Coal expenditures in the electric power sector,MD,Maryland,252.8,Million dollars
2017,CLEIV,Coal expenditures in the electric power sector,ME,Maine,7.4,Million dollars
2017,CLEIV,Coal expenditures in the electric power sector,MI,Michigan,969.8,Million dollars
2017,CLEIV,Coal expenditures in the electric power sector,MN,Minnesota,492.2,Million dollars
2017,CLEIV,Coal expenditures in the electric power sector,MO,Missouri,1286.3,Million dollars
2017,CLEIV,Coal expenditures in the electric power sector,MS,Mississippi,143.1,Million dollars
2017,CLEIV,Coal expenditures in the electric power sector,MT,Montana,266.6,Million dollars
2017,CLEIV,Coal expenditures in the electric power sector,NC,North Carolina,996.2,Million dollars
2017,CLEIV,Coal expenditures in the electric power sector,ND,North Dakota,480.5,Million dollars
2017,CLEIV,Coal expenditures in the electric power sector,NE,Nebraska,291.9,Million dollars
2017,CLEIV,Coal expenditures in the electric power sector,NH,New Hampshire,15.7,Million dollars
2017,CLEIV,Coal expenditures in the electric power sector,NJ,New Jersey,52.3,Million dollars
2017,CLEIV,Coal expenditures in the electric power sector,NM,New Mexico,387.4,Million dollars
2017,CLEIV,Coal expenditures in the electric power sector,NV,Nevada,66.2,Million dollars
2017,CLEIV,Coal expenditures in the electric power sector,NY,New York,14.7,Million dollars
2017,CLEIV,Coal expenditures in the electric power sector,OH,Ohio,1344,Million dollars
2017,CLEIV,Coal expenditures in the electric power sector,OK,Oklahoma,347.3,Million dollars
2017,CLEIV,Coal expenditures in the electric power sector,OR,Oregon,41.2,Million dollars
2017,CLEIV,Coal expenditures in the electric power sector,PA,Pennsylvania,942.9,Million dollars
2017,CLEIV,Coal expenditures in the electric power sector,RI,Rhode Island,0,Million dollars
2017,CLEIV,Coal expenditures in the electric power sector,SC,South Carolina,614.2,Million dollars
2017,CLEIV,Coal expenditures in the electric power sector,SD,South Dakota,49.1,Million dollars
2017,CLEIV,Coal expenditures in the electric power sector,TN,Tennessee,671.7,Million dollars
2017,CLEIV,Coal expenditures in the electric power sector,TX,Texas,2510.7,Million dollars
2017,CLEIV,Coal expenditures in the electric power sector,UT,Utah,516.5,Million dollars
2017,CLEIV,Coal expenditures in the electric power sector,VA,Virginia,315.9,Million dollars
2017,CLEIV,Coal expenditures in the electric power sector,VT,Vermont,0,Million dollars
2017,CLEIV,Coal expenditures in the electric power sector,WA,Washington,139.8,Million dollars
2017,CLEIV,Coal expenditures in the electric power sector,WI,Wisconsin,816.8,Million dollars
2017,CLEIV,Coal expenditures in the electric power sector,WV,West Virginia,1502.8,Million dollars
2017,CLEIV,Coal expenditures in the electric power sector,WY,Wyoming,710.1,Million dollars
2017,CLTCE,Coal CO2 emissions for all sectors,AK,Alaska,1.6,Million metric tons CO2  
2017,CLTCE,Coal CO2 emissions for all sectors,AL,Alabama,36.1,Million metric tons CO2  
2017,CLTCE,Coal CO2 emissions for all sectors,AR,Arkansas,25.6,Million metric tons CO2  
2017,CLTCE,Coal CO2 emissions for all sectors,AZ,Arizona,32,Million metric tons CO2  
2017,CLTCE,Coal CO2 emissions for all sectors,CA,California,3.2,Million metric tons CO2  
2017,CLTCE,Coal CO2 emissions for all sectors,CO,Colorado,30.2,Million metric tons CO2  
2017,CLTCE,Coal CO2 emissions for all sectors,CT,Connecticut,.2,Million metric tons CO2  
2017,CLTCE,Coal CO2 emissions for all sectors,DC,District of Columbia,0,Million metric tons CO2  
2017,CLTCE,Coal CO2 emissions for all sectors,DE,Delaware,.5,Million metric tons CO2  
2017,CLTCE,Coal CO2 emissions for all sectors,FL,Florida,39,Million metric tons CO2  
2017,CLTCE,Coal CO2 emissions for all sectors,GA,Georgia,32.9,Million metric tons CO2  
2017,CLTCE,Coal CO2 emissions for all sectors,HI,Hawaii,1.4,Million metric tons CO2  
2017,CLTCE,Coal CO2 emissions for all sectors,IA,Iowa,28.7,Million metric tons CO2  
2017,CLTCE,Coal CO2 emissions for all sectors,ID,Idaho,.2,Million metric tons CO2  
2017,CLTCE,Coal CO2 emissions for all sectors,IL,Illinois,65.4,Million metric tons CO2  
2017,CLTCE,Coal CO2 emissions for all sectors,IN,Indiana,88.5,Million metric tons CO2  
2017,CLTCE,Coal CO2 emissions for all sectors,KS,Kansas,20.7,Million metric tons CO2  
2017,CLTCE,Coal CO2 emissions for all sectors,KY,Kentucky,61.1,Million metric tons CO2  
2017,CLTCE,Coal CO2 emissions for all sectors,LA,Louisiana,13.6,Million metric tons CO2  
2017,CLTCE,Coal CO2 emissions for all sectors,MA,Massachusetts,1.2,Million metric tons CO2  
2017,CLTCE,Coal CO2 emissions for all sectors,MD,Maryland,10.2,Million metric tons CO2  
2017,CLTCE,Coal CO2 emissions for all sectors,ME,Maine,.2,Million metric tons CO2  
2017,CLTCE,Coal CO2 emissions for all sectors,MI,Michigan,47.6,Million metric tons CO2  
2017,CLTCE,Coal CO2 emissions for all sectors,MN,Minnesota,24.6,Million metric tons CO2  
2017,CLTCE,Coal CO2 emissions for all sectors,MO,Missouri,67.9,Million metric tons CO2  
2017,CLTCE,Coal CO2 emissions for all sectors,MS,Mississippi,5.1,Million metric tons CO2  
2017,CLTCE,Coal CO2 emissions for all sectors,MT,Montana,14.9,Million metric tons CO2  
2017,CLTCE,Coal CO2 emissions for all sectors,NC,North Carolina,33.5,Million metric tons CO2  
2017,CLTCE,Coal CO2 emissions for all sectors,ND,North Dakota,38,Million metric tons CO2  
2017,CLTCE,Coal CO2 emissions for all sectors,NE,Nebraska,22.4,Million metric tons CO2  
2017,CLTCE,Coal CO2 emissions for all sectors,NH,New Hampshire,.3,Million metric tons CO2  
2017,CLTCE,Coal CO2 emissions for all sectors,NJ,New Jersey,1.6,Million metric tons CO2  
2017,CLTCE,Coal CO2 emissions for all sectors,NM,New Mexico,19,Million metric tons CO2  
2017,CLTCE,Coal CO2 emissions for all sectors,NV,Nevada,2.6,Million metric tons CO2  
2017,CLTCE,Coal CO2 emissions for all sectors,NY,New York,1.9,Million metric tons CO2  
2017,CLTCE,Coal CO2 emissions for all sectors,OH,Ohio,77.2,Million metric tons CO2  
2017,CLTCE,Coal CO2 emissions for all sectors,OK,Oklahoma,19,Million metric tons CO2  
2017,CLTCE,Coal CO2 emissions for all sectors,OR,Oregon,1.8,Million metric tons CO2  
2017,CLTCE,Coal CO2 emissions for all sectors,PA,Pennsylvania,63.5,Million metric tons CO2  
2017,CLTCE,Coal CO2 emissions for all sectors,RI,Rhode Island,0,Million metric tons CO2  
2017,CLTCE,Coal CO2 emissions for all sectors,SC,South Carolina,18.4,Million metric tons CO2  
2017,CLTCE,Coal CO2 emissions for all sectors,SD,South Dakota,2.5,Million metric tons CO2  
2017,CLTCE,Coal CO2 emissions for all sectors,TN,Tennessee,32,Million metric tons CO2  
2017,CLTCE,Coal CO2 emissions for all sectors,TX,Texas,138.8,Million metric tons CO2  
2017,CLTCE,Coal CO2 emissions for all sectors,UT,Utah,26.3,Million metric tons CO2  
2017,CLTCE,Coal CO2 emissions for all sectors,VA,Virginia,15.2,Million metric tons CO2  
2017,CLTCE,Coal CO2 emissions for all sectors,VT,Vermont,0,Million metric tons CO2  
2017,CLTCE,Coal CO2 emissions for all sectors,WA,Washington,5.9,Million metric tons CO2  
2017,CLTCE,Coal CO2 emissions for all sectors,WI,Wisconsin,37.2,Million metric tons CO2  
2017,CLTCE,Coal CO2 emissions for all sectors,WV,West Virginia,67.9,Million metric tons CO2  
2017,CLTCE,Coal CO2 emissions for all sectors,WY,Wyoming,43.8,Million metric tons CO2  
2017,FFTCE,Fossil fuel CO2 emissions for all sectors,AK,Alaska,33.7,Million metric tons CO2
2017,FFTCE,Fossil fuel CO2 emissions for all sectors,AL,Alabama,108.2,Million metric tons CO2
2017,FFTCE,Fossil fuel CO2 emissions for all sectors,AR,Arkansas,63.9,Million metric tons CO2
2017,FFTCE,Fossil fuel CO2 emissions for all sectors,AZ,Arizona,90.4,Million metric tons CO2
2017,FFTCE,Fossil fuel CO2 emissions for all sectors,CA,California,352.3,Million metric tons CO2
2017,FFTCE,Fossil fuel CO2 emissions for all sectors,CO,Colorado,88.4,Million metric tons CO2
2017,FFTCE,Fossil fuel CO2 emissions for all sectors,CT,Connecticut,33.5,Million metric tons CO2
2017,FFTCE,Fossil fuel CO2 emissions for all sectors,DC,District of Columbia,2.6,Million metric tons CO2
2017,FFTCE,Fossil fuel CO2 emissions for all sectors,DE,Delaware,13.7,Million metric tons CO2
2017,FFTCE,Fossil fuel CO2 emissions for all sectors,FL,Florida,237.5,Million metric tons CO2
2017,FFTCE,Fossil fuel CO2 emissions for all sectors,GA,Georgia,141.1,Million metric tons CO2
2017,FFTCE,Fossil fuel CO2 emissions for all sectors,HI,Hawaii,20.1,Million metric tons CO2
2017,FFTCE,Fossil fuel CO2 emissions for all sectors,IA,Iowa,73.8,Million metric tons CO2
2017,FFTCE,Fossil fuel CO2 emissions for all sectors,ID,Idaho,18.7,Million metric tons CO2
2017,FFTCE,Fossil fuel CO2 emissions for all sectors,IL,Illinois,203.7,Million metric tons CO2
2017,FFTCE,Fossil fuel CO2 emissions for all sectors,IN,Indiana,175.2,Million metric tons CO2
2017,FFTCE,Fossil fuel CO2 emissions for all sectors,KS,Kansas,58.7,Million metric tons CO2
2017,FFTCE,Fossil fuel CO2 emissions for all sectors,KY,Kentucky,116.3,Million metric tons CO2
2017,FFTCE,Fossil fuel CO2 emissions for all sectors,LA,Louisiana,192.9,Million metric tons CO2
2017,FFTCE,Fossil fuel CO2 emissions for all sectors,MA,Massachusetts,64.5,Million metric tons CO2
2017,FFTCE,Fossil fuel CO2 emissions for all sectors,MD,Maryland,54.8,Million metric tons CO2
2017,FFTCE,Fossil fuel CO2 emissions for all sectors,ME,Maine,15.3,Million metric tons CO2
2017,FFTCE,Fossil fuel CO2 emissions for all sectors,MI,Michigan,155.2,Million metric tons CO2
2017,FFTCE,Fossil fuel CO2 emissions for all sectors,MN,Minnesota,90.4,Million metric tons CO2
2017,FFTCE,Fossil fuel CO2 emissions for all sectors,MO,Missouri,124,Million metric tons CO2
2017,FFTCE,Fossil fuel CO2 emissions for all sectors,MS,Mississippi,60.2,Million metric tons CO2
2017,FFTCE,Fossil fuel CO2 emissions for all sectors,MT,Montana,31.2,Million metric tons CO2
2017,FFTCE,Fossil fuel CO2 emissions for all sectors,NC,North Carolina,120.6,Million metric tons CO2
2017,FFTCE,Fossil fuel CO2 emissions for all sectors,ND,North Dakota,56.4,Million metric tons CO2
2017,FFTCE,Fossil fuel CO2 emissions for all sectors,NE,Nebraska,47.6,Million metric tons CO2
2017,FFTCE,Fossil fuel CO2 emissions for all sectors,NH,New Hampshire,13.5,Million metric tons CO2
2017,FFTCE,Fossil fuel CO2 emissions for all sectors,NJ,New Jersey,98.9,Million metric tons CO2
2017,FFTCE,Fossil fuel CO2 emissions for all sectors,NM,New Mexico,49.5,Million metric tons CO2
2017,FFTCE,Fossil fuel CO2 emissions for all sectors,NV,Nevada,40.2,Million metric tons CO2
2017,FFTCE,Fossil fuel CO2 emissions for all sectors,NY,New York,165.1,Million metric tons CO2
2017,FFTCE,Fossil fuel CO2 emissions for all sectors,OH,Ohio,204.3,Million metric tons CO2
2017,FFTCE,Fossil fuel CO2 emissions for all sectors,OK,Oklahoma,92.9,Million metric tons CO2
2017,FFTCE,Fossil fuel CO2 emissions for all sectors,OR,Oregon,38.3,Million metric tons CO2
2017,FFTCE,Fossil fuel CO2 emissions for all sectors,PA,Pennsylvania,214.7,Million metric tons CO2
2017,FFTCE,Fossil fuel CO2 emissions for all sectors,RI,Rhode Island,9.8,Million metric tons CO2
2017,FFTCE,Fossil fuel CO2 emissions for all sectors,SC,South Carolina,69.6,Million metric tons CO2
2017,FFTCE,Fossil fuel CO2 emissions for all sectors,SD,South Dakota,14.6,Million metric tons CO2
2017,FFTCE,Fossil fuel CO2 emissions for all sectors,TN,Tennessee,96.9,Million metric tons CO2
2017,FFTCE,Fossil fuel CO2 emissions for all sectors,TX,Texas,662,Million metric tons CO2
2017,FFTCE,Fossil fuel CO2 emissions for all sectors,UT,Utah,59,Million metric tons CO2
2017,FFTCE,Fossil fuel CO2 emissions for all sectors,VA,Virginia,105.1,Million metric tons CO2
2017,FFTCE,Fossil fuel CO2 emissions for all sectors,VT,Vermont,5.8,Million metric tons CO2
2017,FFTCE,Fossil fuel CO2 emissions for all sectors,WA,Washington,78.9,Million metric tons CO2
2017,FFTCE,Fossil fuel CO2 emissions for all sectors,WI,Wisconsin,98.3,Million metric tons CO2
2017,FFTCE,Fossil fuel CO2 emissions for all sectors,WV,West Virginia,90.7,Million metric tons CO2
2017,FFTCE,Fossil fuel CO2 emissions for all sectors,WY,Wyoming,62.8,Million metric tons CO2
2017,NGEIV,Natural gas expenditures in the electric power sector (including supplemental gaseous fuels),AK,Alaska,204.8,Million dollars
2017,NGEIV,Natural gas expenditures in the electric power sector (including supplemental gaseous fuels),AL,Alabama,1309.2,Million dollars
2017,NGEIV,Natural gas expenditures in the electric power sector (including supplemental gaseous fuels),AR,Arkansas,429.8,Million dollars
2017,NGEIV,Natural gas expenditures in the electric power sector (including supplemental gaseous fuels),AZ,Arizona,839.8,Million dollars
2017,NGEIV,Natural gas expenditures in the electric power sector (including supplemental gaseous fuels),CA,California,2259.7,Million dollars
2017,NGEIV,Natural gas expenditures in the electric power sector (including supplemental gaseous fuels),CO,Colorado,363.7,Million dollars
2017,NGEIV,Natural gas expenditures in the electric power sector (including supplemental gaseous fuels),CT,Connecticut,473.9,Million dollars
2017,NGEIV,Natural gas expenditures in the electric power sector (including supplemental gaseous fuels),DC,District of Columbia,0,Million dollars
2017,NGEIV,Natural gas expenditures in the electric power sector (including supplemental gaseous fuels),DE,Delaware,123.2,Million dollars
2017,NGEIV,Natural gas expenditures in the electric power sector (including supplemental gaseous fuels),FL,Florida,5091.9,Million dollars
2017,NGEIV,Natural gas expenditures in the electric power sector (including supplemental gaseous fuels),GA,Georgia,1324.9,Million dollars
2017,NGEIV,Natural gas expenditures in the electric power sector (including supplemental gaseous fuels),HI,Hawaii,0,Million dollars
2017,NGEIV,Natural gas expenditures in the electric power sector (including supplemental gaseous fuels),IA,Iowa,94.6,Million dollars
2017,NGEIV,Natural gas expenditures in the electric power sector (including supplemental gaseous fuels),ID,Idaho,69.7,Million dollars
2017,NGEIV,Natural gas expenditures in the electric power sector (including supplemental gaseous fuels),IL,Illinois,471.9,Million dollars
2017,NGEIV,Natural gas expenditures in the electric power sector (including supplemental gaseous fuels),IN,Indiana,450.5,Million dollars
2017,NGEIV,Natural gas expenditures in the electric power sector (including supplemental gaseous fuels),KS,Kansas,79.3,Million dollars
2017,NGEIV,Natural gas expenditures in the electric power sector (including supplemental gaseous fuels),KY,Kentucky,309.1,Million dollars
2017,NGEIV,Natural gas expenditures in the electric power sector (including supplemental gaseous fuels),LA,Louisiana,937.8,Million dollars
2017,NGEIV,Natural gas expenditures in the electric power sector (including supplemental gaseous fuels),MA,Massachusetts,609.5,Million dollars
2017,NGEIV,Natural gas expenditures in the electric power sector (including supplemental gaseous fuels),MD,Maryland,185.1,Million dollars
2017,NGEIV,Natural gas expenditures in the electric power sector (including supplemental gaseous fuels),ME,Maine,51.5,Million dollars
2017,NGEIV,Natural gas expenditures in the electric power sector (including supplemental gaseous fuels),MI,Michigan,702.3,Million dollars
2017,NGEIV,Natural gas expenditures in the electric power sector (including supplemental gaseous fuels),MN,Minnesota,196.4,Million dollars
2017,NGEIV,Natural gas expenditures in the electric power sector (including supplemental gaseous fuels),MO,Missouri,157.6,Million dollars
2017,NGEIV,Natural gas expenditures in the electric power sector (including supplemental gaseous fuels),MS,Mississippi,1104.4,Million dollars
2017,NGEIV,Natural gas expenditures in the electric power sector (including supplemental gaseous fuels),MT,Montana,8.6,Million dollars
2017,NGEIV,Natural gas expenditures in the electric power sector (including supplemental gaseous fuels),NC,North Carolina,1161.5,Million dollars
2017,NGEIV,Natural gas expenditures in the electric power sector (including supplemental gaseous fuels),ND,North Dakota,28.9,Million dollars
2017,NGEIV,Natural gas expenditures in the electric power sector (including supplemental gaseous fuels),NE,Nebraska,26.1,Million dollars
2017,NGEIV,Natural gas expenditures in the electric power sector (including supplemental gaseous fuels),NH,New Hampshire,114,Million dollars
2017,NGEIV,Natural gas expenditures in the electric power sector (including supplemental gaseous fuels),NJ,New Jersey,780.1,Million dollars
2017,NGEIV,Natural gas expenditures in the electric power sector (including supplemental gaseous fuels),NM,New Mexico,270.1,Million dollars
2017,NGEIV,Natural gas expenditures in the electric power sector (including supplemental gaseous fuels),NV,Nevada,689.9,Million dollars
2017,NGEIV,Natural gas expenditures in the electric power sector (including supplemental gaseous fuels),NY,New York,1333.8,Million dollars
2017,NGEIV,Natural gas expenditures in the electric power sector (including supplemental gaseous fuels),OH,Ohio,636.9,Million dollars
2017,NGEIV,Natural gas expenditures in the electric power sector (including supplemental gaseous fuels),OK,Oklahoma,757,Million dollars
2017,NGEIV,Natural gas expenditures in the electric power sector (including supplemental gaseous fuels),OR,Oregon,268.7,Million dollars
2017,NGEIV,Natural gas expenditures in the electric power sector (including supplemental gaseous fuels),PA,Pennsylvania,1395.3,Million dollars
2017,NGEIV,Natural gas expenditures in the electric power sector (including supplemental gaseous fuels),RI,Rhode Island,184.5,Million dollars
2017,NGEIV,Natural gas expenditures in the electric power sector (including supplemental gaseous fuels),SC,South Carolina,490.2,Million dollars
2017,NGEIV,Natural gas expenditures in the electric power sector (including supplemental gaseous fuels),SD,South Dakota,18.6,Million dollars
2017,NGEIV,Natural gas expenditures in the electric power sector (including supplemental gaseous fuels),TN,Tennessee,230.5,Million dollars
2017,NGEIV,Natural gas expenditures in the electric power sector (including supplemental gaseous fuels),TX,Texas,4358.1,Million dollars
2017,NGEIV,Natural gas expenditures in the electric power sector (including supplemental gaseous fuels),UT,Utah,140.9,Million dollars
2017,NGEIV,Natural gas expenditures in the electric power sector (including supplemental gaseous fuels),VA,Virginia,1090,Million dollars
2017,NGEIV,Natural gas expenditures in the electric power sector (including supplemental gaseous fuels),VT,Vermont,0,Million dollars
2017,NGEIV,Natural gas expenditures in the electric power sector (including supplemental gaseous fuels),WA,Washington,293.5,Million dollars
2017,NGEIV,Natural gas expenditures in the electric power sector (including supplemental gaseous fuels),WI,Wisconsin,349.2,Million dollars
2017,NGEIV,Natural gas expenditures in the electric power sector (including supplemental gaseous fuels),WV,West Virginia,33.7,Million dollars
2017,NGEIV,Natural gas expenditures in the electric power sector (including supplemental gaseous fuels),WY,Wyoming,5.3,Million dollars
2017,NNTCE,"Natural gas, excluding supplemental gaseous fuels, CO2 emissions for all sectors",AK,Alaska,17.6,Million metric tons CO2
2017,NNTCE,"Natural gas, excluding supplemental gaseous fuels, CO2 emissions for all sectors",AL,Alabama,35.6,Million metric tons CO2
2017,NNTCE,"Natural gas, excluding supplemental gaseous fuels, CO2 emissions for all sectors",AR,Arkansas,16.6,Million metric tons CO2
2017,NNTCE,"Natural gas, excluding supplemental gaseous fuels, CO2 emissions for all sectors",AZ,Arizona,17.7,Million metric tons CO2
2017,NNTCE,"Natural gas, excluding supplemental gaseous fuels, CO2 emissions for all sectors",CA,California,114.1,Million metric tons CO2
2017,NNTCE,"Natural gas, excluding supplemental gaseous fuels, CO2 emissions for all sectors",CO,Colorado,24.1,Million metric tons CO2
2017,NNTCE,"Natural gas, excluding supplemental gaseous fuels, CO2 emissions for all sectors",CT,Connecticut,13,Million metric tons CO2
2017,NNTCE,"Natural gas, excluding supplemental gaseous fuels, CO2 emissions for all sectors",DC,District of Columbia,1.6,Million metric tons CO2
2017,NNTCE,"Natural gas, excluding supplemental gaseous fuels, CO2 emissions for all sectors",DE,Delaware,5.4,Million metric tons CO2
2017,NNTCE,"Natural gas, excluding supplemental gaseous fuels, CO2 emissions for all sectors",FL,Florida,75,Million metric tons CO2
2017,NNTCE,"Natural gas, excluding supplemental gaseous fuels, CO2 emissions for all sectors",GA,Georgia,37.2,Million metric tons CO2
2017,NNTCE,"Natural gas, excluding supplemental gaseous fuels, CO2 emissions for all sectors",HI,Hawaii,0,Million metric tons CO2
2017,NNTCE,"Natural gas, excluding supplemental gaseous fuels, CO2 emissions for all sectors",IA,Iowa,19.4,Million metric tons CO2
2017,NNTCE,"Natural gas, excluding supplemental gaseous fuels, CO2 emissions for all sectors",ID,Idaho,6.1,Million metric tons CO2
2017,NNTCE,"Natural gas, excluding supplemental gaseous fuels, CO2 emissions for all sectors",IL,Illinois,54.2,Million metric tons CO2
2017,NNTCE,"Natural gas, excluding supplemental gaseous fuels, CO2 emissions for all sectors",IN,Indiana,38.7,Million metric tons CO2
2017,NNTCE,"Natural gas, excluding supplemental gaseous fuels, CO2 emissions for all sectors",KS,Kansas,14.5,Million metric tons CO2
2017,NNTCE,"Natural gas, excluding supplemental gaseous fuels, CO2 emissions for all sectors",KY,Kentucky,15.4,Million metric tons CO2
2017,NNTCE,"Natural gas, excluding supplemental gaseous fuels, CO2 emissions for all sectors",LA,Louisiana,88.1,Million metric tons CO2
2017,NNTCE,"Natural gas, excluding supplemental gaseous fuels, CO2 emissions for all sectors",MA,Massachusetts,24.4,Million metric tons CO2
2017,NNTCE,"Natural gas, excluding supplemental gaseous fuels, CO2 emissions for all sectors",MD,Maryland,12.3,Million metric tons CO2
2017,NNTCE,"Natural gas, excluding supplemental gaseous fuels, CO2 emissions for all sectors",ME,Maine,2.3,Million metric tons CO2
2017,NNTCE,"Natural gas, excluding supplemental gaseous fuels, CO2 emissions for all sectors",MI,Michigan,47.7,Million metric tons CO2
2017,NNTCE,"Natural gas, excluding supplemental gaseous fuels, CO2 emissions for all sectors",MN,Minnesota,24.3,Million metric tons CO2
2017,NNTCE,"Natural gas, excluding supplemental gaseous fuels, CO2 emissions for all sectors",MO,Missouri,13.9,Million metric tons CO2
2017,NNTCE,"Natural gas, excluding supplemental gaseous fuels, CO2 emissions for all sectors",MS,Mississippi,28.5,Million metric tons CO2
2017,NNTCE,"Natural gas, excluding supplemental gaseous fuels, CO2 emissions for all sectors",MT,Montana,4.3,Million metric tons CO2
2017,NNTCE,"Natural gas, excluding supplemental gaseous fuels, CO2 emissions for all sectors",NC,North Carolina,27.3,Million metric tons CO2
2017,NNTCE,"Natural gas, excluding supplemental gaseous fuels, CO2 emissions for all sectors",ND,North Dakota,5.8,Million metric tons CO2
2017,NNTCE,"Natural gas, excluding supplemental gaseous fuels, CO2 emissions for all sectors",NE,Nebraska,9.1,Million metric tons CO2
2017,NNTCE,"Natural gas, excluding supplemental gaseous fuels, CO2 emissions for all sectors",NH,New Hampshire,2.8,Million metric tons CO2
2017,NNTCE,"Natural gas, excluding supplemental gaseous fuels, CO2 emissions for all sectors",NJ,New Jersey,38.7,Million metric tons CO2
2017,NNTCE,"Natural gas, excluding supplemental gaseous fuels, CO2 emissions for all sectors",NM,New Mexico,13,Million metric tons CO2
2017,NNTCE,"Natural gas, excluding supplemental gaseous fuels, CO2 emissions for all sectors",NV,Nevada,16.1,Million metric tons CO2
2017,NNTCE,"Natural gas, excluding supplemental gaseous fuels, CO2 emissions for all sectors",NY,New York,67.4,Million metric tons CO2
2017,NNTCE,"Natural gas, excluding supplemental gaseous fuels, CO2 emissions for all sectors",OH,Ohio,53,Million metric tons CO2
2017,NNTCE,"Natural gas, excluding supplemental gaseous fuels, CO2 emissions for all sectors",OK,Oklahoma,36,Million metric tons CO2
2017,NNTCE,"Natural gas, excluding supplemental gaseous fuels, CO2 emissions for all sectors",OR,Oregon,13.8,Million metric tons CO2
2017,NNTCE,"Natural gas, excluding supplemental gaseous fuels, CO2 emissions for all sectors",PA,Pennsylvania,73.4,Million metric tons CO2
2017,NNTCE,"Natural gas, excluding supplemental gaseous fuels, CO2 emissions for all sectors",RI,Rhode Island,5,Million metric tons CO2
2017,NNTCE,"Natural gas, excluding supplemental gaseous fuels, CO2 emissions for all sectors",SC,South Carolina,15,Million metric tons CO2
2017,NNTCE,"Natural gas, excluding supplemental gaseous fuels, CO2 emissions for all sectors",SD,South Dakota,4.4,Million metric tons CO2
2017,NNTCE,"Natural gas, excluding supplemental gaseous fuels, CO2 emissions for all sectors",TN,Tennessee,17.2,Million metric tons CO2
2017,NNTCE,"Natural gas, excluding supplemental gaseous fuels, CO2 emissions for all sectors",TX,Texas,206.4,Million metric tons CO2
2017,NNTCE,"Natural gas, excluding supplemental gaseous fuels, CO2 emissions for all sectors",UT,Utah,12.1,Million metric tons CO2
2017,NNTCE,"Natural gas, excluding supplemental gaseous fuels, CO2 emissions for all sectors",VA,Virginia,31.3,Million metric tons CO2
2017,NNTCE,"Natural gas, excluding supplemental gaseous fuels, CO2 emissions for all sectors",VT,Vermont,.6,Million metric tons CO2
2017,NNTCE,"Natural gas, excluding supplemental gaseous fuels, CO2 emissions for all sectors",WA,Washington,18.4,Million metric tons CO2
2017,NNTCE,"Natural gas, excluding supplemental gaseous fuels, CO2 emissions for all sectors",WI,Wisconsin,26.4,Million metric tons CO2
2017,NNTCE,"Natural gas, excluding supplemental gaseous fuels, CO2 emissions for all sectors",WV,West Virginia,10.3,Million metric tons CO2
2017,NNTCE,"Natural gas, excluding supplemental gaseous fuels, CO2 emissions for all sectors",WY,Wyoming,8.1,Million metric tons CO2
2017,NUEGV,Nuclear fuel expenditures in the electric power sector,AK,Alaska,0,Million dollars
2017,NUEGV,Nuclear fuel expenditures in the electric power sector,AL,Alabama,331.2,Million dollars
2017,NUEGV,Nuclear fuel expenditures in the electric power sector,AR,Arkansas,110.8,Million dollars
2017,NUEGV,Nuclear fuel expenditures in the electric power sector,AZ,Arizona,250.9,Million dollars
2017,NUEGV,Nuclear fuel expenditures in the electric power sector,CA,California,124.9,Million dollars
2017,NUEGV,Nuclear fuel expenditures in the electric power sector,CO,Colorado,0,Million dollars
2017,NUEGV,Nuclear fuel expenditures in the electric power sector,CT,Connecticut,123.3,Million dollars
2017,NUEGV,Nuclear fuel expenditures in the electric power sector,DC,District of Columbia,0,Million dollars
2017,NUEGV,Nuclear fuel expenditures in the electric power sector,DE,Delaware,0,Million dollars
2017,NUEGV,Nuclear fuel expenditures in the electric power sector,FL,Florida,210.5,Million dollars
2017,NUEGV,Nuclear fuel expenditures in the electric power sector,GA,Georgia,280.5,Million dollars
2017,NUEGV,Nuclear fuel expenditures in the electric power sector,HI,Hawaii,0,Million dollars
2017,NUEGV,Nuclear fuel expenditures in the electric power sector,IA,Iowa,41.2,Million dollars
2017,NUEGV,Nuclear fuel expenditures in the electric power sector,ID,Idaho,0,Million dollars
2017,NUEGV,Nuclear fuel expenditures in the electric power sector,IL,Illinois,751.1,Million dollars
2017,NUEGV,Nuclear fuel expenditures in the electric power sector,IN,Indiana,0,Million dollars
2017,NUEGV,Nuclear fuel expenditures in the electric power sector,KS,Kansas,71.2,Million dollars
2017,NUEGV,Nuclear fuel expenditures in the electric power sector,KY,Kentucky,0,Million dollars
2017,NUEGV,Nuclear fuel expenditures in the electric power sector,LA,Louisiana,119.3,Million dollars
2017,NUEGV,Nuclear fuel expenditures in the electric power sector,MA,Massachusetts,39.9,Million dollars
2017,NUEGV,Nuclear fuel expenditures in the electric power sector,MD,Maryland,112.9,Million dollars
2017,NUEGV,Nuclear fuel expenditures in the electric power sector,ME,Maine,0,Million dollars
2017,NUEGV,Nuclear fuel expenditures in the electric power sector,MI,Michigan,231.7,Million dollars
2017,NUEGV,Nuclear fuel expenditures in the electric power sector,MN,Minnesota,114.4,Million dollars
2017,NUEGV,Nuclear fuel expenditures in the electric power sector,MO,Missouri,75.6,Million dollars
2017,NUEGV,Nuclear fuel expenditures in the electric power sector,MS,Mississippi,79.7,Million dollars
2017,NUEGV,Nuclear fuel expenditures in the electric power sector,MT,Montana,0,Million dollars
2017,NUEGV,Nuclear fuel expenditures in the electric power sector,NC,North Carolina,297,Million dollars
2017,NUEGV,Nuclear fuel expenditures in the electric power sector,ND,North Dakota,0,Million dollars
2017,NUEGV,Nuclear fuel expenditures in the electric power sector,NE,Nebraska,54.6,Million dollars
2017,NUEGV,Nuclear fuel expenditures in the electric power sector,NH,New Hampshire,74.7,Million dollars
2017,NUEGV,Nuclear fuel expenditures in the electric power sector,NJ,New Jersey,261.2,Million dollars
2017,NUEGV,Nuclear fuel expenditures in the electric power sector,NM,New Mexico,0,Million dollars
2017,NUEGV,Nuclear fuel expenditures in the electric power sector,NV,Nevada,0,Million dollars
2017,NUEGV,Nuclear fuel expenditures in the electric power sector,NY,New York,324.6,Million dollars
2017,NUEGV,Nuclear fuel expenditures in the electric power sector,OH,Ohio,136.4,Million dollars
2017,NUEGV,Nuclear fuel expenditures in the electric power sector,OK,Oklahoma,0,Million dollars
2017,NUEGV,Nuclear fuel expenditures in the electric power sector,OR,Oregon,0,Million dollars
2017,NUEGV,Nuclear fuel expenditures in the electric power sector,PA,Pennsylvania,647.7,Million dollars
2017,NUEGV,Nuclear fuel expenditures in the electric power sector,RI,Rhode Island,0,Million dollars
2017,NUEGV,Nuclear fuel expenditures in the electric power sector,SC,South Carolina,395.9,Million dollars
2017,NUEGV,Nuclear fuel expenditures in the electric power sector,SD,South Dakota,0,Million dollars
2017,NUEGV,Nuclear fuel expenditures in the electric power sector,TN,Tennessee,237.8,Million dollars
2017,NUEGV,Nuclear fuel expenditures in the electric power sector,TX,Texas,288.4,Million dollars
2017,NUEGV,Nuclear fuel expenditures in the electric power sector,UT,Utah,0,Million dollars
2017,NUEGV,Nuclear fuel expenditures in the electric power sector,VA,Virginia,211,Million dollars
2017,NUEGV,Nuclear fuel expenditures in the electric power sector,VT,Vermont,0,Million dollars
2017,NUEGV,Nuclear fuel expenditures in the electric power sector,WA,Washington,64.2,Million dollars
2017,NUEGV,Nuclear fuel expenditures in the electric power sector,WI,Wisconsin,72.1,Million dollars
2017,NUEGV,Nuclear fuel expenditures in the electric power sector,WV,West Virginia,0,Million dollars
2017,NUEGV,Nuclear fuel expenditures in the electric power sector,WY,Wyoming,0,Million dollars
2017,PAEIV,All petroleum products total expenditures in the electric power sector,AK,Alaska,81.4,Million dollars
2017,PAEIV,All petroleum products total expenditures in the electric power sector,AL,Alabama,4.4,Million dollars
2017,PAEIV,All petroleum products total expenditures in the electric power sector,AR,Arkansas,6.1,Million dollars
2017,PAEIV,All petroleum products total expenditures in the electric power sector,AZ,Arizona,8.5,Million dollars
2017,PAEIV,All petroleum products total expenditures in the electric power sector,CA,California,5.4,Million dollars
2017,PAEIV,All petroleum products total expenditures in the electric power sector,CO,Colorado,1.5,Million dollars
2017,PAEIV,All petroleum products total expenditures in the electric power sector,CT,Connecticut,18.5,Million dollars
2017,PAEIV,All petroleum products total expenditures in the electric power sector,DC,District of Columbia,0,Million dollars
2017,PAEIV,All petroleum products total expenditures in the electric power sector,DE,Delaware,3.4,Million dollars
2017,PAEIV,All petroleum products total expenditures in the electric power sector,FL,Florida,94.5,Million dollars
2017,PAEIV,All petroleum products total expenditures in the electric power sector,GA,Georgia,13.6,Million dollars
2017,PAEIV,All petroleum products total expenditures in the electric power sector,HI,Hawaii,717.2,Million dollars
2017,PAEIV,All petroleum products total expenditures in the electric power sector,IA,Iowa,9.1,Million dollars
2017,PAEIV,All petroleum products total expenditures in the electric power sector,ID,Idaho,0,Million dollars
2017,PAEIV,All petroleum products total expenditures in the electric power sector,IL,Illinois,8,Million dollars
2017,PAEIV,All petroleum products total expenditures in the electric power sector,IN,Indiana,14.9,Million dollars
2017,PAEIV,All petroleum products total expenditures in the electric power sector,KS,Kansas,9.2,Million dollars
2017,PAEIV,All petroleum products total expenditures in the electric power sector,KY,Kentucky,21.2,Million dollars
2017,PAEIV,All petroleum products total expenditures in the electric power sector,LA,Louisiana,111.5,Million dollars
2017,PAEIV,All petroleum products total expenditures in the electric power sector,MA,Massachusetts,29.6,Million dollars
2017,PAEIV,All petroleum products total expenditures in the electric power sector,MD,Maryland,17.4,Million dollars
2017,PAEIV,All petroleum products total expenditures in the electric power sector,ME,Maine,17.5,Million dollars
2017,PAEIV,All petroleum products total expenditures in the electric power sector,MI,Michigan,33.9,Million dollars
2017,PAEIV,All petroleum products total expenditures in the electric power sector,MN,Minnesota,4.3,Million dollars
2017,PAEIV,All petroleum products total expenditures in the electric power sector,MO,Missouri,9.7,Million dollars
2017,PAEIV,All petroleum products total expenditures in the electric power sector,MS,Mississippi,1.7,Million dollars
2017,PAEIV,All petroleum products total expenditures in the electric power sector,MT,Montana,18.7,Million dollars
2017,PAEIV,All petroleum products total expenditures in the electric power sector,NC,North Carolina,35,Million dollars
2017,PAEIV,All petroleum products total expenditures in the electric power sector,ND,North Dakota,5,Million dollars
2017,PAEIV,All petroleum products total expenditures in the electric power sector,NE,Nebraska,1.2,Million dollars
2017,PAEIV,All petroleum products total expenditures in the electric power sector,NH,New Hampshire,11.1,Million dollars
2017,PAEIV,All petroleum products total expenditures in the electric power sector,NJ,New Jersey,4.5,Million dollars
2017,PAEIV,All petroleum products total expenditures in the electric power sector,NM,New Mexico,6.7,Million dollars
2017,PAEIV,All petroleum products total expenditures in the electric power sector,NV,Nevada,1.3,Million dollars
2017,PAEIV,All petroleum products total expenditures in the electric power sector,NY,New York,57.8,Million dollars
2017,PAEIV,All petroleum products total expenditures in the electric power sector,OH,Ohio,46,Million dollars
2017,PAEIV,All petroleum products total expenditures in the electric power sector,OK,Oklahoma,2.3,Million dollars
2017,PAEIV,All petroleum products total expenditures in the electric power sector,OR,Oregon,1.3,Million dollars
2017,PAEIV,All petroleum products total expenditures in the electric power sector,PA,Pennsylvania,41.7,Million dollars
2017,PAEIV,All petroleum products total expenditures in the electric power sector,RI,Rhode Island,6.4,Million dollars
2017,PAEIV,All petroleum products total expenditures in the electric power sector,SC,South Carolina,13.6,Million dollars
2017,PAEIV,All petroleum products total expenditures in the electric power sector,SD,South Dakota,1,Million dollars
2017,PAEIV,All petroleum products total expenditures in the electric power sector,TN,Tennessee,17.3,Million dollars
2017,PAEIV,All petroleum products total expenditures in the electric power sector,TX,Texas,9.8,Million dollars
2017,PAEIV,All petroleum products total expenditures in the electric power sector,UT,Utah,5.6,Million dollars
2017,PAEIV,All petroleum products total expenditures in the electric power sector,VA,Virginia,49.9,Million dollars
2017,PAEIV,All petroleum products total expenditures in the electric power sector,VT,Vermont,1.2,Million dollars
2017,PAEIV,All petroleum products total expenditures in the electric power sector,WA,Washington,2.8,Million dollars
2017,PAEIV,All petroleum products total expenditures in the electric power sector,WI,Wisconsin,8.3,Million dollars
2017,PAEIV,All petroleum products total expenditures in the electric power sector,WV,West Virginia,15.8,Million dollars
2017,PAEIV,All petroleum products total expenditures in the electric power sector,WY,Wyoming,6.2,Million dollars
2017,PMTCE,"Total petroleum, excluding biofuels, CO2 emissions for all sectors",AK,Alaska,14.6,Million metric tons CO2  
2017,PMTCE,"Total petroleum, excluding biofuels, CO2 emissions for all sectors",AL,Alabama,36.5,Million metric tons CO2  
2017,PMTCE,"Total petroleum, excluding biofuels, CO2 emissions for all sectors",AR,Arkansas,21.7,Million metric tons CO2  
2017,PMTCE,"Total petroleum, excluding biofuels, CO2 emissions for all sectors",AZ,Arizona,40.7,Million metric tons CO2  
2017,PMTCE,"Total petroleum, excluding biofuels, CO2 emissions for all sectors",CA,California,234.9,Million metric tons CO2  
2017,PMTCE,"Total petroleum, excluding biofuels, CO2 emissions for all sectors",CO,Colorado,34.1,Million metric tons CO2  
2017,PMTCE,"Total petroleum, excluding biofuels, CO2 emissions for all sectors",CT,Connecticut,20.2,Million metric tons CO2  
2017,PMTCE,"Total petroleum, excluding biofuels, CO2 emissions for all sectors",DC,District of Columbia,1,Million metric tons CO2  
2017,PMTCE,"Total petroleum, excluding biofuels, CO2 emissions for all sectors",DE,Delaware,7.9,Million metric tons CO2  
2017,PMTCE,"Total petroleum, excluding biofuels, CO2 emissions for all sectors",FL,Florida,123.6,Million metric tons CO2  
2017,PMTCE,"Total petroleum, excluding biofuels, CO2 emissions for all sectors",GA,Georgia,71,Million metric tons CO2  
2017,PMTCE,"Total petroleum, excluding biofuels, CO2 emissions for all sectors",HI,Hawaii,18.7,Million metric tons CO2  
2017,PMTCE,"Total petroleum, excluding biofuels, CO2 emissions for all sectors",IA,Iowa,25.7,Million metric tons CO2  
2017,PMTCE,"Total petroleum, excluding biofuels, CO2 emissions for all sectors",ID,Idaho,12.4,Million metric tons CO2  
2017,PMTCE,"Total petroleum, excluding biofuels, CO2 emissions for all sectors",IL,Illinois,84.2,Million metric tons CO2  
2017,PMTCE,"Total petroleum, excluding biofuels, CO2 emissions for all sectors",IN,Indiana,48,Million metric tons CO2  
2017,PMTCE,"Total petroleum, excluding biofuels, CO2 emissions for all sectors",KS,Kansas,23.6,Million metric tons CO2  
2017,PMTCE,"Total petroleum, excluding biofuels, CO2 emissions for all sectors",KY,Kentucky,39.8,Million metric tons CO2  
2017,PMTCE,"Total petroleum, excluding biofuels, CO2 emissions for all sectors",LA,Louisiana,91.1,Million metric tons CO2  
2017,PMTCE,"Total petroleum, excluding biofuels, CO2 emissions for all sectors",MA,Massachusetts,39,Million metric tons CO2  
2017,PMTCE,"Total petroleum, excluding biofuels, CO2 emissions for all sectors",MD,Maryland,32.3,Million metric tons CO2  
2017,PMTCE,"Total petroleum, excluding biofuels, CO2 emissions for all sectors",ME,Maine,12.7,Million metric tons CO2  
2017,PMTCE,"Total petroleum, excluding biofuels, CO2 emissions for all sectors",MI,Michigan,60,Million metric tons CO2  
2017,PMTCE,"Total petroleum, excluding biofuels, CO2 emissions for all sectors",MN,Minnesota,41.4,Million metric tons CO2  
2017,PMTCE,"Total petroleum, excluding biofuels, CO2 emissions for all sectors",MO,Missouri,42.3,Million metric tons CO2  
2017,PMTCE,"Total petroleum, excluding biofuels, CO2 emissions for all sectors",MS,Mississippi,26.5,Million metric tons CO2  
2017,PMTCE,"Total petroleum, excluding biofuels, CO2 emissions for all sectors",MT,Montana,12,Million metric tons CO2  
2017,PMTCE,"Total petroleum, excluding biofuels, CO2 emissions for all sectors",NC,North Carolina,59.8,Million metric tons CO2  
2017,PMTCE,"Total petroleum, excluding biofuels, CO2 emissions for all sectors",ND,North Dakota,12.6,Million metric tons CO2  
2017,PMTCE,"Total petroleum, excluding biofuels, CO2 emissions for all sectors",NE,Nebraska,16.1,Million metric tons CO2  
2017,PMTCE,"Total petroleum, excluding biofuels, CO2 emissions for all sectors",NH,New Hampshire,10.3,Million metric tons CO2  
2017,PMTCE,"Total petroleum, excluding biofuels, CO2 emissions for all sectors",NJ,New Jersey,58.6,Million metric tons CO2  
2017,PMTCE,"Total petroleum, excluding biofuels, CO2 emissions for all sectors",NM,New Mexico,17.4,Million metric tons CO2  
2017,PMTCE,"Total petroleum, excluding biofuels, CO2 emissions for all sectors",NV,Nevada,21.5,Million metric tons CO2  
2017,PMTCE,"Total petroleum, excluding biofuels, CO2 emissions for all sectors",NY,New York,95.9,Million metric tons CO2  
2017,PMTCE,"Total petroleum, excluding biofuels, CO2 emissions for all sectors",OH,Ohio,74.1,Million metric tons CO2  
2017,PMTCE,"Total petroleum, excluding biofuels, CO2 emissions for all sectors",OK,Oklahoma,38,Million metric tons CO2  
2017,PMTCE,"Total petroleum, excluding biofuels, CO2 emissions for all sectors",OR,Oregon,22.7,Million metric tons CO2  
2017,PMTCE,"Total petroleum, excluding biofuels, CO2 emissions for all sectors",PA,Pennsylvania,77.8,Million metric tons CO2  
2017,PMTCE,"Total petroleum, excluding biofuels, CO2 emissions for all sectors",RI,Rhode Island,4.8,Million metric tons CO2  
2017,PMTCE,"Total petroleum, excluding biofuels, CO2 emissions for all sectors",SC,South Carolina,36.2,Million metric tons CO2  
2017,PMTCE,"Total petroleum, excluding biofuels, CO2 emissions for all sectors",SD,South Dakota,7.7,Million metric tons CO2  
2017,PMTCE,"Total petroleum, excluding biofuels, CO2 emissions for all sectors",TN,Tennessee,47.7,Million metric tons CO2  
2017,PMTCE,"Total petroleum, excluding biofuels, CO2 emissions for all sectors",TX,Texas,316.7,Million metric tons CO2  
2017,PMTCE,"Total petroleum, excluding biofuels, CO2 emissions for all sectors",UT,Utah,20.6,Million metric tons CO2  
2017,PMTCE,"Total petroleum, excluding biofuels, CO2 emissions for all sectors",VA,Virginia,58.6,Million metric tons CO2  
2017,PMTCE,"Total petroleum, excluding biofuels, CO2 emissions for all sectors",VT,Vermont,5.2,Million metric tons CO2  
2017,PMTCE,"Total petroleum, excluding biofuels, CO2 emissions for all sectors",WA,Washington,54.6,Million metric tons CO2  
2017,PMTCE,"Total petroleum, excluding biofuels, CO2 emissions for all sectors",WI,Wisconsin,34.8,Million metric tons CO2  
2017,PMTCE,"Total petroleum, excluding biofuels, CO2 emissions for all sectors",WV,West Virginia,12.5,Million metric tons CO2  
2017,PMTCE,"Total petroleum, excluding biofuels, CO2 emissions for all sectors",WY,Wyoming,10.8,Million metric tons CO2  
2016,CLEIV,Coal expenditures in the electric power sector,AK,Alaska,29.7,Million dollars
2016,CLEIV,Coal expenditures in the electric power sector,AL,Alabama,801.6,Million dollars
2016,CLEIV,Coal expenditures in the electric power sector,AR,Arkansas,525.4,Million dollars
2016,CLEIV,Coal expenditures in the electric power sector,AZ,Arizona,681.1,Million dollars
2016,CLEIV,Coal expenditures in the electric power sector,CA,California,0,Million dollars
2016,CLEIV,Coal expenditures in the electric power sector,CO,Colorado,581.4,Million dollars
2016,CLEIV,Coal expenditures in the electric power sector,CT,Connecticut,9.5,Million dollars
2016,CLEIV,Coal expenditures in the electric power sector,DC,District of Columbia,0,Million dollars
2016,CLEIV,Coal expenditures in the electric power sector,DE,Delaware,16.1,Million dollars
2016,CLEIV,Coal expenditures in the electric power sector,FL,Florida,1244.3,Million dollars
2016,CLEIV,Coal expenditures in the electric power sector,GA,Georgia,1083.1,Million dollars
2016,CLEIV,Coal expenditures in the electric power sector,HI,Hawaii,49.8,Million dollars
2016,CLEIV,Coal expenditures in the electric power sector,IA,Iowa,397.4,Million dollars
2016,CLEIV,Coal expenditures in the electric power sector,ID,Idaho,0,Million dollars
2016,CLEIV,Coal expenditures in the electric power sector,IL,Illinois,1223.3,Million dollars
2016,CLEIV,Coal expenditures in the electric power sector,IN,Indiana,1748.9,Million dollars
2016,CLEIV,Coal expenditures in the electric power sector,KS,Kansas,425.9,Million dollars
2016,CLEIV,Coal expenditures in the electric power sector,KY,Kentucky,1512.3,Million dollars
2016,CLEIV,Coal expenditures in the electric power sector,LA,Louisiana,398.9,Million dollars
2016,CLEIV,Coal expenditures in the electric power sector,MA,Massachusetts,81.5,Million dollars
2016,CLEIV,Coal expenditures in the electric power sector,MD,Maryland,429.6,Million dollars
2016,CLEIV,Coal expenditures in the electric power sector,ME,Maine,7.2,Million dollars
2016,CLEIV,Coal expenditures in the electric power sector,MI,Michigan,974.2,Million dollars
2016,CLEIV,Coal expenditures in the electric power sector,MN,Minnesota,496.9,Million dollars
2016,CLEIV,Coal expenditures in the electric power sector,MO,Missouri,1164.2,Million dollars
2016,CLEIV,Coal expenditures in the electric power sector,MS,Mississippi,164.4,Million dollars
2016,CLEIV,Coal expenditures in the electric power sector,MT,Montana,261.2,Million dollars
2016,CLEIV,Coal expenditures in the electric power sector,NC,North Carolina,1131.6,Million dollars
2016,CLEIV,Coal expenditures in the electric power sector,ND,North Dakota,464.4,Million dollars
2016,CLEIV,Coal expenditures in the electric power sector,NE,Nebraska,296.9,Million dollars
2016,CLEIV,Coal expenditures in the electric power sector,NH,New Hampshire,21.5,Million dollars
2016,CLEIV,Coal expenditures in the electric power sector,NJ,New Jersey,56,Million dollars
2016,CLEIV,Coal expenditures in the electric power sector,NM,New Mexico,370.6,Million dollars
2016,CLEIV,Coal expenditures in the electric power sector,NV,Nevada,49.1,Million dollars
2016,CLEIV,Coal expenditures in the electric power sector,NY,New York,37.1,Million dollars
2016,CLEIV,Coal expenditures in the electric power sector,OH,Ohio,1464.2,Million dollars
2016,CLEIV,Coal expenditures in the electric power sector,OK,Oklahoma,403.3,Million dollars
2016,CLEIV,Coal expenditures in the electric power sector,OR,Oregon,43.7,Million dollars
2016,CLEIV,Coal expenditures in the electric power sector,PA,Pennsylvania,1089.8,Million dollars
2016,CLEIV,Coal expenditures in the electric power sector,RI,Rhode Island,0,Million dollars
2016,CLEIV,Coal expenditures in the electric power sector,SC,South Carolina,681.3,Million dollars
2016,CLEIV,Coal expenditures in the electric power sector,SD,South Dakota,52.2,Million dollars
2016,CLEIV,Coal expenditures in the electric power sector,TN,Tennessee,734.8,Million dollars
2016,CLEIV,Coal expenditures in the electric power sector,TX,Texas,2361.2,Million dollars
2016,CLEIV,Coal expenditures in the electric power sector,UT,Utah,496.5,Million dollars
2016,CLEIV,Coal expenditures in the electric power sector,VA,Virginia,508.3,Million dollars
2016,CLEIV,Coal expenditures in the electric power sector,VT,Vermont,0,Million dollars
2016,CLEIV,Coal expenditures in the electric power sector,WA,Washington,115.5,Million dollars
2016,CLEIV,Coal expenditures in the electric power sector,WI,Wisconsin,747.9,Million dollars
2016,CLEIV,Coal expenditures in the electric power sector,WV,West Virginia,1619.7,Million dollars
2016,CLEIV,Coal expenditures in the electric power sector,WY,Wyoming,712.4,Million dollars
2016,CLTCE,Coal CO2 emissions for all sectors,AK,Alaska,1.6,Million metric tons CO2  
2016,CLTCE,Coal CO2 emissions for all sectors,AL,Alabama,39.1,Million metric tons CO2  
2016,CLTCE,Coal CO2 emissions for all sectors,AR,Arkansas,23.5,Million metric tons CO2  
2016,CLTCE,Coal CO2 emissions for all sectors,AZ,Arizona,30.9,Million metric tons CO2  
2016,CLTCE,Coal CO2 emissions for all sectors,CA,California,3.1,Million metric tons CO2  
2016,CLTCE,Coal CO2 emissions for all sectors,CO,Colorado,30.7,Million metric tons CO2  
2016,CLTCE,Coal CO2 emissions for all sectors,CT,Connecticut,.2,Million metric tons CO2  
2016,CLTCE,Coal CO2 emissions for all sectors,DC,District of Columbia,0,Million metric tons CO2  
2016,CLTCE,Coal CO2 emissions for all sectors,DE,Delaware,.8,Million metric tons CO2  
2016,CLTCE,Coal CO2 emissions for all sectors,FL,Florida,40.7,Million metric tons CO2  
2016,CLTCE,Coal CO2 emissions for all sectors,GA,Georgia,38.2,Million metric tons CO2  
2016,CLTCE,Coal CO2 emissions for all sectors,HI,Hawaii,1.6,Million metric tons CO2  
2016,CLTCE,Coal CO2 emissions for all sectors,IA,Iowa,28.5,Million metric tons CO2  
2016,CLTCE,Coal CO2 emissions for all sectors,ID,Idaho,.2,Million metric tons CO2  
2016,CLTCE,Coal CO2 emissions for all sectors,IL,Illinois,67,Million metric tons CO2  
2016,CLTCE,Coal CO2 emissions for all sectors,IN,Indiana,90.2,Million metric tons CO2  
2016,CLTCE,Coal CO2 emissions for all sectors,KS,Kansas,24.2,Million metric tons CO2  
2016,CLTCE,Coal CO2 emissions for all sectors,KY,Kentucky,70.4,Million metric tons CO2  
2016,CLTCE,Coal CO2 emissions for all sectors,LA,Louisiana,13.4,Million metric tons CO2  
2016,CLTCE,Coal CO2 emissions for all sectors,MA,Massachusetts,1.9,Million metric tons CO2  
2016,CLTCE,Coal CO2 emissions for all sectors,MD,Maryland,15.6,Million metric tons CO2  
2016,CLTCE,Coal CO2 emissions for all sectors,ME,Maine,.2,Million metric tons CO2  
2016,CLTCE,Coal CO2 emissions for all sectors,MI,Michigan,44.9,Million metric tons CO2  
2016,CLTCE,Coal CO2 emissions for all sectors,MN,Minnesota,25,Million metric tons CO2  
2016,CLTCE,Coal CO2 emissions for all sectors,MO,Missouri,61.1,Million metric tons CO2  
2016,CLTCE,Coal CO2 emissions for all sectors,MS,Mississippi,5.8,Million metric tons CO2  
2016,CLTCE,Coal CO2 emissions for all sectors,MT,Montana,15.5,Million metric tons CO2  
2016,CLTCE,Coal CO2 emissions for all sectors,NC,North Carolina,36.5,Million metric tons CO2  
2016,CLTCE,Coal CO2 emissions for all sectors,ND,North Dakota,37.7,Million metric tons CO2  
2016,CLTCE,Coal CO2 emissions for all sectors,NE,Nebraska,23,Million metric tons CO2  
2016,CLTCE,Coal CO2 emissions for all sectors,NH,New Hampshire,.5,Million metric tons CO2  
2016,CLTCE,Coal CO2 emissions for all sectors,NJ,New Jersey,1.7,Million metric tons CO2  
2016,CLTCE,Coal CO2 emissions for all sectors,NM,New Mexico,18.8,Million metric tons CO2  
2016,CLTCE,Coal CO2 emissions for all sectors,NV,Nevada,2.9,Million metric tons CO2  
2016,CLTCE,Coal CO2 emissions for all sectors,NY,New York,2.8,Million metric tons CO2  
2016,CLTCE,Coal CO2 emissions for all sectors,OH,Ohio,78.5,Million metric tons CO2  
2016,CLTCE,Coal CO2 emissions for all sectors,OK,Oklahoma,21.2,Million metric tons CO2  
2016,CLTCE,Coal CO2 emissions for all sectors,OR,Oregon,1.9,Million metric tons CO2  
2016,CLTCE,Coal CO2 emissions for all sectors,PA,Pennsylvania,69.7,Million metric tons CO2  
2016,CLTCE,Coal CO2 emissions for all sectors,RI,Rhode Island,0,Million metric tons CO2  
2016,CLTCE,Coal CO2 emissions for all sectors,SC,South Carolina,21.2,Million metric tons CO2  
2016,CLTCE,Coal CO2 emissions for all sectors,SD,South Dakota,2.5,Million metric tons CO2  
2016,CLTCE,Coal CO2 emissions for all sectors,TN,Tennessee,36.3,Million metric tons CO2  
2016,CLTCE,Coal CO2 emissions for all sectors,TX,Texas,126.4,Million metric tons CO2  
2016,CLTCE,Coal CO2 emissions for all sectors,UT,Utah,25.7,Million metric tons CO2  
2016,CLTCE,Coal CO2 emissions for all sectors,VA,Virginia,21.2,Million metric tons CO2  
2016,CLTCE,Coal CO2 emissions for all sectors,VT,Vermont,0,Million metric tons CO2  
2016,CLTCE,Coal CO2 emissions for all sectors,WA,Washington,5.1,Million metric tons CO2  
2016,CLTCE,Coal CO2 emissions for all sectors,WI,Wisconsin,34.1,Million metric tons CO2  
2016,CLTCE,Coal CO2 emissions for all sectors,WV,West Virginia,71.8,Million metric tons CO2  
2016,CLTCE,Coal CO2 emissions for all sectors,WY,Wyoming,43.7,Million metric tons CO2  
2016,FFTCE,Fossil fuel CO2 emissions for all sectors,AK,Alaska,33.4,Million metric tons CO2
2016,FFTCE,Fossil fuel CO2 emissions for all sectors,AL,Alabama,113.5,Million metric tons CO2
2016,FFTCE,Fossil fuel CO2 emissions for all sectors,AR,Arkansas,61.8,Million metric tons CO2
2016,FFTCE,Fossil fuel CO2 emissions for all sectors,AZ,Arizona,90.8,Million metric tons CO2
2016,FFTCE,Fossil fuel CO2 emissions for all sectors,CA,California,348.9,Million metric tons CO2
2016,FFTCE,Fossil fuel CO2 emissions for all sectors,CO,Colorado,88.1,Million metric tons CO2
2016,FFTCE,Fossil fuel CO2 emissions for all sectors,CT,Connecticut,33.7,Million metric tons CO2
2016,FFTCE,Fossil fuel CO2 emissions for all sectors,DC,District of Columbia,2.8,Million metric tons CO2
2016,FFTCE,Fossil fuel CO2 emissions for all sectors,DE,Delaware,14.4,Million metric tons CO2
2016,FFTCE,Fossil fuel CO2 emissions for all sectors,FL,Florida,237.8,Million metric tons CO2
2016,FFTCE,Fossil fuel CO2 emissions for all sectors,GA,Georgia,143.9,Million metric tons CO2
2016,FFTCE,Fossil fuel CO2 emissions for all sectors,HI,Hawaii,19.6,Million metric tons CO2
2016,FFTCE,Fossil fuel CO2 emissions for all sectors,IA,Iowa,71.9,Million metric tons CO2
2016,FFTCE,Fossil fuel CO2 emissions for all sectors,ID,Idaho,18.3,Million metric tons CO2
2016,FFTCE,Fossil fuel CO2 emissions for all sectors,IL,Illinois,205.3,Million metric tons CO2
2016,FFTCE,Fossil fuel CO2 emissions for all sectors,IN,Indiana,181,Million metric tons CO2
2016,FFTCE,Fossil fuel CO2 emissions for all sectors,KS,Kansas,62.3,Million metric tons CO2
2016,FFTCE,Fossil fuel CO2 emissions for all sectors,KY,Kentucky,126.3,Million metric tons CO2
2016,FFTCE,Fossil fuel CO2 emissions for all sectors,LA,Louisiana,188.5,Million metric tons CO2
2016,FFTCE,Fossil fuel CO2 emissions for all sectors,MA,Massachusetts,63.9,Million metric tons CO2
2016,FFTCE,Fossil fuel CO2 emissions for all sectors,MD,Maryland,60.2,Million metric tons CO2
2016,FFTCE,Fossil fuel CO2 emissions for all sectors,ME,Maine,16.1,Million metric tons CO2
2016,FFTCE,Fossil fuel CO2 emissions for all sectors,MI,Michigan,154,Million metric tons CO2
2016,FFTCE,Fossil fuel CO2 emissions for all sectors,MN,Minnesota,90.2,Million metric tons CO2
2016,FFTCE,Fossil fuel CO2 emissions for all sectors,MO,Missouri,118.5,Million metric tons CO2
2016,FFTCE,Fossil fuel CO2 emissions for all sectors,MS,Mississippi,62,Million metric tons CO2
2016,FFTCE,Fossil fuel CO2 emissions for all sectors,MT,Montana,31.1,Million metric tons CO2
2016,FFTCE,Fossil fuel CO2 emissions for all sectors,NC,North Carolina,124.4,Million metric tons CO2
2016,FFTCE,Fossil fuel CO2 emissions for all sectors,ND,North Dakota,54.5,Million metric tons CO2
2016,FFTCE,Fossil fuel CO2 emissions for all sectors,NE,Nebraska,48.1,Million metric tons CO2
2016,FFTCE,Fossil fuel CO2 emissions for all sectors,NH,New Hampshire,13.8,Million metric tons CO2
2016,FFTCE,Fossil fuel CO2 emissions for all sectors,NJ,New Jersey,105.1,Million metric tons CO2
2016,FFTCE,Fossil fuel CO2 emissions for all sectors,NM,New Mexico,48.7,Million metric tons CO2
2016,FFTCE,Fossil fuel CO2 emissions for all sectors,NV,Nevada,40,Million metric tons CO2
2016,FFTCE,Fossil fuel CO2 emissions for all sectors,NY,New York,169.4,Million metric tons CO2
2016,FFTCE,Fossil fuel CO2 emissions for all sectors,OH,Ohio,204.5,Million metric tons CO2
2016,FFTCE,Fossil fuel CO2 emissions for all sectors,OK,Oklahoma,95.5,Million metric tons CO2
2016,FFTCE,Fossil fuel CO2 emissions for all sectors,OR,Oregon,37.2,Million metric tons CO2
2016,FFTCE,Fossil fuel CO2 emissions for all sectors,PA,Pennsylvania,217.3,Million metric tons CO2
2016,FFTCE,Fossil fuel CO2 emissions for all sectors,RI,Rhode Island,9.5,Million metric tons CO2
2016,FFTCE,Fossil fuel CO2 emissions for all sectors,SC,South Carolina,71.9,Million metric tons CO2
2016,FFTCE,Fossil fuel CO2 emissions for all sectors,SD,South Dakota,14.7,Million metric tons CO2
2016,FFTCE,Fossil fuel CO2 emissions for all sectors,TN,Tennessee,100.9,Million metric tons CO2
2016,FFTCE,Fossil fuel CO2 emissions for all sectors,TX,Texas,653.5,Million metric tons CO2
2016,FFTCE,Fossil fuel CO2 emissions for all sectors,UT,Utah,58.8,Million metric tons CO2
2016,FFTCE,Fossil fuel CO2 emissions for all sectors,VA,Virginia,109.6,Million metric tons CO2
2016,FFTCE,Fossil fuel CO2 emissions for all sectors,VT,Vermont,5.9,Million metric tons CO2
2016,FFTCE,Fossil fuel CO2 emissions for all sectors,WA,Washington,79.1,Million metric tons CO2
2016,FFTCE,Fossil fuel CO2 emissions for all sectors,WI,Wisconsin,95.2,Million metric tons CO2
2016,FFTCE,Fossil fuel CO2 emissions for all sectors,WV,West Virginia,94.3,Million metric tons CO2
2016,FFTCE,Fossil fuel CO2 emissions for all sectors,WY,Wyoming,61.2,Million metric tons CO2
2016,NGEIV,Natural gas expenditures in the electric power sector (including supplemental gaseous fuels),AK,Alaska,187.7,Million dollars
2016,NGEIV,Natural gas expenditures in the electric power sector (including supplemental gaseous fuels),AL,Alabama,1257.5,Million dollars
2016,NGEIV,Natural gas expenditures in the electric power sector (including supplemental gaseous fuels),AR,Arkansas,428.5,Million dollars
2016,NGEIV,Natural gas expenditures in the electric power sector (including supplemental gaseous fuels),AZ,Arizona,839.3,Million dollars
2016,NGEIV,Natural gas expenditures in the electric power sector (including supplemental gaseous fuels),CA,California,2104.6,Million dollars
2016,NGEIV,Natural gas expenditures in the electric power sector (including supplemental gaseous fuels),CO,Colorado,327.6,Million dollars
2016,NGEIV,Natural gas expenditures in the electric power sector (including supplemental gaseous fuels),CT,Connecticut,451.5,Million dollars
2016,NGEIV,Natural gas expenditures in the electric power sector (including supplemental gaseous fuels),DC,District of Columbia,0,Million dollars
2016,NGEIV,Natural gas expenditures in the electric power sector (including supplemental gaseous fuels),DE,Delaware,112.1,Million dollars
2016,NGEIV,Natural gas expenditures in the electric power sector (including supplemental gaseous fuels),FL,Florida,4560.4,Million dollars
2016,NGEIV,Natural gas expenditures in the electric power sector (including supplemental gaseous fuels),GA,Georgia,1168.2,Million dollars
2016,NGEIV,Natural gas expenditures in the electric power sector (including supplemental gaseous fuels),HI,Hawaii,0,Million dollars
2016,NGEIV,Natural gas expenditures in the electric power sector (including supplemental gaseous fuels),IA,Iowa,58.7,Million dollars
2016,NGEIV,Natural gas expenditures in the electric power sector (including supplemental gaseous fuels),ID,Idaho,68.1,Million dollars
2016,NGEIV,Natural gas expenditures in the electric power sector (including supplemental gaseous fuels),IL,Illinois,419.7,Million dollars
2016,NGEIV,Natural gas expenditures in the electric power sector (including supplemental gaseous fuels),IN,Indiana,533.4,Million dollars
2016,NGEIV,Natural gas expenditures in the electric power sector (including supplemental gaseous fuels),KS,Kansas,71,Million dollars
2016,NGEIV,Natural gas expenditures in the electric power sector (including supplemental gaseous fuels),KY,Kentucky,218.5,Million dollars
2016,NGEIV,Natural gas expenditures in the electric power sector (including supplemental gaseous fuels),LA,Louisiana,912.3,Million dollars
2016,NGEIV,Natural gas expenditures in the electric power sector (including supplemental gaseous fuels),MA,Massachusetts,514.7,Million dollars
2016,NGEIV,Natural gas expenditures in the electric power sector (including supplemental gaseous fuels),MD,Maryland,147,Million dollars
2016,NGEIV,Natural gas expenditures in the electric power sector (including supplemental gaseous fuels),ME,Maine,73.6,Million dollars
2016,NGEIV,Natural gas expenditures in the electric power sector (including supplemental gaseous fuels),MI,Michigan,682.2,Million dollars
2016,NGEIV,Natural gas expenditures in the electric power sector (including supplemental gaseous fuels),MN,Minnesota,208.9,Million dollars
2016,NGEIV,Natural gas expenditures in the electric power sector (including supplemental gaseous fuels),MO,Missouri,153.5,Million dollars
2016,NGEIV,Natural gas expenditures in the electric power sector (including supplemental gaseous fuels),MS,Mississippi,1058.2,Million dollars
2016,NGEIV,Natural gas expenditures in the electric power sector (including supplemental gaseous fuels),MT,Montana,9.8,Million dollars
2016,NGEIV,Natural gas expenditures in the electric power sector (including supplemental gaseous fuels),NC,North Carolina,1116.2,Million dollars
2016,NGEIV,Natural gas expenditures in the electric power sector (including supplemental gaseous fuels),ND,North Dakota,30.5,Million dollars
2016,NGEIV,Natural gas expenditures in the electric power sector (including supplemental gaseous fuels),NE,Nebraska,19.2,Million dollars
2016,NGEIV,Natural gas expenditures in the electric power sector (including supplemental gaseous fuels),NH,New Hampshire,141.6,Million dollars
2016,NGEIV,Natural gas expenditures in the electric power sector (including supplemental gaseous fuels),NJ,New Jersey,719.4,Million dollars
2016,NGEIV,Natural gas expenditures in the electric power sector (including supplemental gaseous fuels),NM,New Mexico,249.5,Million dollars
2016,NGEIV,Natural gas expenditures in the electric power sector (including supplemental gaseous fuels),NV,Nevada,633.9,Million dollars
2016,NGEIV,Natural gas expenditures in the electric power sector (including supplemental gaseous fuels),NY,New York,1303.9,Million dollars
2016,NGEIV,Natural gas expenditures in the electric power sector (including supplemental gaseous fuels),OH,Ohio,501.6,Million dollars
2016,NGEIV,Natural gas expenditures in the electric power sector (including supplemental gaseous fuels),OK,Oklahoma,800.5,Million dollars
2016,NGEIV,Natural gas expenditures in the electric power sector (including supplemental gaseous fuels),OR,Oregon,263,Million dollars
2016,NGEIV,Natural gas expenditures in the electric power sector (including supplemental gaseous fuels),PA,Pennsylvania,972.2,Million dollars
2016,NGEIV,Natural gas expenditures in the electric power sector (including supplemental gaseous fuels),RI,Rhode Island,163.2,Million dollars
2016,NGEIV,Natural gas expenditures in the electric power sector (including supplemental gaseous fuels),SC,South Carolina,450.2,Million dollars
2016,NGEIV,Natural gas expenditures in the electric power sector (including supplemental gaseous fuels),SD,South Dakota,19.4,Million dollars
2016,NGEIV,Natural gas expenditures in the electric power sector (including supplemental gaseous fuels),TN,Tennessee,228.9,Million dollars
2016,NGEIV,Natural gas expenditures in the electric power sector (including supplemental gaseous fuels),TX,Texas,4096,Million dollars
2016,NGEIV,Natural gas expenditures in the electric power sector (including supplemental gaseous fuels),UT,Utah,163.6,Million dollars
2016,NGEIV,Natural gas expenditures in the electric power sector (including supplemental gaseous fuels),VA,Virginia,955.1,Million dollars
2016,NGEIV,Natural gas expenditures in the electric power sector (including supplemental gaseous fuels),VT,Vermont,0,Million dollars
2016,NGEIV,Natural gas expenditures in the electric power sector (including supplemental gaseous fuels),WA,Washington,299.9,Million dollars
2016,NGEIV,Natural gas expenditures in the electric power sector (including supplemental gaseous fuels),WI,Wisconsin,338,Million dollars
2016,NGEIV,Natural gas expenditures in the electric power sector (including supplemental gaseous fuels),WV,West Virginia,26.7,Million dollars
2016,NGEIV,Natural gas expenditures in the electric power sector (including supplemental gaseous fuels),WY,Wyoming,14.4,Million dollars
2016,NNTCE,"Natural gas, excluding supplemental gaseous fuels, CO2 emissions for all sectors",AK,Alaska,16.9,Million metric tons CO2
2016,NNTCE,"Natural gas, excluding supplemental gaseous fuels, CO2 emissions for all sectors",AL,Alabama,37.4,Million metric tons CO2
2016,NNTCE,"Natural gas, excluding supplemental gaseous fuels, CO2 emissions for all sectors",AR,Arkansas,16.5,Million metric tons CO2
2016,NNTCE,"Natural gas, excluding supplemental gaseous fuels, CO2 emissions for all sectors",AZ,Arizona,19.7,Million metric tons CO2
2016,NNTCE,"Natural gas, excluding supplemental gaseous fuels, CO2 emissions for all sectors",CA,California,117.2,Million metric tons CO2
2016,NNTCE,"Natural gas, excluding supplemental gaseous fuels, CO2 emissions for all sectors",CO,Colorado,24.2,Million metric tons CO2
2016,NNTCE,"Natural gas, excluding supplemental gaseous fuels, CO2 emissions for all sectors",CT,Connecticut,13.4,Million metric tons CO2
2016,NNTCE,"Natural gas, excluding supplemental gaseous fuels, CO2 emissions for all sectors",DC,District of Columbia,1.6,Million metric tons CO2
2016,NNTCE,"Natural gas, excluding supplemental gaseous fuels, CO2 emissions for all sectors",DE,Delaware,5.9,Million metric tons CO2
2016,NNTCE,"Natural gas, excluding supplemental gaseous fuels, CO2 emissions for all sectors",FL,Florida,74.6,Million metric tons CO2
2016,NNTCE,"Natural gas, excluding supplemental gaseous fuels, CO2 emissions for all sectors",GA,Georgia,38.1,Million metric tons CO2
2016,NNTCE,"Natural gas, excluding supplemental gaseous fuels, CO2 emissions for all sectors",HI,Hawaii,0,Million metric tons CO2
2016,NNTCE,"Natural gas, excluding supplemental gaseous fuels, CO2 emissions for all sectors",IA,Iowa,16.4,Million metric tons CO2
2016,NNTCE,"Natural gas, excluding supplemental gaseous fuels, CO2 emissions for all sectors",ID,Idaho,5.8,Million metric tons CO2
2016,NNTCE,"Natural gas, excluding supplemental gaseous fuels, CO2 emissions for all sectors",IL,Illinois,54.7,Million metric tons CO2
2016,NNTCE,"Natural gas, excluding supplemental gaseous fuels, CO2 emissions for all sectors",IN,Indiana,40.4,Million metric tons CO2
2016,NNTCE,"Natural gas, excluding supplemental gaseous fuels, CO2 emissions for all sectors",KS,Kansas,14.3,Million metric tons CO2
2016,NNTCE,"Natural gas, excluding supplemental gaseous fuels, CO2 emissions for all sectors",KY,Kentucky,14.5,Million metric tons CO2
2016,NNTCE,"Natural gas, excluding supplemental gaseous fuels, CO2 emissions for all sectors",LA,Louisiana,88.3,Million metric tons CO2
2016,NNTCE,"Natural gas, excluding supplemental gaseous fuels, CO2 emissions for all sectors",MA,Massachusetts,23.2,Million metric tons CO2
2016,NNTCE,"Natural gas, excluding supplemental gaseous fuels, CO2 emissions for all sectors",MD,Maryland,12.1,Million metric tons CO2
2016,NNTCE,"Natural gas, excluding supplemental gaseous fuels, CO2 emissions for all sectors",ME,Maine,2.8,Million metric tons CO2
2016,NNTCE,"Natural gas, excluding supplemental gaseous fuels, CO2 emissions for all sectors",MI,Michigan,48.6,Million metric tons CO2
2016,NNTCE,"Natural gas, excluding supplemental gaseous fuels, CO2 emissions for all sectors",MN,Minnesota,24.3,Million metric tons CO2
2016,NNTCE,"Natural gas, excluding supplemental gaseous fuels, CO2 emissions for all sectors",MO,Missouri,14.3,Million metric tons CO2
2016,NNTCE,"Natural gas, excluding supplemental gaseous fuels, CO2 emissions for all sectors",MS,Mississippi,29.4,Million metric tons CO2
2016,NNTCE,"Natural gas, excluding supplemental gaseous fuels, CO2 emissions for all sectors",MT,Montana,4.1,Million metric tons CO2
2016,NNTCE,"Natural gas, excluding supplemental gaseous fuels, CO2 emissions for all sectors",NC,North Carolina,28.4,Million metric tons CO2
2016,NNTCE,"Natural gas, excluding supplemental gaseous fuels, CO2 emissions for all sectors",ND,North Dakota,5.5,Million metric tons CO2
2016,NNTCE,"Natural gas, excluding supplemental gaseous fuels, CO2 emissions for all sectors",NE,Nebraska,8.9,Million metric tons CO2
2016,NNTCE,"Natural gas, excluding supplemental gaseous fuels, CO2 emissions for all sectors",NH,New Hampshire,3.1,Million metric tons CO2
2016,NNTCE,"Natural gas, excluding supplemental gaseous fuels, CO2 emissions for all sectors",NJ,New Jersey,41.9,Million metric tons CO2
2016,NNTCE,"Natural gas, excluding supplemental gaseous fuels, CO2 emissions for all sectors",NM,New Mexico,13.5,Million metric tons CO2
2016,NNTCE,"Natural gas, excluding supplemental gaseous fuels, CO2 emissions for all sectors",NV,Nevada,16.7,Million metric tons CO2
2016,NNTCE,"Natural gas, excluding supplemental gaseous fuels, CO2 emissions for all sectors",NY,New York,70.5,Million metric tons CO2
2016,NNTCE,"Natural gas, excluding supplemental gaseous fuels, CO2 emissions for all sectors",OH,Ohio,51.9,Million metric tons CO2
2016,NNTCE,"Natural gas, excluding supplemental gaseous fuels, CO2 emissions for all sectors",OK,Oklahoma,38.3,Million metric tons CO2
2016,NNTCE,"Natural gas, excluding supplemental gaseous fuels, CO2 emissions for all sectors",OR,Oregon,13.1,Million metric tons CO2
2016,NNTCE,"Natural gas, excluding supplemental gaseous fuels, CO2 emissions for all sectors",PA,Pennsylvania,70.8,Million metric tons CO2
2016,NNTCE,"Natural gas, excluding supplemental gaseous fuels, CO2 emissions for all sectors",RI,Rhode Island,4.7,Million metric tons CO2
2016,NNTCE,"Natural gas, excluding supplemental gaseous fuels, CO2 emissions for all sectors",SC,South Carolina,14.8,Million metric tons CO2
2016,NNTCE,"Natural gas, excluding supplemental gaseous fuels, CO2 emissions for all sectors",SD,South Dakota,4.4,Million metric tons CO2
2016,NNTCE,"Natural gas, excluding supplemental gaseous fuels, CO2 emissions for all sectors",TN,Tennessee,17.5,Million metric tons CO2
2016,NNTCE,"Natural gas, excluding supplemental gaseous fuels, CO2 emissions for all sectors",TX,Texas,215.1,Million metric tons CO2
2016,NNTCE,"Natural gas, excluding supplemental gaseous fuels, CO2 emissions for all sectors",UT,Utah,13.1,Million metric tons CO2
2016,NNTCE,"Natural gas, excluding supplemental gaseous fuels, CO2 emissions for all sectors",VA,Virginia,30.1,Million metric tons CO2
2016,NNTCE,"Natural gas, excluding supplemental gaseous fuels, CO2 emissions for all sectors",VT,Vermont,.7,Million metric tons CO2
2016,NNTCE,"Natural gas, excluding supplemental gaseous fuels, CO2 emissions for all sectors",WA,Washington,17,Million metric tons CO2
2016,NNTCE,"Natural gas, excluding supplemental gaseous fuels, CO2 emissions for all sectors",WI,Wisconsin,26.2,Million metric tons CO2
2016,NNTCE,"Natural gas, excluding supplemental gaseous fuels, CO2 emissions for all sectors",WV,West Virginia,9.7,Million metric tons CO2
2016,NNTCE,"Natural gas, excluding supplemental gaseous fuels, CO2 emissions for all sectors",WY,Wyoming,6.8,Million metric tons CO2
2016,NUEGV,Nuclear fuel expenditures in the electric power sector,AK,Alaska,0,Million dollars
2016,NUEGV,Nuclear fuel expenditures in the electric power sector,AL,Alabama,289.3,Million dollars
2016,NUEGV,Nuclear fuel expenditures in the electric power sector,AR,Arkansas,94.5,Million dollars
2016,NUEGV,Nuclear fuel expenditures in the electric power sector,AZ,Arizona,280.1,Million dollars
2016,NUEGV,Nuclear fuel expenditures in the electric power sector,CA,California,127.9,Million dollars
2016,NUEGV,Nuclear fuel expenditures in the electric power sector,CO,Colorado,0,Million dollars
2016,NUEGV,Nuclear fuel expenditures in the electric power sector,CT,Connecticut,123.1,Million dollars
2016,NUEGV,Nuclear fuel expenditures in the electric power sector,DC,District of Columbia,0,Million dollars
2016,NUEGV,Nuclear fuel expenditures in the electric power sector,DE,Delaware,0,Million dollars
2016,NUEGV,Nuclear fuel expenditures in the electric power sector,FL,Florida,198.6,Million dollars
2016,NUEGV,Nuclear fuel expenditures in the electric power sector,GA,Georgia,290.9,Million dollars
2016,NUEGV,Nuclear fuel expenditures in the electric power sector,HI,Hawaii,0,Million dollars
2016,NUEGV,Nuclear fuel expenditures in the electric power sector,IA,Iowa,32.8,Million dollars
2016,NUEGV,Nuclear fuel expenditures in the electric power sector,ID,Idaho,0,Million dollars
2016,NUEGV,Nuclear fuel expenditures in the electric power sector,IL,Illinois,705.3,Million dollars
2016,NUEGV,Nuclear fuel expenditures in the electric power sector,IN,Indiana,0,Million dollars
2016,NUEGV,Nuclear fuel expenditures in the electric power sector,KS,Kansas,56.8,Million dollars
2016,NUEGV,Nuclear fuel expenditures in the electric power sector,KY,Kentucky,0,Million dollars
2016,NUEGV,Nuclear fuel expenditures in the electric power sector,LA,Louisiana,104.7,Million dollars
2016,NUEGV,Nuclear fuel expenditures in the electric power sector,MA,Massachusetts,37.7,Million dollars
2016,NUEGV,Nuclear fuel expenditures in the electric power sector,MD,Maryland,109.6,Million dollars
2016,NUEGV,Nuclear fuel expenditures in the electric power sector,ME,Maine,0,Million dollars
2016,NUEGV,Nuclear fuel expenditures in the electric power sector,MI,Michigan,241.2,Million dollars
2016,NUEGV,Nuclear fuel expenditures in the electric power sector,MN,Minnesota,117,Million dollars
2016,NUEGV,Nuclear fuel expenditures in the electric power sector,MO,Missouri,87.6,Million dollars
2016,NUEGV,Nuclear fuel expenditures in the electric power sector,MS,Mississippi,30.5,Million dollars
2016,NUEGV,Nuclear fuel expenditures in the electric power sector,MT,Montana,0,Million dollars
2016,NUEGV,Nuclear fuel expenditures in the electric power sector,NC,North Carolina,283.5,Million dollars
2016,NUEGV,Nuclear fuel expenditures in the electric power sector,ND,North Dakota,0,Million dollars
2016,NUEGV,Nuclear fuel expenditures in the electric power sector,NE,Nebraska,66.7,Million dollars
2016,NUEGV,Nuclear fuel expenditures in the electric power sector,NH,New Hampshire,79.9,Million dollars
2016,NUEGV,Nuclear fuel expenditures in the electric power sector,NJ,New Jersey,215.5,Million dollars
2016,NUEGV,Nuclear fuel expenditures in the electric power sector,NM,New Mexico,0,Million dollars
2016,NUEGV,Nuclear fuel expenditures in the electric power sector,NV,Nevada,0,Million dollars
2016,NUEGV,Nuclear fuel expenditures in the electric power sector,NY,New York,299,Million dollars
2016,NUEGV,Nuclear fuel expenditures in the electric power sector,OH,Ohio,120.1,Million dollars
2016,NUEGV,Nuclear fuel expenditures in the electric power sector,OK,Oklahoma,0,Million dollars
2016,NUEGV,Nuclear fuel expenditures in the electric power sector,OR,Oregon,0,Million dollars
2016,NUEGV,Nuclear fuel expenditures in the electric power sector,PA,Pennsylvania,588.2,Million dollars
2016,NUEGV,Nuclear fuel expenditures in the electric power sector,RI,Rhode Island,0,Million dollars
2016,NUEGV,Nuclear fuel expenditures in the electric power sector,SC,South Carolina,399.5,Million dollars
2016,NUEGV,Nuclear fuel expenditures in the electric power sector,SD,South Dakota,0,Million dollars
2016,NUEGV,Nuclear fuel expenditures in the electric power sector,TN,Tennessee,219.6,Million dollars
2016,NUEGV,Nuclear fuel expenditures in the electric power sector,TX,Texas,312.4,Million dollars
2016,NUEGV,Nuclear fuel expenditures in the electric power sector,UT,Utah,0,Million dollars
2016,NUEGV,Nuclear fuel expenditures in the electric power sector,VA,Virginia,202.8,Million dollars
2016,NUEGV,Nuclear fuel expenditures in the electric power sector,VT,Vermont,0,Million dollars
2016,NUEGV,Nuclear fuel expenditures in the electric power sector,WA,Washington,67.1,Million dollars
2016,NUEGV,Nuclear fuel expenditures in the electric power sector,WI,Wisconsin,75.4,Million dollars
2016,NUEGV,Nuclear fuel expenditures in the electric power sector,WV,West Virginia,0,Million dollars
2016,NUEGV,Nuclear fuel expenditures in the electric power sector,WY,Wyoming,0,Million dollars
2016,PAEIV,All petroleum products total expenditures in the electric power sector,AK,Alaska,67,Million dollars
2016,PAEIV,All petroleum products total expenditures in the electric power sector,AL,Alabama,3.7,Million dollars
2016,PAEIV,All petroleum products total expenditures in the electric power sector,AR,Arkansas,4.3,Million dollars
2016,PAEIV,All petroleum products total expenditures in the electric power sector,AZ,Arizona,6.4,Million dollars
2016,PAEIV,All petroleum products total expenditures in the electric power sector,CA,California,4.3,Million dollars
2016,PAEIV,All petroleum products total expenditures in the electric power sector,CO,Colorado,1,Million dollars
2016,PAEIV,All petroleum products total expenditures in the electric power sector,CT,Connecticut,7.5,Million dollars
2016,PAEIV,All petroleum products total expenditures in the electric power sector,DC,District of Columbia,0,Million dollars
2016,PAEIV,All petroleum products total expenditures in the electric power sector,DE,Delaware,5.7,Million dollars
2016,PAEIV,All petroleum products total expenditures in the electric power sector,FL,Florida,130.7,Million dollars
2016,PAEIV,All petroleum products total expenditures in the electric power sector,GA,Georgia,10.1,Million dollars
2016,PAEIV,All petroleum products total expenditures in the electric power sector,HI,Hawaii,555.3,Million dollars
2016,PAEIV,All petroleum products total expenditures in the electric power sector,IA,Iowa,10.3,Million dollars
2016,PAEIV,All petroleum products total expenditures in the electric power sector,ID,Idaho,0,Million dollars
2016,PAEIV,All petroleum products total expenditures in the electric power sector,IL,Illinois,8.5,Million dollars
2016,PAEIV,All petroleum products total expenditures in the electric power sector,IN,Indiana,16,Million dollars
2016,PAEIV,All petroleum products total expenditures in the electric power sector,KS,Kansas,4,Million dollars
2016,PAEIV,All petroleum products total expenditures in the electric power sector,KY,Kentucky,32.4,Million dollars
2016,PAEIV,All petroleum products total expenditures in the electric power sector,LA,Louisiana,81.9,Million dollars
2016,PAEIV,All petroleum products total expenditures in the electric power sector,MA,Massachusetts,23.3,Million dollars
2016,PAEIV,All petroleum products total expenditures in the electric power sector,MD,Maryland,21.5,Million dollars
2016,PAEIV,All petroleum products total expenditures in the electric power sector,ME,Maine,11.2,Million dollars
2016,PAEIV,All petroleum products total expenditures in the electric power sector,MI,Michigan,24.5,Million dollars
2016,PAEIV,All petroleum products total expenditures in the electric power sector,MN,Minnesota,4,Million dollars
2016,PAEIV,All petroleum products total expenditures in the electric power sector,MO,Missouri,9.8,Million dollars
2016,PAEIV,All petroleum products total expenditures in the electric power sector,MS,Mississippi,1.8,Million dollars
2016,PAEIV,All petroleum products total expenditures in the electric power sector,MT,Montana,13.7,Million dollars
2016,PAEIV,All petroleum products total expenditures in the electric power sector,NC,North Carolina,29.1,Million dollars
2016,PAEIV,All petroleum products total expenditures in the electric power sector,ND,North Dakota,3.2,Million dollars
2016,PAEIV,All petroleum products total expenditures in the electric power sector,NE,Nebraska,1,Million dollars
2016,PAEIV,All petroleum products total expenditures in the electric power sector,NH,New Hampshire,2.7,Million dollars
2016,PAEIV,All petroleum products total expenditures in the electric power sector,NJ,New Jersey,3.8,Million dollars
2016,PAEIV,All petroleum products total expenditures in the electric power sector,NM,New Mexico,6.6,Million dollars
2016,PAEIV,All petroleum products total expenditures in the electric power sector,NV,Nevada,1.5,Million dollars
2016,PAEIV,All petroleum products total expenditures in the electric power sector,NY,New York,48.7,Million dollars
2016,PAEIV,All petroleum products total expenditures in the electric power sector,OH,Ohio,42.7,Million dollars
2016,PAEIV,All petroleum products total expenditures in the electric power sector,OK,Oklahoma,2.2,Million dollars
2016,PAEIV,All petroleum products total expenditures in the electric power sector,OR,Oregon,.5,Million dollars
2016,PAEIV,All petroleum products total expenditures in the electric power sector,PA,Pennsylvania,34.5,Million dollars
2016,PAEIV,All petroleum products total expenditures in the electric power sector,RI,Rhode Island,2.4,Million dollars
2016,PAEIV,All petroleum products total expenditures in the electric power sector,SC,South Carolina,10.8,Million dollars
2016,PAEIV,All petroleum products total expenditures in the electric power sector,SD,South Dakota,.6,Million dollars
2016,PAEIV,All petroleum products total expenditures in the electric power sector,TN,Tennessee,14.2,Million dollars
2016,PAEIV,All petroleum products total expenditures in the electric power sector,TX,Texas,9.3,Million dollars
2016,PAEIV,All petroleum products total expenditures in the electric power sector,UT,Utah,3.7,Million dollars
2016,PAEIV,All petroleum products total expenditures in the electric power sector,VA,Virginia,51.7,Million dollars
2016,PAEIV,All petroleum products total expenditures in the electric power sector,VT,Vermont,.4,Million dollars
2016,PAEIV,All petroleum products total expenditures in the electric power sector,WA,Washington,1.7,Million dollars
2016,PAEIV,All petroleum products total expenditures in the electric power sector,WI,Wisconsin,6.7,Million dollars
2016,PAEIV,All petroleum products total expenditures in the electric power sector,WV,West Virginia,14.2,Million dollars
2016,PAEIV,All petroleum products total expenditures in the electric power sector,WY,Wyoming,4.9,Million dollars
2016,PMTCE,"Total petroleum, excluding biofuels, CO2 emissions for all sectors",AK,Alaska,14.9,Million metric tons CO2  
2016,PMTCE,"Total petroleum, excluding biofuels, CO2 emissions for all sectors",AL,Alabama,37.1,Million metric tons CO2  
2016,PMTCE,"Total petroleum, excluding biofuels, CO2 emissions for all sectors",AR,Arkansas,21.8,Million metric tons CO2  
2016,PMTCE,"Total petroleum, excluding biofuels, CO2 emissions for all sectors",AZ,Arizona,40.1,Million metric tons CO2  
2016,PMTCE,"Total petroleum, excluding biofuels, CO2 emissions for all sectors",CA,California,228.6,Million metric tons CO2  
2016,PMTCE,"Total petroleum, excluding biofuels, CO2 emissions for all sectors",CO,Colorado,33.1,Million metric tons CO2  
2016,PMTCE,"Total petroleum, excluding biofuels, CO2 emissions for all sectors",CT,Connecticut,20,Million metric tons CO2  
2016,PMTCE,"Total petroleum, excluding biofuels, CO2 emissions for all sectors",DC,District of Columbia,1.2,Million metric tons CO2  
2016,PMTCE,"Total petroleum, excluding biofuels, CO2 emissions for all sectors",DE,Delaware,7.7,Million metric tons CO2  
2016,PMTCE,"Total petroleum, excluding biofuels, CO2 emissions for all sectors",FL,Florida,122.5,Million metric tons CO2  
2016,PMTCE,"Total petroleum, excluding biofuels, CO2 emissions for all sectors",GA,Georgia,67.6,Million metric tons CO2  
2016,PMTCE,"Total petroleum, excluding biofuels, CO2 emissions for all sectors",HI,Hawaii,18,Million metric tons CO2  
2016,PMTCE,"Total petroleum, excluding biofuels, CO2 emissions for all sectors",IA,Iowa,27,Million metric tons CO2  
2016,PMTCE,"Total petroleum, excluding biofuels, CO2 emissions for all sectors",ID,Idaho,12.3,Million metric tons CO2  
2016,PMTCE,"Total petroleum, excluding biofuels, CO2 emissions for all sectors",IL,Illinois,83.6,Million metric tons CO2  
2016,PMTCE,"Total petroleum, excluding biofuels, CO2 emissions for all sectors",IN,Indiana,50.4,Million metric tons CO2  
2016,PMTCE,"Total petroleum, excluding biofuels, CO2 emissions for all sectors",KS,Kansas,23.8,Million metric tons CO2  
2016,PMTCE,"Total petroleum, excluding biofuels, CO2 emissions for all sectors",KY,Kentucky,41.4,Million metric tons CO2  
2016,PMTCE,"Total petroleum, excluding biofuels, CO2 emissions for all sectors",LA,Louisiana,86.8,Million metric tons CO2  
2016,PMTCE,"Total petroleum, excluding biofuels, CO2 emissions for all sectors",MA,Massachusetts,38.7,Million metric tons CO2  
2016,PMTCE,"Total petroleum, excluding biofuels, CO2 emissions for all sectors",MD,Maryland,32.5,Million metric tons CO2  
2016,PMTCE,"Total petroleum, excluding biofuels, CO2 emissions for all sectors",ME,Maine,13,Million metric tons CO2  
2016,PMTCE,"Total petroleum, excluding biofuels, CO2 emissions for all sectors",MI,Michigan,60.4,Million metric tons CO2  
2016,PMTCE,"Total petroleum, excluding biofuels, CO2 emissions for all sectors",MN,Minnesota,40.9,Million metric tons CO2  
2016,PMTCE,"Total petroleum, excluding biofuels, CO2 emissions for all sectors",MO,Missouri,43,Million metric tons CO2  
2016,PMTCE,"Total petroleum, excluding biofuels, CO2 emissions for all sectors",MS,Mississippi,26.7,Million metric tons CO2  
2016,PMTCE,"Total petroleum, excluding biofuels, CO2 emissions for all sectors",MT,Montana,11.6,Million metric tons CO2  
2016,PMTCE,"Total petroleum, excluding biofuels, CO2 emissions for all sectors",NC,North Carolina,59.5,Million metric tons CO2  
2016,PMTCE,"Total petroleum, excluding biofuels, CO2 emissions for all sectors",ND,North Dakota,11.3,Million metric tons CO2  
2016,PMTCE,"Total petroleum, excluding biofuels, CO2 emissions for all sectors",NE,Nebraska,16.2,Million metric tons CO2  
2016,PMTCE,"Total petroleum, excluding biofuels, CO2 emissions for all sectors",NH,New Hampshire,10.1,Million metric tons CO2  
2016,PMTCE,"Total petroleum, excluding biofuels, CO2 emissions for all sectors",NJ,New Jersey,61.6,Million metric tons CO2  
2016,PMTCE,"Total petroleum, excluding biofuels, CO2 emissions for all sectors",NM,New Mexico,16.4,Million metric tons CO2  
2016,PMTCE,"Total petroleum, excluding biofuels, CO2 emissions for all sectors",NV,Nevada,20.3,Million metric tons CO2  
2016,PMTCE,"Total petroleum, excluding biofuels, CO2 emissions for all sectors",NY,New York,96,Million metric tons CO2  
2016,PMTCE,"Total petroleum, excluding biofuels, CO2 emissions for all sectors",OH,Ohio,74,Million metric tons CO2  
2016,PMTCE,"Total petroleum, excluding biofuels, CO2 emissions for all sectors",OK,Oklahoma,36,Million metric tons CO2  
2016,PMTCE,"Total petroleum, excluding biofuels, CO2 emissions for all sectors",OR,Oregon,22.2,Million metric tons CO2  
2016,PMTCE,"Total petroleum, excluding biofuels, CO2 emissions for all sectors",PA,Pennsylvania,76.8,Million metric tons CO2  
2016,PMTCE,"Total petroleum, excluding biofuels, CO2 emissions for all sectors",RI,Rhode Island,4.8,Million metric tons CO2  
2016,PMTCE,"Total petroleum, excluding biofuels, CO2 emissions for all sectors",SC,South Carolina,35.8,Million metric tons CO2  
2016,PMTCE,"Total petroleum, excluding biofuels, CO2 emissions for all sectors",SD,South Dakota,7.8,Million metric tons CO2  
2016,PMTCE,"Total petroleum, excluding biofuels, CO2 emissions for all sectors",TN,Tennessee,47,Million metric tons CO2  
2016,PMTCE,"Total petroleum, excluding biofuels, CO2 emissions for all sectors",TX,Texas,312,Million metric tons CO2  
2016,PMTCE,"Total petroleum, excluding biofuels, CO2 emissions for all sectors",UT,Utah,20,Million metric tons CO2  
2016,PMTCE,"Total petroleum, excluding biofuels, CO2 emissions for all sectors",VA,Virginia,58.3,Million metric tons CO2  
2016,PMTCE,"Total petroleum, excluding biofuels, CO2 emissions for all sectors",VT,Vermont,5.2,Million metric tons CO2  
2016,PMTCE,"Total petroleum, excluding biofuels, CO2 emissions for all sectors",WA,Washington,57,Million metric tons CO2  
2016,PMTCE,"Total petroleum, excluding biofuels, CO2 emissions for all sectors",WI,Wisconsin,34.9,Million metric tons CO2  
2016,PMTCE,"Total petroleum, excluding biofuels, CO2 emissions for all sectors",WV,West Virginia,12.7,Million metric tons CO2  
2016,PMTCE,"Total petroleum, excluding biofuels, CO2 emissions for all sectors",WY,Wyoming,10.7,Million metric tons CO2  
