Year,State,fueltypeid,fuelTypeDescription,Ash Content (%),Generation (Thousands of MWh),Sulfur Content (%),Total Consumption (millions of MMBtu),Raw Cost (Millions of $),CO2 Emissions (Million Metric Tons),Cost ($/MWh),Heat_Rate (Btu/kWh),efficiency%,Emission_Factor_CO2,CO2_Intensity_kg_per_MWh,CtoE_Ratio
2023,SD,COW,all coal products,5.14,1562.74207,0.31,17.95756,40.5,2.1,25.91598497121153,11491.058150114306,29.692652803833035,95,1343.7918133220794,0.019285714285714285
2023,TX,NUC,nuclear,,40679.87,,425.17591,250.2,,6.150462132745262,10451.751935293794,32.64524475057865,0,,0.0
2023,ME,PET,petroleum,,67.15373,0.43,1.41782,17.1,12.3,254.63961569967896,21113.04911879057,16.160621712206062,73,183161.82883661118,0.0013902439024390243
2023,IL,PET,petroleum,,26.28754,,0.37522,8.7,76.3,330.9552738673912,14273.682512703737,23.904132636853046,73,2902515.7926530973,0.00011402359108781128
2023,RI,TSN,estimated total solar,,1026.60855,,,,,,,,0,,0.0
2023,RI,NG,natural gas,,9553.67609,,75.40647,267.2,5.9,27.968291732193315,7892.927213528755,43.22857550430355,53,617.5633279189392,0.04528813559322034
2023,PA,COW,all coal products,26.66,12834.82793,2.13,154.98903,352.1,28.9,27.433168712531387,12075.660916164694,28.25518225203422,95,2251.6858159391,0.012183391003460208
2023,TX,TSN,estimated total solar,,32324.7469,,,,,47.09,,,0,,0.0
2023,TN,TSN,estimated total solar,,1033.96583,,,,,46.27,,,0,,0.0
2023,TN,COW,all coal products,7.87,15792.90869,1.95,189.18989,613.9,19.4,38.87187674229503,11979.420239401132,28.482179703302325,95,1228.3994279207095,0.031644329896907214
2023,WA,NUC,nuclear,,8435.018,,88.16072,57.7,,6.840530749311975,10451.752444393123,32.64524316044606,0,,0.0
2023,WY,NG,natural gas,,2129.47819,,28.64988,103.7,9.3,48.6973759519932,13453.943850911195,25.36059342754664,53,4367.267081519159,0.011150537634408602
2023,DC,NG,natural gas,,89.20979,,1.38144,0.0,1.4,0.0,15485.295952383702,22.03380555652073,53,15693.34486719451,0.0
2023,MA,PET,petroleum,,97.47643,0.3,1.31909,20.2,36.5,207.22958360292844,13532.399575979547,25.213562316445426,73,374449.4951241034,0.0005534246575342465
2023,MA,NG,natural gas,,14774.02529,,125.68582,813.3,20.4,55.04931689473235,8507.215706817029,40.107129260468675,53,1380.8017516937662,0.03986764705882353
2023,NH,TSN,estimated total solar,,302.48812,,,,,,,,0,,0.0
2023,NV,WNT,onshore wind turbine,,291.247,,0.99374,,,27.0,3412.0179778675833,99.9994731016161,0,,0.0
2023,NV,NG,natural gas,,24599.32648,,191.0455,1347.3,15.9,54.76979221749814,7766.289867949263,43.93346189769453,53,646.3591599927414,0.08473584905660377
2023,NV,COW,all coal products,5.84,2059.63557,0.4,24.91511,128.2,2.8,62.24402115952969,12096.853619594462,28.205681471364162,95,1359.4638006761556,0.04578571428571428
2023,NM,TSN,estimated total solar,,3314.1637,,,,,28.528,,,0,,0.0
2023,NY,TSN,estimated total solar,,6204.58863,,,,,64.483,,,0,,0.0
2023,NC,COW,all coal products,9.78,14204.64671,1.72,152.64404,693.2,14.7,48.80093212821623,10746.063813930647,31.75116078853783,95,1034.872623030552,0.04715646258503401
2023,VT,WNT,onshore wind turbine,,339.614,,1.15876,,,,3411.9912606665216,100.00025613586938,0,,0.0
2023,DE,PET,petroleum,,-1.89086,,0.21494,4.3,7.7,,-113673.1434373777,-3.0015884991160324,73,-4072221.1057402454,0.0
2023,SC,COW,all coal products,9.33,15150.42088,2.0,161.26932,573.3,15.6,37.84053291594101,10644.543889397219,32.05398028748431,95,1029.6743650596195,0.03675
2023,ND,NG,natural gas,,2833.41803,,31.897,104.2,11.4,36.77537126422535,11257.428188243723,30.308876440919214,53,4023.409140231948,0.009140350877192982
2023,NC,NG,natural gas,,51788.03063,,423.40066,2209.5,34.8,42.664298547782025,8175.647052983911,41.73369982691099,53,671.969943182989,0.06349137931034483
2023,DC,PET,petroleum,,0.05358,,0.00072,0.0,1.1,0.0,13437.849944008956,25.39096666666667,73,20530048.52556924,0.0
2023,NY,WNT,onshore wind turbine,,4799.69792,,16.37657,,,64.66666666666667,3412.0001452091387,99.99999574416375,0,,0.0
2023,UT,TSN,estimated total solar,,4834.71443,,,,,28.528,,,0,,0.0
2023,UT,PET,petroleum,,29.28454,,0.32364,7.9,22.6,269.7669145562812,11051.565092024666,30.873455221851437,73,771738.2618951843,0.0003495575221238938
2023,VT,TSN,estimated total solar,,430.4843,,,,,,,,0,,0.0
2023,PA,WNT,onshore wind turbine,,3258.324,,11.1174,,,,3411.9995433235,100.00001338442442,0,,0.0
2023,PA,NG,natural gas,,139256.04731,,1023.06769,2032.1,101.4,14.5925440169669,7346.666157502902,46.44283443471077,53,728.1550924267721,0.02004043392504931
2023,OH,TSN,estimated total solar,,1799.89172,,,,,,,,0,,0.0
2023,MS,TSN,estimated total solar,,656.16677,,,,,46.68000000000001,,,0,,0.0
2023,MS,NG,natural gas,,55167.57231,,424.64821,1140.4,33.1,20.671563968626625,7697.424269710446,44.32651599349023,53,599.9901502644171,0.034453172205438067
2023,WI,WNT,onshore wind turbine,,1737.844,,5.92953,,,33.0,3412.003609069629,99.99989422433143,0,,0.0
2023,ID,PET,petroleum,,0.12339,,0.0016,0.0,13.1,0.0,12967.015155198962,26.312917499999998,73,106167436.5831915,0.0
2023,ID,NG,natural gas,,5686.22443,,56.73508,307.3,8.1,54.04288975628772,9977.636426144367,34.19647554063553,53,1424.495304347317,0.037938271604938276
2023,ND,WNT,onshore wind turbine,,14476.709,,49.39453,,,33.0,3411.999923463268,100.00000224316337,0,,0.0
2023,ND,COW,all coal products,9.66,22525.07552,0.73,261.6282,476.7,31.2,21.163081099405787,11614.975486661542,29.37586914340274,95,1385.1229920315934,0.015278846153846153
2023,VA,PET,petroleum,,134.54548,0.21,3.14837,25.2,55.7,187.2972618626802,23400.04287026216,14.581169867582272,73,413986.40816473356,0.00045242369838420114
2023,VA,COW,all coal products,17.49,1415.02692,1.05,18.7517,78.4,4.4,55.405306352758295,13251.832693048695,25.747382109568733,95,3109.481478981333,0.017818181818181816
2023,CO,COW,all coal products,6.93,18787.6167,0.34,201.86808,426.3,19.6,22.6904778188284,10744.741242246017,31.755069043307888,95,1043.240359486363,0.021750000000000002
2023,MS,NUC,nuclear,,11749.621,,122.80413,79.8,,6.791708430425118,10451.752443759675,32.645243162424585,0,,0.0
2023,WA,TSN,estimated total solar,,882.67969,,,,,28.528,,,0,,0.0
2023,WI,NG,natural gas,,25621.19398,,213.0315,730.9,29.6,28.527163900735587,8314.659346722607,41.035956588466966,53,1155.2935442082,0.024692567567567568
2023,SD,TSN,estimated total solar,,50.22785,,,,,47.09,,,0,,0.0
2023,SD,NG,natural gas,,2115.78026,,21.90664,50.3,5.2,23.7737353689083,10353.929665644959,32.95367179594862,53,2457.7221454935025,0.009673076923076923
2023,NE,NUC,nuclear,,6926.053,,72.38939,47.4,,6.843724701500263,10451.752246192746,32.64524377950968,0,,0.0
2023,AL,TSN,estimated total solar,,1222.82361,,,,,46.27,,,0,,0.0
2023,AK,TSN,estimated total solar,,18.49755,,,,,,,,0,,0.0
2023,OK,PET,petroleum,,19.72744,,0.23934,4.8,36.0,243.3159092107237,12132.339523019711,28.123182618868558,73,1824869.3190804278,0.00013333333333333334
2023,DE,WNT,onshore wind turbine,,4.165,,0.01421,,,,3411.764705882353,100.00689655172413,0,,0.0
2023,FL,TSN,estimated total solar,,17804.32577,,,,,46.27,,,0,,0.0
2023,KY,COW,all coal products,8.85,43447.44888,2.43,464.31623,1159.2,46.2,26.680507829163016,10686.846799277482,31.92709752544295,95,1063.3535729014245,0.02509090909090909
2023,CA,PET,petroleum,,75.04108,,0.92435,8.4,209.1,111.9386874495943,12317.91973143244,27.699482334613506,73,2786473.7554416866,4.017216642754663e-05
2023,CA,NUC,nuclear,,17718.368,,185.18799,106.3,,5.999423874704488,10451.752102676724,32.645244227770924,0,,0.0
2023,CA,NG,natural gas,,94390.15321,,784.85706,5455.5,112.5,57.797342354795816,8315.031105562923,41.03412190144789,53,1191.8616102858637,0.04849333333333333
2023,MD,NUC,nuclear,,14983.751,,156.60645,92.2,,6.153332366508226,10451.752034587334,32.64524444044291,0,,0.0
2023,UT,WNT,onshore wind turbine,,683.468,,2.332,,,27.0,3412.010511099276,99.99969193825044,0,,0.0
2023,UT,NG,natural gas,,11834.24662,,94.23623,729.2,15.7,61.617779603109206,7963.010492002067,42.84811634276966,53,1326.6581730236073,0.04644585987261147
2023,AK,COW,all coal products,6.8,730.68146,0.12,14.93361,49.4,1.8,67.60812023340513,20437.921060704073,16.694457278045963,95,2463.4537736868265,0.027444444444444445
2023,TN,NUC,nuclear,,37937.437,,396.51268,233.3,,6.149598350568596,10451.751919877983,32.645244798728754,0,,0.0
2023,AL,NUC,nuclear,,45579.039,,476.38082,312.3,,6.851833800181702,10451.752174941643,32.64524400205701,0,,0.0
2023,AK,PET,petroleum,,885.27548,,8.75927,132.1,18.5,149.21908827747043,9894.400328358806,34.4841515076028,73,20897.449910168078,0.00714054054054054
2023,TN,PET,petroleum,,102.04408,,1.38991,28.5,48.5,279.29106715450814,13620.682356095525,25.050140006187444,73,475284.79849100515,0.0005876288659793814
2023,WA,WNT,onshore wind turbine,,7549.639,,25.75937,,,27.0,3412.000229414943,99.99999327623307,0,,0.0
2023,NE,COW,all coal products,4.83,17916.482,0.27,194.10765,244.9,18.7,13.66897809514167,10834.027014901698,31.49336802748372,95,1043.731687950793,0.01309625668449198
2023,VA,NUC,nuclear,,29662.935,,310.02964,182.6,,6.155830500252251,10451.751992848987,32.645244570809425,0,,0.0
2023,KS,TSN,estimated total solar,,210.13587,,,,,,,,0,,0.0
2023,IN,PET,petroleum,,96.71815,,1.19372,25.0,47.7,258.48302516125466,12342.254271819715,27.64486879670275,73,493185.6120076739,0.0005241090146750524
2023,IN,NG,natural gas,,34849.28217,,326.0886,807.3,47.9,23.16546998190293,9357.11095595287,36.46424645450347,53,1374.4902912587022,0.016853862212943632
2023,IN,COW,all coal products,8.77,40931.63016,2.85,464.96087,1387.6,58.3,33.90043334643479,11359.451558183431,30.03666138742385,95,1424.326365016682,0.023801029159519725
2023,WA,COW,all coal products,7.71,4162.60729,0.38,49.49928,182.2,4.7,43.77064356700341,11891.412413300222,28.692975076566775,95,1129.1000261521187,0.03876595744680851
2023,CA,TSN,estimated total solar,,68978.08598,,,,,,,,0,,0.0
2023,MI,TSN,estimated total solar,,1566.19885,,,,,47.09,,,0,,0.0
2023,AZ,WNT,onshore wind turbine,,1733.354,,5.91421,,,27.0,3412.003549188452,99.99989597934467,0,,0.0
2023,GA,TSN,estimated total solar,,8068.59236,,,,,46.27,,,0,,0.0
2023,AR,TSN,estimated total solar,,1194.03417,,,,,47.09,,,0,,0.0
2023,ME,COW,all coal products,6.66,43.20506,0.97,1.29501,7.0,0.1,162.01805992168508,29973.572539883055,11.383361110725016,95,2314.5437131669296,0.07
2023,KS,NUC,nuclear,,10301.865,,107.67254,66.5,,6.455141860235987,10451.752182735845,32.645243977712425,0,,0.0
2023,OR,PET,petroleum,,0.19502,,0.00199,0.0,21.6,0.0,10204.081632653062,33.437599999999996,73,110757870.98759101,0.0
2023,OH,NG,natural gas,,78704.77666,,597.48299,1262.2,75.9,16.037146073771734,7591.445085742271,44.945329399908104,53,964.3633235614598,0.01662977602108037
2023,FL,PET,petroleum,0.32,1202.44055,4.95,13.46578,106.5,128.8,88.5698673418823,11198.70749535185,30.467801765660806,73,107115.48275713091,0.0008268633540372669
2023,FL,COW,all coal products,8.76,11691.45238,2.8,127.88145,428.6,12.4,36.659260634990495,10938.029411877056,31.1939186805905,95,1060.6039007790064,0.03456451612903226
2023,VT,PET,petroleum,,2.61064,,0.05133,0.7,4.7,268.13348450954555,19661.84537124996,17.353406740697448,73,1800324.8245640916,0.00014893617021276596
2023,VT,NG,natural gas,,1.2637,,0.10321,0.0,0.7,0.0,81672.86539526786,4.17764208894487,53,553928.9388304186,0.0
2023,VA,NG,natural gas,,50604.69376,,410.20817,1240.6,34.5,24.51551245194216,8106.128888862975,42.09160805088793,53,681.7549408286351,0.03595942028985507
2023,OH,WNT,onshore wind turbine,,2819.321,,9.61959,,,,3412.023675204065,99.99930612427349,0,,0.0
2023,CT,PET,petroleum,,124.20381,0.3,1.69228,26.5,20.1,213.35899438189537,13625.024868399769,25.042156127827546,73,161830.78441796592,0.0013184079601990051
2023,OR,WNT,onshore wind turbine,,8953.566,,30.54957,,,27.0,3412.0003136180603,99.99999080838126,0,,0.0
2023,OR,NG,natural gas,,23384.81961,,181.12604,881.3,17.2,37.68684192129203,7745.453803823462,44.051647410455175,53,735.5198922571462,0.051238372093023246
2023,TN,WNT,onshore wind turbine,,16.213,,0.05532,,,,3412.0767285511624,99.99775126536515,0,,0.0
2023,TN,NG,natural gas,,15029.97376,,138.60248,291.3,20.7,19.381271361580872,9221.737989248491,36.999533102957464,53,1377.2479134388054,0.014072463768115943
2023,WV,NG,natural gas,,3679.6577,,40.84029,64.6,15.9,17.555980818541897,11098.937273431711,30.741681982179852,53,4321.054102396535,0.0040628930817610065
2023,CO,WNT,onshore wind turbine,,16091.081,,54.90276,,,27.0,3411.9994797117733,100.00001524877801,0,,0.0
2023,CO,PET,petroleum,,47.93543,,2.935,77.5,35.2,1616.7582099503438,61228.19801553883,5.572595814650766,73,734321.1482613175,0.0022017045454545453
2023,NM,COW,all coal products,19.41,7371.81332,0.85,73.7566,263.6,7.2,35.75782355812559,10005.218091985,34.10220515566064,95,976.6932079609417,0.03661111111111111
2023,LA,NUC,nuclear,,12211.457,,127.63112,73.4,,6.0107487583177015,10451.751989955006,32.64524457984855,0,,0.0
2023,CO,NG,natural gas,,17219.75981,,148.49167,549.6,27.4,31.916821492529287,8623.32992088349,39.567081757326854,53,1591.1952490817002,0.020058394160583942
2023,ME,WNT,onshore wind turbine,,2338.71,,7.97968,,,,3412.000632827499,99.99998145289034,0,,0.0
2023,AK,WNT,onshore wind turbine,,111.36886,,0.38004,,,,3412.4440171157357,99.98698829596884,0,,0.0
2023,DE,NG,natural gas,,4382.64005,,43.97482,57.9,4.4,13.211215007264856,10033.865318234382,34.00484152203466,53,1003.9610713638233,0.013159090909090908
2023,MI,NUC,nuclear,,27996.108,,292.60838,158.7,,5.668645084523892,10451.752079253301,32.64524430093219,0,,0.0
2023,WV,TSN,estimated total solar,,47.30431,,,,,,,,0,,0.0
2023,NC,NUC,nuclear,,42335.726,,442.54374,244.6,,5.777626206292057,10453.198322381433,32.640727696656604,0,,0.0
2023,IA,TSN,estimated total solar,,911.10882,,,,,47.09,,,0,,0.0
2023,AK,NG,natural gas,,3182.4071,,28.43803,224.7,22.9,70.60693146392238,8936.012617618908,38.1825781363899,53,7195.810994765566,0.009812227074235806
2023,SC,TSN,estimated total solar,,3351.29057,,,,,46.27,,,0,,0.0
2023,SC,NUC,nuclear,,55622.34,,581.35091,321.5,,5.780051684269306,10451.752119741815,32.645244174469426,0,,0.0
2023,SC,NG,natural gas,,23691.4439,,195.03298,746.2,18.1,31.49660287273584,8232.21162978589,41.44694224884427,53,763.988893053496,0.04122651933701657
2023,CO,TSN,estimated total solar,,5319.19833,,,,,28.528,,,0,,0.0
2023,NY,PET,petroleum,,413.01517,0.36,5.0128,68.8,93.3,166.57983773332103,12137.084456244065,28.112187999521225,73,225899.6927400996,0.0007374062165058949
2023,NY,NUC,nuclear,,27524.923,,287.68367,185.2,,6.7284475237224095,10451.752035782261,32.64524443671064,0,,0.0
2023,OK,WNT,onshore wind turbine,,37012.334,,126.28608,,,,3411.999902518982,100.0000028570053,0,,0.0
2023,OK,NG,natural gas,,45212.91499,,382.27799,1096.6,44.8,24.25413181703815,8455.061791184016,40.354524712730644,53,990.8673220894667,0.02447767857142857
2023,IA,WNT,onshore wind turbine,,41439.49501,,141.39176,,,33.0,3412.0048993328696,99.9998564089732,0,,0.0
2023,NH,NUC,nuclear,,9534.781,,99.65517,58.6,,6.145919869580644,10451.752379000629,32.64524336469448,0,,0.0
2023,MI,WNT,onshore wind turbine,,8292.415,,28.29372,,,33.0,3412.000002411842,99.99999992931295,0,,0.0
2023,AR,COW,all coal products,4.7,16844.43645,0.22,178.45679,387.6,17.3,23.01056501062106,10594.405489890996,32.20567688536816,95,1027.0453423213219,0.022404624277456646
2023,KS,COW,all coal products,5.22,16290.68363,0.28,182.05702,308.7,17.7,18.949481004683904,11175.529777322183,30.530991084859018,95,1086.5105726689508,0.017440677966101693
2023,MO,NUC,nuclear,,9179.744,,95.94441,67.5,,7.353146231528896,10451.752249300198,32.64524376980379,0,,0.0
2023,IN,TSN,estimated total solar,,2203.21296,,,,,47.09,,,0,,0.0
2022,TN,TSN,estimated total solar,,751.55145,,,,,39.548,,,0,,0.0
2022,TN,COW,all coal products,8.04,15885.53977,1.74,190.96541,618.3,19.6,38.92219017748869,12021.335929713894,28.38286875892341,95,1233.826504089889,0.03154591836734693
2022,UT,NG,natural gas,,11107.08691,,89.05552,685.4,15.1,61.70834941274444,8017.900708044428,42.55477991360895,53,1359.4923783665613,0.045390728476821185
2022,OH,PET,petroleum,,1272.60495,,23.32457,141.8,70.4,111.42499485013003,18328.209394439335,18.616112062944783,73,55319.60252079799,0.002014204545454545
2022,PA,TSN,estimated total solar,,1046.53604,,,,,48.086,,,0,,0.0
2022,OK,PET,petroleum,,28.5796,,0.33069,7.6,36.4,265.9239457515151,11570.840739548488,29.48791774773958,73,1273635.7401783091,0.00020879120879120877
2022,NH,PET,petroleum,,445.35174,0.48,4.34367,79.6,10.3,178.73512742983783,9753.346871396529,34.98286326723715,73,23127.786589539315,0.007728155339805826
2022,NH,NG,natural gas,,4501.92276,,33.47054,291.2,3.2,64.6834731567007,7434.721070158918,45.892777520530004,53,710.8073973263814,0.09099999999999998
2022,UT,WNT,onshore wind turbine,,723.439,,2.46838,,,29.55555555555556,3412.0084761811295,99.99975157795801,0,,0.0
2022,WY,NG,natural gas,,1661.25445,,22.96939,86.2,8.9,51.88849907971654,13826.533316434457,24.67719074559664,53,5357.397236768877,0.009685393258426966
2022,WI,WNT,onshore wind turbine,,1815.722,,6.19525,,,27.0,3412.0035996699935,99.99989449981841,0,,0.0
2022,AK,TSN,estimated total solar,,15.71979,,,,,,,,0,,0.0
2022,KS,NUC,nuclear,,8981.959,,93.84009,59.3,,6.602123211651267,10447.619500378481,32.658157199124595,0,,0.0
2022,MA,PET,petroleum,,756.06189,0.3,7.31517,137.8,36.5,182.26021152845044,9675.358719641326,35.26484235745716,73,48276.471123283314,0.003775342465753425
2022,MA,NG,natural gas,,15775.96667,,133.50796,1397.9,22.8,88.60946712433692,8462.743538491515,40.31789436228371,53,1445.2363190749566,0.06131140350877193
2022,NE,WNT,onshore wind turbine,,12614.061,,43.03918,,,29.0,3412.000306641929,99.99999101283994,0,,0.0
2022,NE,NG,natural gas,,1260.18185,,13.41907,112.3,10.3,89.11412269586332,10648.51870386802,32.0420153721532,53,8173.423542007054,0.010902912621359223
2022,IL,TSN,estimated total solar,,2794.9352,,,,,53.078,,,0,,0.0
2022,GA,COW,all coal products,7.06,16778.38303,1.36,179.98955,676.3,17.3,40.30781743334655,10727.46698404584,31.806203692581043,95,1031.088631667744,0.03909248554913295
2022,IL,WNT,onshore wind turbine,,23493.80554,,80.16085,,,27.0,3411.999382710477,100.00001809172434,0,,0.0
2022,IL,NUC,nuclear,,98869.581,,1032.95171,641.0,,6.483288323028293,10447.618969883164,32.65815885739712,0,,0.0
2022,IA,COW,all coal products,4.92,18172.12614,0.31,226.117,332.3,21.8,18.28624770926227,12443.067930410041,27.420890242520464,95,1199.6394825817558,0.015243119266055047
2022,CT,TSN,estimated total solar,,1470.31565,,,,,62.06,,,0,,0.0
2022,CA,WNT,onshore wind turbine,,14638.061,,49.94505,,,,3411.999034571587,100.00002829509631,0,,0.0
2022,DE,TSN,estimated total solar,,221.93297,,,,,48.086,,,0,,0.0
2022,NM,TSN,estimated total solar,,2566.43969,,,,,28.675625,,,0,,0.0
2022,NC,WNT,onshore wind turbine,,546.755,,1.86553,,,,3412.0035482071494,99.99989600810494,0,,0.0
2022,NC,TSN,estimated total solar,,11858.41022,,,,,39.548,,,0,,0.0
2022,NC,PET,petroleum,,277.75199,,3.77869,74.2,62.0,267.1448006547136,13604.546991724525,25.079850156535727,73,223220.7229190329,0.0011967741935483872
2022,ME,WNT,onshore wind turbine,,2716.384,,9.26829,,,,3411.99550579005,100.00013171793287,0,,0.0
2022,MD,WNT,onshore wind turbine,,497.608,,1.69784,,,,3412.003022459446,99.99991141685906,0,,0.0
2022,MD,TSN,estimated total solar,,1996.37016,,,,,48.086,,,0,,0.0
2022,MD,PET,petroleum,,142.8643,,1.92654,48.4,28.3,338.7830269703488,13485.104396269748,25.301991736480943,73,198090.0756872081,0.0017102473498233216
2022,MD,COW,all coal products,12.38,4639.31405,2.27,52.48991,163.7,5.9,35.285388795785444,11314.153220560698,30.1569188032519,95,1271.7397305750405,0.027745762711864404
2022,ND,WNT,onshore wind turbine,,16249.888,,55.44463,,,28.0,3412.0007473282276,99.9999780970673,0,,0.0
2022,ND,COW,all coal products,9.79,24831.18527,0.73,288.99473,474.1,35.4,19.09292669056711,11638.378388209736,29.31679900918609,95,1425.6266712636063,0.013392655367231637
2022,NY,WNT,onshore wind turbine,,4567.508,,15.58434,,,,3412.0005920077206,99.99998264924919,0,,0.0
2022,OH,NG,natural gas,,68864.96911,,524.31167,3075.4,74.5,44.65840963476765,7613.619475563866,44.81442776265499,53,1081.8272477694575,0.041280536912751686
2022,DE,COW,all coal products,7.45,104.74978,2.17,1.84569,5.8,0.2,55.37004469126332,17619.989273485826,19.36437047174769,95,1909.3118859056315,0.029
2022,CO,NG,natural gas,,15445.52673,,142.28214,955.5,27.4,61.86257139059705,9211.86713067182,37.03917948012309,53,1773.9764061772466,0.03487226277372263
2022,MO,NUC,nuclear,,8874.76949,,92.72021,64.6,,7.279062298214124,10447.618961199634,32.65815888454092,0,,0.0
2022,IA,WNT,onshore wind turbine,,45761.36955,,156.1378,,,28.0,3412.000155052177,99.99999545568083,0,,0.0
2022,MT,WNT,onshore wind turbine,,4021.86,,13.72259,,,28.51851851851852,3412.0009149995276,99.99997318290498,0,,0.0
2022,VA,TSN,estimated total solar,,5015.07162,,,,,48.086,,,0,,0.0
2022,NE,NUC,nuclear,,5618.504,,58.69999,37.7,,6.7099711951793575,10447.619152713962,32.65815828588727,0,,0.0
2022,NH,NUC,nuclear,,10921.528,,114.10396,67.1,,6.143828958731781,10447.618684858016,32.6581597483558,0,,0.0
2022,MT,PET,petroleum,,464.87867,,7.47191,41.4,12.1,89.05549484556906,16072.817451486857,21.228387681864476,73,26028.296802690475,0.003421487603305785
2022,MT,COW,all coal products,9.12,11651.07251,0.7,128.26228,269.5,12.6,23.13091775617145,11008.624303892519,30.99388175862771,95,1081.4455054833402,0.021388888888888895
2022,MA,TSN,estimated total solar,,5353.15349,,,,,62.06,,,0,,0.0
2022,WV,TSN,estimated total solar,,33.2145,,,,,48.086,,,0,,0.0
2022,ME,PET,petroleum,,274.26939,0.45,3.71228,68.6,11.6,250.11905265841003,13535.159720156887,25.20842066546704,73,42294.18383145126,0.005913793103448276
2022,MD,NG,natural gas,,13949.64162,,106.62797,833.7,16.4,59.76497624173373,7643.7784499871605,44.63760981986247,53,1175.657443162328,0.05083536585365855
2022,NM,COW,all coal products,20.47,13291.99638,0.79,136.55173,399.8,13.2,30.07825074355008,10273.22955078927,33.21253538754873,95,993.0788139441247,0.030287878787878787
2022,NJ,NG,natural gas,,33394.32334,,269.05927,1813.6,39.8,54.30863148610813,8057.036139364397,42.3480786356404,53,1191.819327937309,0.0455678391959799
2022,CT,PET,petroleum,,314.36881,0.28,4.01405,79.8,20.8,253.84197624439904,12768.601312579323,26.721799173403422,73,66164.32463513159,0.0038365384615384607
2022,LA,COW,all coal products,4.95,8172.86284,0.37,91.93676,244.2,9.3,29.879370886395545,11249.027641824465,30.331510497085173,95,1137.9121590642037,0.026258064516129033
2022,MI,NG,natural gas,,41183.78402,,367.39778,2203.4,57.2,53.50164032838671,8920.933050289439,38.247120349023334,53,1388.8961726348914,0.03852097902097903
2022,FL,PET,petroleum,0.28,1319.16485,4.54,15.5539,198.0,127.4,150.0949634914848,11790.717437627301,28.93801855611775,73,96576.25428694527,0.001554160125588697
2022,FL,COW,all coal products,8.51,15531.57239,2.68,169.69883,608.2,16.5,39.15894570929531,10926.056019238631,31.22810274807433,95,1062.3521936918328,0.03686060606060606
2022,LA,PET,petroleum,0.52,3106.6338,5.67,35.16372,185.7,76.0,59.77531049845656,11318.913738722598,30.144235381239533,73,24463.77812537802,0.002443421052631579
2022,TX,TSN,estimated total solar,,25437.07827,,,,,43.7,,,0,,0.0
2022,NM,WNT,onshore wind turbine,,14434.55068,,49.2507,,,29.27777777777778,3412.000906148053,99.99997344232672,0,,0.0
2022,NM,PET,petroleum,,18.92466,,0.21445,6.8,17.7,359.3195333496084,11331.775577474047,30.1100209466076,73,935287.6088658924,0.000384180790960452
2022,SD,TSN,estimated total solar,,4.34446,,,,,43.7,,,0,,0.0
2022,SD,NG,natural gas,,1424.3383,,15.29937,57.3,5.1,40.22920678324806,10741.387772834587,31.764982999953588,53,3580.610027828361,0.01123529411764706
2022,TX,PET,petroleum,,373.50556,,5.26079,82.4,317.1,220.6125124348885,14084.90411762545,24.224517053902552,73,848983.3457900868,0.00025985493535162407
2022,TX,NG,natural gas,,256140.17982,,2324.03563,11969.3,259.6,46.72949011127933,9073.295847739286,37.60485778549961,53,1013.5075261617736,0.04610670261941448
2022,TX,COW,all coal products,8.42,85336.95279,0.53,926.22913,2128.5,89.3,24.94230143461864,10853.787248289676,31.43603169978901,95,1046.439989716441,0.02383538633818589
2022,WA,TSN,estimated total solar,,476.50139,,,,,28.02125,,,0,,0.0
2022,WI,NG,natural gas,,23276.42845,,201.51365,1047.8,32.6,45.01549721215928,8657.412817128308,39.41131227160046,53,1400.5585122317166,0.03214110429447853
2022,VT,WNT,onshore wind turbine,,409.185,,1.39614,,,,3412.001906228234,99.99994413167734,0,,0.0
2022,VA,PET,petroleum,,651.86699,0.23,9.23575,126.4,55.0,193.90458780555832,14168.15108247773,24.0821824960615,73,84373.04057995022,0.002298181818181818
2022,VA,NUC,nuclear,,28197.337,,294.59503,168.7,,5.982834478305522,10447.618865568758,32.65815918347299,0,,0.0
2022,MO,TSN,estimated total solar,,680.75981,,,,,43.7,,,0,,0.0
2022,NV,PET,petroleum,,9.10575,,0.11115,3.0,21.1,329.4621530351701,12206.57276995305,27.95215384615385,73,2317217.1430140296,0.00014218009478672987
2022,MS,COW,all coal products,10.62,5651.36728,0.48,64.18003,253.4,6.3,44.83870671382023,11356.549100450608,30.04433802751417,95,1114.7744763104479,0.040222222222222215
2022,WI,PET,petroleum,0.4,175.11527,5.86,2.37754,18.0,35.9,102.78943692346188,13576.999881278198,25.130736022948092,73,205007.8214195712,0.0005013927576601671
2022,WI,COW,all coal products,5.12,21922.94807,0.4,228.62892,542.9,22.3,24.764005199780595,10428.748874010356,32.71725152480272,95,1017.1989610519568,0.024345291479820626
2022,CA,TSN,estimated total solar,,62909.92353,,,,,27.3175,,,0,,0.0
2022,FL,TSN,estimated total solar,,13884.58416,,,,,31.01,,,0,,0.0
2022,KY,COW,all coal products,8.85,47053.32664,2.51,502.52881,1194.1,50.1,25.37758932829409,10679.9847297683,31.947611221669064,95,1064.7493722029426,0.023834331337325352
2022,IL,NG,natural gas,,19789.29049,,176.08612,1025.3,59.4,51.81085196147424,8898.051200419768,38.34547501636131,53,3001.6235311728956,0.01726094276094276
2022,AL,PET,petroleum,,40.91709,,0.71551,11.0,39.8,268.83632242664373,17486.825187226164,19.511832270688046,73,972698.6938709472,0.00027638190954773874
2022,ID,WNT,onshore wind turbine,,2441.688,,8.33103,,,29.55555555555556,3411.9961272693317,100.00011350337232,0,,0.0
2022,MI,TSN,estimated total solar,,1105.07436,,,,,53.078,,,0,,0.0
2022,NJ,NUC,nuclear,,28318.8,,295.86403,179.2,,6.327951749367911,10447.618896280916,32.65815908747001,0,,0.0
2022,VA,COW,all coal products,16.73,3346.07301,1.52,38.5527,110.8,6.4,33.11344363044846,11521.77489396742,29.613492985238395,95,1912.6898847912466,0.0173125
2022,AK,WNT,onshore wind turbine,,139.276,,0.47521,,,,3412.002067836526,99.99993939521475,0,,0.0
2022,NC,NG,natural gas,,58131.39645,,489.05511,3494.4,39.3,60.11209455471459,8412.925542235103,40.55664088396909,53,676.0546348444034,0.08891603053435115
2022,AR,TSN,estimated total solar,,966.73478,,,,,43.7,,,0,,0.0
2022,OR,WNT,onshore wind turbine,,8149.18841,,27.80503,,,29.55555555555556,3411.9998950913937,100.00000307469547,0,,0.0
2022,OR,NG,natural gas,,19054.76026,,147.43982,797.2,15.6,41.83731461966975,7737.689584555289,44.095850094716596,53,818.6930607963473,0.051102564102564106
2022,WA,PET,petroleum,,43.723,,1.48453,6.3,50.8,144.0889234499005,33953.068179219175,10.049165459775148,73,1161859.8906753883,0.00012401574803149606
2022,WA,NG,natural gas,,14532.32189,,121.99845,700.3,20.0,48.18913352599844,8394.973007303792,40.64337070567699,53,1376.2425682135784,0.035015
2022,NC,NUC,nuclear,,42644.282,,445.53121,249.5,,5.850725778429099,10447.618979726285,32.65815882662856,0,,0.0
2022,ME,TSN,estimated total solar,,768.03807,,,,,62.06,,,0,,0.0
2022,KS,TSN,estimated total solar,,161.27242,,,,,29.33,,,0,,0.0
2022,NC,COW,all coal products,9.04,14673.74341,1.8,161.93508,539.9,15.6,36.79361052695415,11035.703397242383,30.9178298580641,95,1063.123401038127,0.03460897435897436
2022,ND,TSN,estimated total solar,,1.71878,,,,,43.7,,,0,,0.0
2022,PA,NUC,nuclear,,76166.017,,795.75352,503.0,,6.603995059896594,10447.61891645194,32.65815902441751,0,,0.0
2022,IN,WNT,onshore wind turbine,,9985.205,,34.06953,,,27.0,3412.0010555617037,99.99996906326561,0,,0.0
2022,LA,NUC,nuclear,,16164.721,,168.88284,92.5,,5.722338170884608,10447.618613398896,32.65815997172951,0,,0.0
2022,ID,COW,all coal products,,6.26699,,0.45803,0.0,0.2,0.0,73086.12268409555,4.668464921511692,95,31913.24702927562,0.0
2022,MN,PET,petroleum,,-61.47689,,0.85498,14.5,38.5,,-13907.33981501016,-24.53380765398021,73,-626251.5881984271,0.0
2022,MS,TSN,estimated total solar,,525.92121,,,,,44.54,,,0,,0.0
2022,MS,NG,natural gas,,51719.17121,,397.67245,2497.5,32.4,48.289636929006,7689.072363230548,44.37466366315292,53,626.4601547546724,0.07708333333333334
2022,NE,COW,all coal products,4.89,19945.26948,0.26,220.61637,266.2,21.4,13.346523107493256,11061.087453404516,30.846876623779096,95,1072.9361175821025,0.012439252336448598
2022,OK,WNT,onshore wind turbine,,37552.755,,128.13,,,29.0,3411.999998402248,100.00000004682744,0,,0.0
2022,OK,NG,natural gas,,36022.92097,,309.79243,2230.9,40.2,61.9300140001945,8599.869795622517,39.67501928618463,53,1115.9561445191712,0.055495024875621884
2022,SD,COW,all coal products,5.18,1874.80217,0.33,20.55732,42.7,2.4,22.775736386095605,10965.060916267235,31.117018191281744,95,1280.135066197411,0.017791666666666667
2022,SC,TSN,estimated total solar,,2941.99521,,,,,31.01,,,0,,0.0
2022,SC,NUC,nuclear,,54369.751,,568.09624,325.2,,5.981267046818,10448.755595735578,32.65460627093747,0,,0.0
2022,PA,PET,petroleum,,312.6673,1.42,3.60616,83.5,71.4,267.0570283493029,11533.537405414638,29.58329157885396,73,228357.74639688898,0.001169467787114846
2022,OR,TSN,estimated total solar,,2012.52449,,,,,28.02125,,,0,,0.0
2022,OH,TSN,estimated total solar,,1246.67228,,,,,48.086,,,0,,0.0
2022,UT,TSN,estimated total solar,,4628.93709,,,,,28.02125,,,0,,0.0
2022,UT,PET,petroleum,,31.03924,,0.32152,9.2,22.3,296.39900976956915,10358.50104577303,32.93912878825578,73,718445.4258544991,0.0004125560538116592
2022,TN,NUC,nuclear,,35635.4,,372.65045,218.8,,6.139961947950633,10457.310707891591,32.62789158043416,0,,0.0
2022,AL,COW,all coal products,6.55,25943.99013,0.43,264.51125,743.9,28.5,28.67330723888153,10195.47296597742,33.465833428090484,95,1098.5203069070085,0.026101754385964914
2022,ME,COW,all coal products,6.97,42.44227,0.94,1.26928,5.8,0.1,136.65621560769486,29906.034714919813,11.409068545947312,95,2356.141648408532,0.058
2022,SC,COW,all coal products,9.24,14243.46192,2.0,149.27133,525.5,14.5,36.89412047095921,10479.989404149015,32.55728482558573,95,1018.010935925611,0.03624137931034482
2022,MD,NUC,nuclear,,14810.684,,154.73638,90.9,,6.137461308336603,10447.618759538722,32.65815951491175,0,,0.0
2022,TN,PET,petroleum,,146.61361,,2.20465,56.9,48.8,388.0949387986559,15037.14423238061,22.69047863923979,73,332847.68037564866,0.001165983606557377
2022,MN,WNT,onshore wind turbine,,15091.227,,51.49124,,,28.0,3411.9982424225677,100.00005151167461,0,,0.0
2022,MN,TSN,estimated total solar,,2144.36494,,,,,43.7,,,0,,0.0
2022,ND,NG,natural gas,,1453.35858,,16.35288,44.8,10.3,30.82515259241804,11251.786190301362,30.324074260680696,53,7087.0328504889685,0.004349514563106796
2022,HI,WNT,onshore wind turbine,,625.42187,,2.13394,,,,3412.0009266705047,99.99997284084839,0,,0.0
2022,VT,PET,petroleum,,5.26506,,0.10472,1.4,4.8,265.90390232969804,19889.611894261416,17.154683651642475,73,911670.5222732504,0.0002916666666666667
2022,VT,NG,natural gas,,1.49874,,0.09495,0.1,0.7,66.72271374621349,63353.216702029706,5.385677598736177,53,467058.9962234944,0.00014285714285714287
2022,VA,NG,natural gas,,48801.98702,,393.07743,2601.8,35.0,53.31340297545122,8054.537407235268,42.36121613806216,53,717.1839127299534,0.07433714285714285
2022,MT,NG,natural gas,,728.75784,,8.58504,33.4,4.9,45.83141088403248,11780.374122630365,28.96342649632384,53,6723.76986023231,0.006816326530612245
2022,GA,TSN,estimated total solar,,7331.77903,,,,,31.01,,,0,,0.0
2022,RI,PET,petroleum,,60.05078,,0.64758,12.0,5.2,199.8308764682157,10783.87324860726,31.639837759041363,73,86593.37980289347,0.002307692307692308
2022,DC,TSN,estimated total solar,,198.1141,,,,,48.086,,,0,,0.0
2022,RI,NG,natural gas,,6963.77276,,54.82586,434.2,4.9,62.3512591470604,7873.011065915367,43.33792968704914,53,703.6415702915614,0.08861224489795919
2022,HI,TSN,estimated total solar,,1881.68869,,,,,,,,0,,0.0
2022,HI,COW,all coal products,7.58,647.75791,0.21,7.6795,29.5,0.7,45.54170554243019,11855.509414003142,28.779868336740677,95,1080.650639989869,0.04214285714285714
2022,NY,NUC,nuclear,,26812.164,,280.12327,177.1,,6.605210978121721,10447.618849414766,32.65815923396867,0,,0.0
2022,CT,NUC,nuclear,,16464.167,,172.01134,101.1,,6.140608267639656,10447.618758969098,32.65815951669233,0,,0.0
2022,CT,NG,natural gas,,24530.68681,,181.70682,1509.7,16.2,61.543323743571946,7407.327051516826,46.06249968807995,53,660.3973270489935,0.09319135802469136
2022,DE,NG,natural gas,,4749.64478,,45.73557,215.0,4.7,45.266543069774585,9629.261159189258,35.43366353444375,53,989.5476857113514,0.045744680851063826
2022,AR,COW,all coal products,4.74,20360.86942,0.22,210.02669,486.8,20.3,23.90860576522474,10315.212266608605,33.07736100637494,95,997.0104704890348,0.023980295566502465
2022,WY,TSN,estimated total solar,,208.87296,,,,,28.02125,,,0,,0.0
2022,WY,PET,petroleum,,53.03027,,0.57641,14.2,10.0,267.77159535487937,10869.452484401832,31.39072556687081,73,188571.54602456294,0.00142
2022,CA,COW,all coal products,8.52,251.5649,0.42,12.68828,0.0,2.9,0.0,50437.402038201675,6.764821069522426,95,11527.840330666162,0.0
2022,WA,COW,all coal products,8.28,3565.97183,0.39,42.20367,130.0,4.0,36.4557002123037,11835.110318299963,28.829473559906045,95,1121.7138526862675,0.0325
2022,WA,WNT,onshore wind turbine,,8060.912,,27.50383,,,29.55555555555556,3411.9997836473094,100.00000634093507,0,,0.0
2022,NE,PET,petroleum,,35.10891,,0.47292,11.1,16.5,316.1590604778103,13470.084944249194,25.33020403450901,73,469966.1709805288,0.0006727272727272728
2022,IA,TSN,estimated total solar,,693.46297,,,,,43.7,,,0,,0.0
2022,FL,NUC,nuclear,,30768.329,,321.45578,155.6,,5.057148212371234,10447.61904359512,32.65815862698129,0,,0.0
2022,OK,COW,all coal products,5.13,8954.03136,0.26,103.53176,265.1,10.2,29.60677591372653,11562.586262820501,29.508969035511427,95,1139.151694907622,0.025990196078431376
2022,WY,COW,all coal products,7.0,33517.8958,0.41,385.02786,594.0,37.4,17.72187620441257,11487.23244136346,29.702541647142098,95,1115.8218350926434,0.01588235294117647
2022,OR,PET,petroleum,,1.6679,,0.01648,0.3,21.6,179.86689849511362,9880.68829066491,34.53200728155339,73,12950416.691648182,1.3888888888888888e-05
2022,OH,COW,all coal products,9.24,42992.71249,3.65,446.94354,1258.2,51.4,29.265424932019688,10395.797662312143,32.82095430127035,95,1195.551455655549,0.024478599221789885
2022,CO,TSN,estimated total solar,,3771.73947,,,,,28.02125,,,0,,0.0
2022,MO,WNT,onshore wind turbine,,7524.605,,25.67395,,,28.0,3411.9996996520085,100.00000880269688,0,,0.0
2022,AZ,NUC,nuclear,,31942.793,,333.72613,220.3,,6.896704367711364,10447.61896681984,32.65815886697275,0,,0.0
2022,AZ,NG,natural gas,,45053.24482,,350.62444,2939.2,24.7,65.23836433408749,7782.445890431206,43.84225792299019,53,548.2402010928012,0.11899595141700404
2022,MS,NUC,nuclear,,8600.33,,89.85297,55.8,,6.488123130158959,10447.618870438693,32.65815916825009,0,,0.0
2022,CO,WNT,onshore wind turbine,,16911.126,,57.70075,,,29.55555555555556,3411.9992956116585,100.00002064444568,0,,0.0
2022,CO,PET,petroleum,,27.20574,,0.37589,10.0,36.7,367.5694908500927,13816.569591564135,24.694986533294312,73,1348980.0314198402,0.00027247956403269756
2022,VT,TSN,estimated total solar,,413.50692,,,,,62.06,,,0,,0.0
2022,TN,WNT,onshore wind turbine,,14.865,,0.05072,,,,3412.041708711739,99.99877760252366,0,,0.0
2022,DC,NG,natural gas,,80.27208,,1.20223,0.0,1.6,0.0,14976.938432391436,22.78169210217679,53,19932.210551912944,0.0
2022,TN,NG,natural gas,,16520.81238,,159.15619,722.1,22.9,43.708504363512425,9633.678195672363,35.417417217991954,53,1386.130383498732,0.03153275109170306
2021,HI,WNT,onshore wind turbine,0.0,657.891,0.0,5.81839,,,,8844.003033937233,38.579814897248205,0,,0.0
2021,MD,PET,petroleum,0.0,72.66898,0.0,1.1622,17.8,29.9,244.94633060764025,15993.06884450559,21.33424193426261,73,411454.79130159796,0.0005953177257525084
2021,MD,NUC,nuclear,0.0,14993.633,0.0,156.37029,114.1,,7.6098968142010674,10429.11281075107,32.71610981600149,0,,0.0
2021,SC,TSN,estimated total solar,,2707.4398,,,,,27.045,,,0,,0.0
2021,SC,PET,petroleum,0.0,86.1746,1.2,1.22253,13.8,35.2,160.13999484766975,14186.662891385631,24.050758279960405,73,408473.0303360851,0.0003920454545454546
2021,SC,NUC,nuclear,0.0,53771.428,0.0,560.84102,564.1,,10.49070149299364,10430.093468970175,32.713033782015444,0,,0.0
2021,WI,COW,all coal products,4.96,27441.58672,0.37,282.65966,567.9,27.5,20.694867457722577,10300.41239539519,33.12488732514572,95,1002.1286407595895,0.02065090909090909
2021,NV,WNT,onshore wind turbine,0.0,339.944,0.0,3.00647,,,29.666666666666668,8844.015484903395,38.57976058300932,0,,0.0
2021,NV,TSN,estimated total solar,,7655.79907,,,,,20.53,,,0,,0.0
2021,IL,WNT,onshore wind turbine,0.0,19133.08783,0.0,169.21303,,,22.666666666666664,8844.00006436389,38.579827851294915,0,,0.0
2021,IL,NUC,nuclear,0.0,96994.458,0.0,1011.56616,667.5,,6.881836485956755,10429.112970557555,32.716109314688815,0,,0.0
2021,WA,TSN,estimated total solar,,358.59672,,,,,20.53,,,0,,0.0
2021,GA,NG,natural gas,0.0,56673.11501,0.0,444.05863,1762.6,40.6,31.10116674703673,7835.437136667812,43.54575169817553,53,716.3890672470732,0.04341379310344828
2021,FL,NUC,nuclear,0.0,29514.894,0.0,307.81417,168.1,,5.695429568542581,10429.11317926468,32.71610865997495,0,,0.0
2021,NH,COW,all coal products,7.6,284.16345,2.88,3.25858,13.0,0.3,45.7483184413759,11467.273500515284,29.754239312829515,95,1055.7304255702131,0.043333333333333335
2021,IL,PET,petroleum,0.0,53.97006,0.0,0.65884,11.3,76.2,209.37534625679496,12207.509126356354,27.950009823325843,73,1411893.9278555554,0.00014829396325459317
2021,IL,NG,natural gas,0.0,20664.59802,0.0,203.18897,738.0,57.0,35.71325216613142,9832.708567732401,34.70050979846002,53,2758.3406144573046,0.012947368421052633
2021,DE,WNT,onshore wind turbine,0.0,4.849,0.0,0.04288,,,18.0,8843.060424829862,38.58392723880597,0,,0.0
2021,OK,WNT,onshore wind turbine,0.0,32540.31215,0.0,287.78653,,,17.0,8844.00028719454,38.5798268792497,0,,0.0
2021,AR,NG,natural gas,0.0,20629.13354,0.0,165.20441,1072.9,18.8,52.00897061040597,8008.305810792672,42.60576557156071,53,911.3325076667278,0.05706914893617021
2021,MN,PET,petroleum,0.0,105.13068,0.0,1.33679,18.7,38.0,177.87386136948797,12715.507975407369,26.833375486052415,73,361454.9054567135,0.0004921052631578947
2021,NJ,PET,petroleum,0.0,36.98351,0.0,0.42193,3.4,50.8,91.93286413323126,11408.598048157139,29.907268058682718,73,1373585.14646122,6.692913385826771e-05
2021,NJ,NG,natural gas,0.0,29542.81514,0.0,237.35384,829.3,36.7,28.0711230825513,8034.232312499925,42.468276585573676,53,1242.2648222954692,0.022596730245231608
2021,HI,TSN,estimated total solar,,1758.03099,,,,,,,,0,,0.0
2021,CT,PET,petroleum,0.0,45.94954,0.3,1.03783,9.4,19.8,204.57223293203805,22586.29792594224,15.106504001618761,73,430907.4693674844,0.00047474747474747476
2021,CT,NUC,nuclear,0.0,17216.509,0.0,179.55292,131.1,,7.614784158623563,10429.113126244118,32.71610882630035,0,,0.0
2021,CO,WNT,onshore wind turbine,0.0,15125.697,0.0,133.77166,,,29.666666666666668,8843.999717831184,38.57982936296074,0,,0.0
2021,CO,PET,petroleum,0.0,27.80917,0.0,0.36978,7.0,34.0,251.7155312438307,13297.052734763387,25.65982152631295,73,1222618.294612892,0.00020588235294117648
2021,CT,COW,all coal products,0.0,244.64713,0.0,2.87962,11.5,0.3,47.00647826933429,11770.503909038296,28.98771391919767,95,1226.2559548521988,0.03833333333333334
2021,LA,NUC,nuclear,0.0,17248.674,0.0,179.88837,96.3,,5.583037861345168,10429.112985728641,32.716109267097146,0,,0.0
2021,LA,COW,all coal products,6.06,7872.9514,0.53,91.48142,468.5,9.2,59.50754376560739,11619.711001899492,29.363897255639447,95,1168.5579565498142,0.050923913043478264
2021,RI,WNT,onshore wind turbine,0.0,87.952,0.0,0.77784,,,,8843.914862652357,38.58019952689499,0,,0.0
2021,MT,COW,all coal products,9.17,10876.45398,0.65,120.12108,273.7,11.8,25.164451622126936,11044.139957828425,30.894211890002985,95,1084.9124192221332,0.023194915254237287
2021,IA,WNT,onshore wind turbine,0.0,37098.274,0.0,328.09712,,,22.166666666666664,8843.99958876793,38.57982992596826,0,,0.0
2021,NJ,NUC,nuclear,0.0,28142.099,0.0,293.49713,203.1,,7.216945686958176,10429.112981231428,32.71610928120489,0,,0.0
2021,TX,COW,all coal products,8.18,88818.13948,0.51,962.42605,2081.8,92.8,23.438905748175216,10835.917703688427,31.487872954577657,95,1044.8316137144104,0.02243318965517242
2021,WA,NUC,nuclear,0.0,8511.288,0.0,88.76519,54.3,,6.379762968894955,10429.113666462703,32.71610713163572,0,,0.0
2021,AZ,WNT,onshore wind turbine,0.0,1600.319,0.0,14.15322,,,29.666666666666668,8843.999227653987,38.579831501241415,0,,0.0
2021,CO,TSN,estimated total solar,,2786.11122,,,,,20.53,,,0,,0.0
2021,CO,COW,all coal products,6.19,23602.04163,0.32,248.96744,398.7,24.2,16.892606421523375,10548.555243777866,32.34566176266262,95,1025.3350273410224,0.01647520661157025
2021,OK,NG,natural gas,0.0,33857.23754,0.0,285.84346,3385.2,38.8,99.98453051583488,8442.610229564523,40.414041477975395,53,1145.9883563790597,0.08724742268041237
2021,WY,TSN,estimated total solar,,196.89137,,,,,20.53,,,0,,0.0
2021,WY,NG,natural gas,0.0,1500.7007,0.0,20.00416,48.8,8.3,32.51814302478835,13329.87983546619,25.596629842992662,53,5530.749735773429,0.005879518072289156
2021,OH,NG,natural gas,0.0,56380.78218,0.0,431.29116,1516.1,67.8,26.890368337915813,7649.612923479311,44.60356405129194,53,1202.5374139639152,0.022361356932153395
2021,ND,TSN,estimated total solar,,1.22855,,,,,29.088,,,0,,0.0
2021,PA,COW,all coal products,18.03,29297.30847,2.7,322.81746,923.5,45.9,31.521666945810058,11018.67293818339,30.965616450745877,95,1566.6968195047987,0.020119825708061003
2021,MI,WNT,onshore wind turbine,0.0,7696.887,0.0,68.07127,,,22.666666666666664,8844.000178253884,38.57982735447715,0,,0.0
2021,MI,COW,all coal products,5.09,37053.90287,0.56,392.29827,804.1,41.6,21.70081793599736,10587.23210281897,32.22749786595796,95,1122.6887528136926,0.01932932692307692
2021,ID,TSN,estimated total solar,,684.10626,,,,,20.53,,,0,,0.0
2021,ID,NG,natural gas,0.0,4935.45448,0.0,46.10791,160.7,7.1,32.5603246167514,9342.181188549834,36.522520074668314,53,1438.5706582385499,0.022633802816901406
2021,CT,WNT,onshore wind turbine,0.0,12.758,0.0,0.11283,,,,8843.862674400376,38.58042719134982,0,,0.0
2021,KY,PET,petroleum,0.0,66.08994,0.0,0.9208,14.3,39.3,216.37181089890527,13932.528914385457,24.48945213727194,73,594644.2075753133,0.00036386768447837137
2021,OK,TSN,estimated total solar,,128.19206,,,,,25.42,,,0,,0.0
2021,AK,WNT,onshore wind turbine,0.0,132.212,0.0,1.16928,,,,8843.977853750037,38.57992474001095,0,,0.0
2021,KY,NG,natural gas,0.0,14571.97964,0.0,117.85437,468.0,19.1,32.1164324657264,8087.739134392588,42.1873151854106,53,1310.7347437935346,0.024502617801047122
2021,KY,COW,all coal products,8.6,49862.72893,2.5,530.97407,1000.8,52.5,20.071103637447862,10648.716614475918,32.04141985863076,95,1052.8906284632424,0.01906285714285714
2021,PA,NG,natural gas,0.0,126664.87788,0.0,910.08524,2923.2,97.7,23.07822064747409,7184.984940041534,47.487921387073584,53,771.3266821490895,0.029920163766632552
2021,CA,COW,all coal products,8.46,294.15381,0.37,14.38951,0.0,2.7,0.0,48918.31929696916,6.974892124332239,95,9178.871421043297,0.0
2021,ME,TSN,estimated total solar,,293.14863,,,,,,,,0,,0.0
2021,MS,COW,all coal products,9.79,5530.68764,0.51,62.25442,159.3,6.2,28.802928382337644,11256.180795630686,30.3122352239086,95,1121.017928251685,0.02569354838709677
2021,WY,WNT,onshore wind turbine,0.0,8447.86,0.0,74.71287,,,29.666666666666668,8843.999545447012,38.579830114945395,0,,0.0
2021,MD,COW,all coal products,11.42,5173.97896,2.34,59.66669,144.1,6.6,27.850905678982507,11532.070474441976,29.587054705933912,95,1275.6140005640843,0.021833333333333333
2021,ME,WNT,onshore wind turbine,0.0,2544.197,0.0,22.50088,,,,8844.000680764893,38.57982516239365,0,,0.0
2021,NE,NUC,nuclear,0.0,6880.622,0.0,71.75879,43.9,,6.380237135538037,10429.113821395798,32.71610664561094,0,,0.0
2021,PA,PET,petroleum,0.0,124.0959,1.42,1.64867,21.2,70.3,170.83561987140592,13285.451010065603,25.68222936063615,73,566497.362120747,0.00030156472261735423
2021,MA,TSN,estimated total solar,,4120.1605,,,,,,,,0,,0.0
2021,ND,PET,petroleum,0.0,33.09492,0.0,0.39817,6.3,11.6,190.36154189223,12031.151608766542,28.35971244443328,73,350506.96602378855,0.0005431034482758621
2021,DE,COW,all coal products,8.03,276.72937,2.62,4.54157,11.0,0.4,39.75002725587096,16411.593753131445,20.790180718121707,95,1445.455536577126,0.0275
2021,MD,NG,natural gas,0.0,13977.17105,0.0,108.23847,445.9,15.8,31.902020688227893,7743.946869706513,44.06021964519639,53,1130.4147272348075,0.028221518987341775
2021,VT,WNT,onshore wind turbine,0.0,338.188,0.0,2.99094,,,,8844.015754550723,38.5797594067417,0,,0.0
2021,IA,COW,all coal products,4.94,22106.5942,0.34,266.62582,360.0,25.3,16.284733719859933,12060.918004275845,28.289720556846298,95,1144.4548975346008,0.014229249011857707
2021,MO,PET,petroleum,0.0,258.6941,0.0,3.49858,43.3,42.1,167.3791555354374,13524.003833098628,25.229214972931878,73,162740.47224115278,0.0010285035629453681
2021,RI,PET,petroleum,0.0,12.5625,0.0,0.20387,1.6,5.0,127.363184079602,16228.457711442787,21.024795212635503,73,398009.9502487562,0.00032
2021,IN,PET,petroleum,0.0,127.81222,0.0,1.62974,24.4,48.8,190.90506369422263,12751.049938730428,26.758580794482555,73,381810.1273884453,0.0004999999999999999
2021,SD,PET,petroleum,0.0,38.19249,0.0,0.49074,7.9,8.0,206.8469481827448,12849.122955848126,26.5543415821005,73,209465.2639825264,0.0009874999999999999
2021,MS,PET,petroleum,0.0,8.24655,0.0,0.13354,1.1,26.4,133.38911423565008,16193.43846820792,21.070262543058256,73,3201338.7416556017,4.166666666666667e-05
2021,AZ,NUC,nuclear,0.0,31629.862,0.0,329.87141,215.6,,6.816343365646047,10429.113158950868,32.716108723699335,0,,0.0
2021,AZ,NG,natural gas,0.0,48053.13267,0.0,371.02881,1764.5,25.6,36.71977042823668,7721.220020097391,44.18990769747503,53,532.7436231016486,0.06892578125
2021,WA,WNT,onshore wind turbine,0.0,9297.756,0.0,82.22935,,,29.666666666666668,8843.999562905286,38.57983003878785,0,,0.0
2021,WA,PET,petroleum,0.0,32.0241,0.0,1.38091,2.1,49.8,65.57561336618359,43120.96202547457,7.9126249502139885,73,1555078.831255211,4.216867469879517e-05
2021,NM,TSN,estimated total solar,,2212.30215,,,,,22.975,,,0,,0.0
2021,MA,WNT,onshore wind turbine,0.0,208.62625,0.0,1.84509,,,,8843.997339740325,38.57983973681501,0,,0.0
2021,NC,TSN,estimated total solar,,10578.4964,,,,,35.0825,,,0,,0.0
2021,NC,PET,petroleum,0.0,194.7418,0.0,3.05626,32.7,60.5,167.91464390284983,15693.908549679625,21.740919345867173,73,310667.76624227565,0.000540495867768595
2021,AL,NG,natural gas,0.0,54447.87499,0.0,445.80129,1720.8,38.6,31.604539209584317,8187.671053863475,41.67241181959792,53,708.9349218328421,0.04458031088082902
2021,HI,PET,petroleum,0.0,6155.20742,0.46,64.89564,852.4,16.0,138.48436646185354,10543.209281483483,32.36206271644752,73,2599.4249922450217,0.053275
2021,MN,TSN,estimated total solar,,2076.74972,,,,,29.088,,,0,,0.0
2021,VT,PET,petroleum,0.0,2.88537,0.0,0.06078,0.6,4.8,207.94560143066573,21064.889424926438,16.1975690029615,73,1663564.811445326,0.00012499999999999998
2021,UT,TSN,estimated total solar,,4136.50742,,,,,20.53,,,0,,0.0
2021,TX,NG,natural gas,0.0,233120.82483,0.0,2138.48218,14914.8,247.2,63.97884020390029,9173.278198373988,37.19499099683682,53,1060.394326333853,0.06033495145631068
2021,CO,NG,natural gas,0.0,14559.77311,0.0,132.83519,943.3,26.6,64.78809751177504,9123.438187973248,37.39818180056052,53,1826.9515464997519,0.03546240601503759
2021,DE,TSN,estimated total solar,,195.92042,,,,,43.12,,,0,,0.0
2021,DE,NG,natural gas,0.0,3734.20289,0.0,38.22643,86.2,4.3,23.08390908025889,10236.837988200476,33.3306046645737,53,1151.5175063238194,0.020046511627906976
2021,AR,NUC,nuclear,0.0,13555.684,0.0,141.37376,75.2,,5.547488418880228,10429.112983158946,32.71610927515828,0,,0.0
2021,NC,WNT,onshore wind turbine,0.0,514.703,0.0,4.55203,,,18.0,8843.993526363747,38.5798563717726,0,,0.0
2021,NC,COW,all coal products,9.05,20404.63829,1.8,220.83087,564.9,21.3,27.684881837716716,10822.581947371536,31.52667280868838,95,1043.880302962234,0.026521126760563382
2021,MI,TSN,estimated total solar,,616.14562,,,,,37.938,,,0,,0.0
2021,WY,PET,petroleum,0.0,60.33173,0.0,0.6632,11.3,10.1,187.29779504085164,10992.557316025912,31.039183166465623,73,167407.76370907977,0.001118811881188119
2021,WY,COW,all coal products,6.64,32038.12828,0.41,371.34269,593.4,36.1,18.52168125472029,11590.648703152017,29.437524053956736,95,1126.7824288766471,0.016437673130193904
2021,AZ,COW,all coal products,9.88,14300.57241,0.61,153.94833,355.3,15.4,24.84515932743702,10765.186566402625,31.69475957480019,95,1076.8799708486633,0.023071428571428573
2021,AK,NG,natural gas,0.0,3085.39602,0.0,26.31326,159.4,20.2,51.66273598810178,8528.324996024336,40.00785619204918,53,6546.971561854805,0.007891089108910891
2021,VA,NUC,nuclear,0.0,28571.516,0.0,297.97557,166.5,,5.827482167904567,10429.113036914106,32.716109106528435,0,,0.0
2021,PA,NUC,nuclear,0.0,75902.514,0.0,791.5959,502.1,,6.6150641597984485,10429.113059417241,32.71610903593614,0,,0.0
2021,GA,TSN,estimated total solar,,5240.62207,,,,,27.045,,,0,,0.0
2021,GA,PET,petroleum,0.0,179.03062,2.1,5.76659,15.0,63.6,83.78455037467893,32210.07668967465,10.59295832441703,73,355246.49358863867,0.0002358490566037736
2021,VT,NG,natural gas,0.0,2.05353,0.0,0.11918,0.0,0.7,0.0,58036.64908718159,5.879043765732505,53,340876.4420290914,0.0
2021,ND,COW,all coal products,10.08,24402.79083,0.73,282.00484,445.0,34.7,18.235619159302527,11556.253625438298,29.52513946638647,95,1421.9685052310058,0.01282420749279539
2021,MT,WNT,onshore wind turbine,0.0,3472.646,0.0,30.71208,,,24.666666666666668,8843.999647531018,38.57982966962837,0,,0.0
2021,MT,PET,petroleum,0.0,450.73117,0.0,7.68324,27.9,12.1,61.89942443962772,17046.169671380834,20.016226904795374,73,26845.270097472956,0.002305785123966942
2021,WI,TSN,estimated total solar,,548.85439,,,,,32.756,,,0,,0.0
2021,IL,TSN,estimated total solar,,1437.89435,,,,,37.938,,,0,,0.0
2021,VA,PET,petroleum,0.0,340.78521,0.21,5.32958,41.7,54.9,122.36446528885452,15639.117671802716,21.817087585138044,73,161098.54063208905,0.0007595628415300546
2021,AR,TSN,estimated total solar,,631.05632,,,,,29.088,,,0,,0.0
2021,OH,COW,all coal products,9.08,45662.04797,3.63,471.03513,782.1,54.8,17.128009687910634,10315.68120443197,33.07585735136995,95,1200.1213794879204,0.01427189781021898
2021,MT,NG,natural gas,0.0,528.30489,0.0,6.48387,19.6,4.5,37.09978910094888,12272.969875406605,27.800931923064464,53,8517.808722156631,0.004355555555555555
2021,AR,PET,petroleum,0.0,55.53197,0.0,0.57209,8.6,22.3,154.86574670410576,10301.993608366496,33.11980311489451,73,401570.48273273936,0.00038565022421524665
2021,NM,WNT,onshore wind turbine,0.0,10580.735,0.0,93.57601,,,23.333333333333336,8843.9990227522,38.57983239507647,0,,0.0
2021,NY,WNT,onshore wind turbine,0.0,4156.369,0.0,36.75893,,,,8844.000616884594,38.57982544105609,0,,0.0
2021,NY,PET,petroleum,0.0,687.76229,0.45,8.07083,87.1,85.4,126.64259332973896,11734.91207259997,29.07563328034415,73,124170.80907416427,0.0010199063231850116
2021,UT,WNT,onshore wind turbine,0.0,825.229,0.0,7.29833,,,29.666666666666668,8844.005724471632,38.57980316044903,0,,0.0
2021,MD,TSN,estimated total solar,,1656.96908,,,,,43.12,,,0,,0.0
2021,VA,NG,natural gas,0.0,53611.27362,0.0,429.55955,1573.4,36.8,29.348304820220388,8012.4854530549765,42.58354065028702,53,686.4227897445725,0.042755434782608695
2021,VA,COW,all coal products,16.48,3248.47335,1.42,36.78741,75.9,6.5,23.364821509155984,11324.522640766008,30.12930529819848,95,2000.9399184389183,0.011676923076923076
2021,MI,PET,petroleum,0.3,1149.52181,5.53,19.70936,39.2,55.9,34.101136367303894,17145.70339470114,19.900029304452303,73,48628.916401333874,0.000701252236135957
2021,MI,NUC,nuclear,0.0,34338.319,0.0,358.11821,199.2,,5.8010993490974325,10429.113026761735,32.7161091383764,0,,0.0
2021,NY,NUC,nuclear,0.0,31176.583,0.0,325.14411,208.3,,6.68129666423033,10429.113094273353,32.71610892659258,0,,0.0
2021,OH,WNT,onshore wind turbine,0.0,2586.756,0.0,22.87727,,,18.0,8843.999975258586,38.579828239995415,0,,0.0
2021,OH,TSN,estimated total solar,,950.19508,,,,,43.12,,,0,,0.0
2021,OH,NUC,nuclear,0.0,17483.009,0.0,182.33228,121.1,,6.926725256504758,10429.113203568104,32.71610858373515,0,,0.0
2021,ME,PET,petroleum,0.0,31.60518,1.5,0.95393,8.3,11.2,262.6151789042176,30182.710555674734,11.304485041879383,73,354372.2896056912,0.0007410714285714286
2021,ME,COW,all coal products,7.97,49.99624,0.79,1.5875,6.3,0.2,126.00947591258864,31752.387779561024,10.745648559370078,95,4000.3008226218612,0.0315
2021,NE,TSN,estimated total solar,,85.54767,,,,,25.42,,,0,,0.0
2021,NE,PET,petroleum,0.0,55.13041,0.0,0.77948,13.1,16.5,237.61840334581225,14138.839163358301,24.13210844665674,73,299290.35535922914,0.000793939393939394
2021,NJ,TSN,estimated total solar,,4042.64372,,,,,43.12,,,0,,0.0
2021,UT,COW,all coal products,12.01,26375.56481,0.6,268.43321,533.3,26.5,20.219472221417803,10177.344520721941,33.525444609376024,95,1004.7178208655014,0.02012452830188679
2021,IA,NG,natural gas,0.0,6463.64391,0.0,64.54903,188.1,19.8,29.10123184678965,9986.476807630945,34.166203614399784,53,3063.2875628199636,0.009499999999999998
2021,NM,COW,all coal products,21.33,12536.31904,0.75,131.83393,344.7,12.8,27.496109416181543,10516.159454729384,32.44530491086779,95,1021.033363873292,0.026929687499999997
2021,TN,NUC,nuclear,0.0,35330.407,0.0,368.55698,269.0,,7.613838130990112,10431.721887608031,32.70792719323888,0,,0.0
2021,TN,COW,all coal products,7.96,18259.79637,2.11,210.1313,377.6,21.6,20.679310565608457,11507.866557878817,29.649283669039306,95,1182.9266637106534,0.01748148148148148
2021,MN,COW,all coal products,5.45,15764.27457,0.31,175.34985,353.0,17.2,22.39240368673685,11123.242571129615,30.67450860827084,95,1091.0746272291044,0.020523255813953485
2020,TX,COW,all coal products,8.54,78825.27459,0.51,866.71697,1766.3,83.6,22.40778746648449,10995.419610120258,31.03110314098038,95,1060.5735334870085,0.021127990430622013
2020,WI,NUC,nuclear,0.0,9771.333,0.0,102.07113,63.3,,6.478133536130638,10445.978046188786,32.66328901815822,0,,0.0
2020,IL,PET,petroleum,0.0,30.31227,0.0,0.44402,4.7,69.9,155.0527228742684,14648.193619283544,23.292974469618486,73,2305996.878491779,6.723891273247496e-05
2020,IL,NG,natural gas,0.0,24516.13774,0.0,257.01519,547.0,60.7,22.31183418045195,10483.510605369931,32.546349485756075,53,2475.920173223827,0.00901153212520593
2020,NH,NG,natural gas,0.0,3638.01203,0.0,27.34421,85.1,2.8,23.391896260442,7516.2505716068235,45.39497409638091,53,769.6511108018519,0.03039285714285714
2020,CO,NG,natural gas,0.0,18171.33776,0.0,159.54678,436.5,28.8,24.021346461395588,8780.133972921101,38.860454869173786,53,1584.9135809580596,0.015156249999999998
2020,ME,WNT,onshore wind turbine,0.0,2395.141,0.0,21.01257,,,,8772.999167898675,38.89205885810255,0,,0.0
2020,WV,TSN,estimated total solar,,15.37274,,,,,32.08857142857143,,,0,,0.0
2020,WV,PET,petroleum,0.0,142.4075,0.0,1.48874,18.0,11.5,126.3978371925636,10454.084230114284,32.6379616319841,73,80754.17376191563,0.001565217391304348
2020,AK,COW,all coal products,9.43,721.78894,0.15,15.36798,39.4,1.8,54.58659424734327,21291.514940641784,16.025163120201878,95,2493.803798101977,0.02188888888888889
2020,ND,PET,petroleum,0.0,30.70179,0.0,0.36405,3.8,11.3,123.771284996738,11857.614816595385,28.774758269468474,73,368056.7159113524,0.000336283185840708
2020,MN,WNT,onshore wind turbine,0.0,11831.13671,0.0,103.79456,,,22.833333333333336,8772.999800794289,38.892056052378855,0,,0.0
2020,KY,NG,natural gas,0.0,14384.4953,0.0,112.5515,307.3,18.0,21.363279947680887,7824.501148816809,43.606613828869456,53,1251.347344803957,0.01707222222222222
2020,KY,COW,all coal products,8.76,43638.31323,2.57,466.76785,865.8,46.2,19.84036356851642,10696.285338524758,31.89892464546562,95,1058.7026990823038,0.01874025974025974
2020,MI,PET,petroleum,0.26,933.67172,5.5,17.09004,22.6,51.7,24.20550983379897,18304.12085309813,18.6406111901435,73,55372.78134546048,0.000437137330754352
2020,LA,NUC,nuclear,0.0,16949.587,0.0,177.05502,98.1,,5.787751642562146,10445.978418235205,32.66328785481485,0,,0.0
2020,LA,COW,all coal products,6.57,3918.42413,0.67,45.37761,217.3,4.7,55.4559671926071,11580.576398706487,29.463127589928163,95,1199.46178465372,0.04623404255319149
2020,MS,TSN,estimated total solar,,445.07813,,,,,30.13975,,,0,,0.0
2020,MS,NUC,nuclear,0.0,6470.934,0.0,67.71611,25.6,,3.9561522339742607,10464.65780674011,32.60498396614926,0,,0.0
2020,NM,COW,all coal products,21.72,12788.18425,0.78,137.41155,349.3,13.3,27.314276457973303,10745.196293211055,31.7537242400657,95,1040.0225505039937,0.02626315789473684
2020,NE,WNT,onshore wind turbine,0.0,9115.34229,0.0,79.96889,,,15.0,8772.999132213607,38.89205901629997,0,,0.0
2020,NJ,PET,petroleum,0.0,66.5922,0.0,0.42412,1.9,46.5,28.531870098900463,6368.914077024035,53.57271206262379,73,698279.9787362482,4.086021505376344e-05
2020,MS,COW,all coal products,9.74,4593.52454,0.49,51.94037,136.2,5.2,29.650434827109905,11307.30217019805,30.17519076294605,95,1132.0283487589684,0.026192307692307695
2020,FL,COW,all coal products,8.3,16597.72817,2.64,176.46772,436.3,17.3,26.286730059153637,10632.040613784797,32.091675755792615,95,1042.3113225380653,0.025219653179190754
2020,VT,PET,petroleum,0.0,1.75715,0.0,0.03457,0.3,4.7,170.73101328856387,19673.903764618844,17.3427706103558,73,2674785.874854167,6.382978723404256e-05
2020,TX,TSN,estimated total solar,,10151.12009,,,,,32.802,,,0,,0.0
2020,TX,NUC,nuclear,0.0,41438.705,0.0,432.86781,268.6,,6.481862789872415,10445.97822253374,32.663288466749236,0,,0.0
2020,UT,PET,petroleum,0.0,39.55503,0.0,0.41186,5.2,19.9,131.46242083497344,10412.329354825417,32.76884435487787,73,503096.572041533,0.00026130653266331655
2020,UT,NG,natural gas,0.0,9460.15007,0.0,77.79095,176.8,14.0,18.68892128473391,8223.014373386151,41.49329972039163,53,1479.8919569359432,0.012628571428571428
2020,AZ,WNT,onshore wind turbine,0.0,644.16,0.0,5.65121,,,37.8,8772.991182314952,38.89209425945948,0,,0.0
2020,VT,WNT,onshore wind turbine,0.0,383.586,0.0,3.3652,,,,8773.000057353502,38.89205491501247,0,,0.0
2020,NH,TSN,estimated total solar,,160.78386,,,,,44.66,,,0,,0.0
2020,WY,COW,all coal products,6.84,33359.10357,0.42,380.80199,618.4,37.2,18.53766839694488,11415.23450115899,29.889880927576034,95,1115.1378789882751,0.016623655913978498
2020,OH,PET,petroleum,0.0,1174.40453,0.0,20.1634,33.1,67.4,28.18449618888987,17169.041403476192,19.87297904301854,73,57390.78680154615,0.0004910979228486646
2020,KY,PET,petroleum,0.0,57.21689,0.0,0.96732,10.8,36.7,188.75545315378028,16906.196754140256,20.181948960013234,73,641418.9935873831,0.0002942779291553133
2020,MA,NG,natural gas,0.0,14177.40602,0.0,125.94093,349.8,21.1,24.673060749373956,8883.213884284312,38.40952209916188,53,1488.2835386271881,0.016578199052132703
2020,CO,PET,petroleum,0.0,-188.63227,0.0,0.11002,1.3,29.9,,-583.2512114708686,-584.9966417378658,73,-158509.46394272835,0.0
2020,CA,WNT,onshore wind turbine,0.0,13583.089,0.0,119.16444,,,39.0,8773.000014945053,38.892055103015636,0,,0.0
2020,NE,TSN,estimated total solar,,73.99099,,,,,,,,0,,0.0
2020,NE,PET,petroleum,0.0,14.03375,0.0,0.21698,2.7,15.9,192.3933374899795,15461.298655028057,22.068003963498942,73,1132982.9874409905,0.00016981132075471697
2020,HI,PET,petroleum,0.0,6149.20534,0.47,64.49877,581.0,13.4,94.4837532454234,10488.960188146844,32.52943989486932,73,2179.1433622868735,0.04335820895522388
2020,MS,NG,natural gas,0.0,53661.60278,0.0,412.00243,918.6,32.0,17.118385445288407,7677.788374848091,44.43988077579057,53,596.3295604716188,0.02870625
2020,NE,NUC,nuclear,0.0,6188.551,0.0,64.64547,41.9,,6.770567132758541,10445.978388155805,32.66328794886943,0,,0.0
2020,NM,TSN,estimated total solar,,2113.80621,,,,,23.47,,,0,,0.0
2020,NJ,COW,all coal products,7.72,916.71816,1.69,12.14409,34.2,1.2,37.30699520559296,13247.354017727761,25.75608680370452,95,1309.0173756348406,0.028500000000000004
2020,IA,COW,all coal products,4.9,14146.83452,0.33,181.62884,215.5,17.5,15.233089755544832,12838.832584294625,26.57562498457844,95,1237.0258502182578,0.012314285714285713
2020,CT,COW,all coal products,0.0,-19.08163,0.0,0.06672,0.2,0.0,,-3496.55663588488,-97.58171696642685,95,-0.0,0.0
2020,AL,NG,natural gas,0.0,55224.99865,0.0,446.78025,1005.1,37.3,18.20009098361472,8090.181275178718,42.174580320817675,53,675.4187580229121,0.026946380697050944
2020,OR,COW,all coal products,4.59,1630.14477,0.25,16.97583,37.0,1.7,22.69737061451297,10413.694729701829,32.76454792042569,95,1042.8521633695148,0.021764705882352943
2020,OK,WNT,onshore wind turbine,0.0,29416.97729,0.0,258.07513,,,15.0,8772.999600055102,38.89205694228654,0,,0.0
2020,NH,WNT,onshore wind turbine,0.0,524.87224,0.0,4.60471,,,,8773.011123621245,38.89200585661203,0,,0.0
2020,SD,PET,petroleum,0.0,7.39353,0.0,0.11025,0.9,8.1,121.72805141792892,14911.686298696293,22.88138263945578,73,1095552.4627613602,0.00011111111111111112
2020,IL,COW,all coal products,10.43,31237.85745,1.37,360.11927,502.6,37.4,16.089451743112427,11528.296093175239,29.59674155159761,95,1197.2652112861217,0.01343850267379679
2020,WI,PET,petroleum,0.49,105.25881,5.65,1.61313,5.2,33.0,49.40204055128497,15325.368014325832,22.263739420877425,73,313512.9496523854,0.00015757575757575757
2020,CA,PET,petroleum,0.0,43.91534,0.0,0.52429,4.9,184.7,111.57832320095892,11938.65287163893,28.57943887543154,73,4205819.652085125,2.652950730914997e-05
2020,CA,NUC,nuclear,0.0,16258.698,0.0,169.83801,110.5,,6.796362168729624,10445.978515622837,32.66328755029572,0,,0.0
2020,OH,WNT,onshore wind turbine,0.0,2289.139,0.0,20.08262,,,31.5,8773.001552111951,38.89204828852012,0,,0.0
2020,OH,TSN,estimated total solar,,400.46761,,,,,32.08857142857143,,,0,,0.0
2020,OH,NUC,nuclear,0.0,18219.025,0.0,190.31554,121.2,,6.652386722121519,10445.978311133555,32.663288189708524,0,,0.0
2020,UT,COW,all coal products,12.11,22806.02092,0.54,237.17929,483.3,23.4,21.19177219451573,10399.85409256566,32.8081525916702,95,1026.0448362335362,0.020653846153846155
2020,SD,NG,natural gas,0.0,1102.46586,0.0,10.63042,23.0,4.7,20.862324026977124,9642.402894906878,35.38537060925156,53,4263.1705620344555,0.004893617021276596
2020,SC,TSN,estimated total solar,,2092.46967,,,,,27.4775,,,0,,0.0
2020,SC,PET,petroleum,0.0,64.14947,1.05,0.98525,7.6,32.2,118.47330928844777,15358.661575847784,22.215477456483125,73,501952.7051431603,0.00023602484472049688
2020,SC,NUC,nuclear,0.0,54751.088,0.0,571.92868,350.5,,6.401699268514993,10445.978352064894,32.66328806172126,0,,0.0
2020,MD,PET,petroleum,0.0,70.37895,0.0,1.04513,11.7,27.5,166.2428893866703,14850.036836298352,22.976373982184036,73,390741.8340284986,0.0004254545454545454
2020,MD,NUC,nuclear,0.0,15080.557,0.0,157.53117,97.7,,6.478540547275542,10445.978222157179,32.6632884679267,0,,0.0
2020,VT,TSN,estimated total solar,,356.73521,,,,,44.66,,,0,,0.0
2020,OR,TSN,estimated total solar,,1335.22913,,,,,23.47,,,0,,0.0
2020,DC,NG,natural gas,0.0,133.53607,0.0,2.03326,0.0,1.5,0.0,15226.298033183093,22.40859854814436,53,11232.920064219352,0.0
2020,OR,NG,natural gas,0.0,19019.91336,0.0,144.60265,276.9,14.8,14.55842593806642,7602.697618176742,44.87880712028445,53,778.1318305647634,0.018709459459459465
2020,WI,TSN,estimated total solar,,222.51422,,,,,32.802,,,0,,0.0
2020,MN,NUC,nuclear,0.0,14677.288,0.0,153.31863,123.5,,8.414361018193551,10445.978167083727,32.6632886401346,0,,0.0
2020,MN,NG,natural gas,0.0,11814.9943,0.0,100.45795,240.3,25.9,20.33856249934881,8502.58133429654,40.12898984261574,53,2192.1297075869093,0.009277992277992276
2020,IL,WNT,onshore wind turbine,0.0,16225.93984,0.0,142.35016,,,31.083333333333336,8772.99937037114,38.8920579605109,0,,0.0
2020,FL,TSN,estimated total solar,,7626.98194,,,,,27.4775,,,0,,0.0
2020,OK,NG,natural gas,0.0,43758.89077,0.0,359.60993,805.8,44.0,18.414543554939385,8217.985503566275,41.518690906905704,53,1005.5099483957966,0.018313636363636365
2020,NJ,NG,natural gas,0.0,30630.98231,0.0,243.39613,418.4,35.8,13.659372584450429,7946.076542264178,42.939430319504254,53,1168.751287101638,0.011687150837988828
2020,NY,NG,natural gas,0.0,52965.59346,0.0,465.00769,927.2,68.9,17.505703975548357,8779.429429997366,38.863573392844316,53,1300.8444822209683,0.013457184325108854
2020,NY,TSN,estimated total solar,,3130.39298,,,,,122.5,,,0,,0.0
2020,NV,PET,petroleum,0.0,6.26478,0.0,0.07596,1.1,17.1,175.58477711906883,12124.926972694971,28.140375671406005,73,2729545.171578252,6.432748538011695e-05
2020,NV,COW,all coal products,7.42,1953.20122,0.35,21.87908,51.2,2.7,26.213377032398128,11201.651819570336,30.45979338546228,95,1382.34605444287,0.018962962962962966
2020,OR,WNT,onshore wind turbine,0.0,8777.254,0.0,77.00286,,,37.8,8773.00121427499,38.89204978620274,0,,0.0
2020,OR,PET,petroleum,0.0,2.33899,0.0,0.0251,0.3,20.2,128.2604885014472,10731.127537954417,31.795354103585655,73,8636206.225764113,1.4851485148514851e-05
2020,CT,NG,natural gas,0.0,23536.81288,0.0,175.24408,391.5,15.7,16.633517970169628,7445.531427447877,45.826144624434676,53,667.0401842443504,0.024936305732484076
2020,IL,NUC,nuclear,0.0,100246.068,0.0,1047.16825,666.8,,6.651632461035779,10445.978290141016,32.663288255349606,0,,0.0
2020,DC,PET,petroleum,0.0,0.02052,0.0,0.00028,0.0,0.9,0.0,13645.224171539961,25.005085714285713,73,43859649.12280702,0.0
2020,NJ,NUC,nuclear,0.0,26738.258,0.0,279.33743,176.3,,6.59354846527399,10447.106539251734,32.65976074026313,0,,0.0
2020,WI,WNT,onshore wind turbine,0.0,1763.375,0.0,15.4701,,,30.666666666666668,8773.006308924647,38.89202720085843,0,,0.0
2020,GA,COW,all coal products,6.8,13913.93452,1.5,152.33351,393.8,14.7,28.30256240130703,10948.269864360407,31.16474148218603,95,1056.4948382407651,0.026789115646258504
2020,FL,NG,natural gas,0.0,189420.46237,0.0,1435.83497,4447.9,85.4,23.48162360258523,7580.147107841736,45.012319041542774,53,450.8488625330558,0.0520831381733021
2020,DE,TSN,estimated total solar,,182.60627,,,,,32.08857142857143,,,0,,0.0
2020,DE,NG,natural gas,0.0,4818.09381,0.0,46.77288,52.0,4.6,10.792649967103898,9707.75618833374,35.147153820162465,53,954.7344201668833,0.011304347826086957
2020,ND,COW,all coal products,9.86,24496.80711,0.78,281.07951,445.3,34.8,18.177879182394392,11474.128393053259,29.736463486548704,95,1420.593297883056,0.012795977011494252
2020,NJ,WNT,onshore wind turbine,0.0,20.014,0.0,0.17558,,,31.5,8772.858998700909,38.89268025971068,0,,0.0
2020,NC,NUC,nuclear,0.0,42328.762,0.0,442.16533,263.5,,6.225081659605353,10445.978316115175,32.66328817413161,0,,0.0
2020,NC,NG,natural gas,0.0,41401.32109,0.0,324.11654,1016.3,29.2,24.54752585770688,7828.65211705253,43.58349239414933,53,705.2915035373815,0.03480479452054795
2020,TN,WNT,onshore wind turbine,0.0,39.185,0.0,0.34377,,,31.5,8772.999872400153,38.89205573493906,0,,0.0
2020,ID,TSN,estimated total solar,,652.73494,,,,,23.47,,,0,,0.0
2020,ID,NG,natural gas,0.0,4157.09842,0.0,39.75056,81.7,6.8,19.6531310413382,9562.092590533373,35.68256600420221,53,1635.756316782127,0.01201470588235294
2020,NV,NG,natural gas,0.0,26801.32126,0.0,214.54353,558.8,16.4,20.84971836198197,8004.960946466413,42.623568344904186,53,611.9101308813608,0.034073170731707306
2020,PA,COW,all coal products,19.07,23458.27098,2.46,258.15085,442.0,35.4,18.841968377671115,11004.683602644614,31.004980453777314,95,1509.0626257229808,0.01248587570621469
2020,AR,PET,petroleum,0.0,44.17149,0.0,0.53792,5.2,21.5,117.72299281731271,12177.990826209394,28.01775800862582,73,486739.2972254276,0.00024186046511627906
2020,ME,TSN,estimated total solar,,116.75891,,,,,44.66,,,0,,0.0
2020,PA,WNT,onshore wind turbine,0.0,3748.207,0.0,32.88302,,,31.5,8772.999997065264,38.892055182279485,0,,0.0
2020,PA,NG,natural gas,0.0,120766.85996,0.0,884.81205,1401.1,93.3,11.601692719874208,7326.613031862089,46.569949650156786,53,772.5629368098377,0.015017148981779208
2020,CO,WNT,onshore wind turbine,0.0,13386.228,0.0,117.43737,,,37.8,8772.999384143166,38.89205789945739,0,,0.0
2020,FL,NUC,nuclear,0.0,29419.352,0.0,307.31391,167.0,,5.676535635455193,10445.978211892634,32.66328850002267,0,,0.0
2020,DE,COW,all coal products,0.0,102.27417,0.0,1.95604,4.7,0.2,45.95490728499679,19125.454648030875,17.840098773031226,95,1955.5279695743316,0.0235
2020,WI,COW,all coal products,4.96,23761.09713,0.36,245.70773,463.3,23.9,19.498257907251777,10340.756937935214,32.995650323072866,95,1005.8458104539553,0.019384937238493723
2020,KS,WNT,onshore wind turbine,0.0,23963.744,0.0,210.23393,,,15.0,8773.000162245098,38.89205445001195,0,,0.0
2020,KS,PET,petroleum,0.0,74.85656,0.0,1.02379,10.6,23.3,141.60415600182537,13676.690459727244,24.94755591674074,73,311261.96555118216,0.0004549356223175966
2020,CT,WNT,onshore wind turbine,0.0,12.184,0.0,0.10689,,,,8772.980958634274,38.89213958274862,0,,0.0
2020,HI,WNT,onshore wind turbine,0.0,592.23773,0.0,5.1957,,,,8772.997289449962,38.8920671855573,0,,0.0
2020,IN,COW,all coal products,8.85,47772.88493,2.75,524.85138,1092.4,63.7,22.86652777199152,10986.386540587762,31.056617090567624,95,1333.3923645879345,0.01714913657770801
2020,AL,NUC,nuclear,0.0,43550.647,0.0,454.92911,306.0,,7.026302043227968,10445.978219336213,32.66328847674751,0,,0.0
2020,AK,TSN,estimated total solar,,6.72397,,,,,,,,0,,0.0
2020,AK,PET,petroleum,0.0,985.80196,0.0,9.66427,68.0,15.1,68.97937188114335,9803.459916026135,34.80403887225833,73,15317.47816772448,0.004503311258278146
2020,VT,NG,natural gas,0.0,2.02087,0.0,0.10674,0.0,0.7,0.0,52818.83545205778,6.459816788457935,53,346385.46764512314,0.0
2020,VA,NG,natural gas,0.0,62623.07016,0.0,500.7104,1119.6,39.3,17.878395248579423,7995.622040259292,42.673352777557646,53,627.5642490792885,0.02848854961832061
2020,VA,COW,all coal products,15.87,3762.79507,1.4,44.46974,98.8,7.1,26.25707702970919,11818.273164687651,28.870546081087955,95,1886.8952116491423,0.013915492957746477
2020,FL,PET,petroleum,0.41,1702.03681,5.25,18.61305,55.3,104.3,32.49048415116239,10935.750561117418,31.20041903782561,73,61279.520740799955,0.0005302013422818792
2020,NM,PET,petroleum,0.0,32.51667,0.0,0.38065,5.1,16.5,156.8426287193615,11706.303259220578,29.14669067122028,73,507432.0340920519,0.0003090909090909091
2020,NM,NG,natural gas,0.0,12001.90769,0.0,103.89003,164.7,15.2,13.72281842637635,8656.126399519075,39.417169326334786,53,1266.465331395996,0.010835526315789473
2020,NY,WNT,onshore wind turbine,0.0,4521.726,0.0,39.66911,,,59.0,8773.001725447319,38.892047520098124,0,,0.0
2020,MT,WNT,onshore wind turbine,0.0,3058.58,0.0,26.83292,,,27.822222222222223,8772.999234939089,38.89205856090206,0,,0.0
2020,MT,PET,petroleum,0.0,457.21054,0.0,7.80266,13.5,12.2,29.52687836111565,17065.792052825378,19.993212090235897,73,26683.549333748957,0.0011065573770491803
2020,KY,TSN,estimated total solar,,93.73462,,,,,32.44528571428572,,,0,,0.0
2020,MD,TSN,estimated total solar,,1521.63344,,,,,32.08857142857143,,,0,,0.0
2020,ND,TSN,estimated total solar,,0.81583,,,,,32.802,,,0,,0.0
2020,NE,COW,all coal products,4.69,18788.64747,0.24,209.43939,245.8,20.5,13.082367977390126,11147.124365094067,30.608791005187708,95,1091.0843919304214,0.011990243902439024
2020,DE,PET,petroleum,0.0,8.0614,0.0,0.13028,1.4,7.3,173.66710496936014,16160.96459672017,21.11260116671784,73,905549.9044830923,0.0001917808219178082
2020,MN,TSN,estimated total solar,,1773.38214,,,,,32.802,,,0,,0.0
2020,IN,PET,petroleum,0.0,113.47343,0.0,1.3404,13.5,44.7,118.9705819238918,11812.456889687744,28.884761501044466,73,393924.81570355286,0.0003020134228187919
2020,PA,TSN,estimated total solar,,729.02956,,,,,32.08857142857143,,,0,,0.0
2020,NC,WNT,onshore wind turbine,0.0,546.267,0.0,4.7924,,,31.5,8772.999284232801,38.89205834237543,0,,0.0
2020,NC,COW,all coal products,9.28,20793.28877,1.6,222.38816,542.8,21.4,26.104576625855227,10695.189320933958,31.902193571474307,95,1029.1782236427816,0.025364485981308412
2020,MT,COW,all coal products,9.23,8490.28403,0.69,96.98796,216.4,9.5,25.48795767436769,11423.405819793285,29.86850028638607,95,1118.9260531723342,0.022778947368421044
2020,MA,WNT,onshore wind turbine,0.0,238.27483,0.0,2.09038,,,,8772.97866501468,38.892149750763025,0,,0.0
2020,CT,TSN,estimated total solar,,948.83825,,,,,44.66,,,0,,0.0
2020,GA,TSN,estimated total solar,,4109.26607,,,,,27.4775,,,0,,0.0
2020,GA,PET,petroleum,0.0,206.52143,2.1,6.5027,6.5,60.5,31.473731321732565,31486.80502551236,10.836285222446062,73,292947.80691766465,0.00010743801652892562
2020,OK,PET,petroleum,0.0,26.45243,0.0,0.31249,2.5,33.0,94.50927570737358,11813.281426318868,28.882745419053407,73,1247522.439337331,7.575757575757576e-05
2020,AZ,COW,all coal products,10.46,13747.25305,0.67,150.3124,322.0,15.0,23.42286119480429,10933.995282788515,31.205427766837595,95,1091.1270742921256,0.02146666666666666
2020,PA,NUC,nuclear,0.0,76521.394,0.0,799.34082,513.3,,6.707927981552452,10445.978284190693,32.66328827395553,0,,0.0
2020,SC,COW,all coal products,8.97,12459.09319,1.74,134.43155,419.0,13.1,33.630055864442895,10789.83421585596,31.622357969003556,95,1051.4408874085964,0.031984732824427486
2020,VA,NUC,nuclear,0.0,30140.054,0.0,314.84235,178.7,,5.928987386684842,10445.97829851267,32.66328822917248,0,,0.0
2020,MI,WNT,onshore wind turbine,0.0,6735.092,0.0,59.08697,,,31.083333333333336,8773.001170585347,38.89204997988558,0,,0.0
2020,MI,COW,all coal products,5.14,27961.02937,0.57,304.55481,614.1,31.9,21.96271073835648,10892.11723824315,31.325406487732042,95,1140.873591521856,0.01925078369905956
2020,CT,PET,petroleum,0.0,32.5869,0.0,0.8136,4.9,17.7,150.36717208448792,24967.088001620283,13.665991002949854,73,543163.0501827421,0.0002768361581920904
2020,CT,NUC,nuclear,0.0,15714.855,0.0,164.15703,101.8,,6.477947139824071,10445.97802525063,32.66328908362925,0,,0.0
2020,MO,NUC,nuclear,0.0,7742.12,0.0,80.88673,68.1,,8.796040361038061,10447.620290049754,32.65815473069563,0,,0.0
2020,RI,WNT,onshore wind turbine,0.0,94.506,0.0,0.82911,,,,8773.093771824011,38.89163946882802,0,,0.0
2020,IA,PET,petroleum,0.59,111.11059,5.89,4.04578,7.3,25.2,65.70030813444515,36412.19077317472,9.370488090800787,73,226801.06369698874,0.0002896825396825397
2020,ME,PET,petroleum,0.0,36.91358,0.87,0.9029,4.5,10.8,121.90635533047728,24459.832939530654,13.94940026138,73,292575.2527931455,0.00041666666666666664
2020,ME,COW,all coal products,6.07,55.48017,0.59,1.65874,4.1,0.2,73.90027824355981,29897.88964237132,11.412176714855853,95,3604.8916216370644,0.020499999999999997
2020,SD,COW,all coal products,5.22,1648.2221,0.64,18.44104,34.5,2.1,20.931645073804077,11188.44359628475,30.495751894687068,95,1274.1001349272044,0.01642857142857143
2020,CA,TSN,estimated total solar,,47679.87321,,,,,27.54384615384615,,,0,,0.0
2020,CA,NG,natural gas,0.0,92046.68508,0.0,783.29235,2070.6,112.3,22.495106675491805,8509.72905020123,40.0952836438349,53,1220.0330723740606,0.018438112199465714
2020,SC,NG,natural gas,0.0,24227.92982,0.0,195.4558,510.3,18.0,21.06246814281056,8067.375192685778,42.29380583530394,53,742.9442025682737,0.02835
2020,MT,NG,natural gas,0.0,290.79568,0.0,4.02791,6.2,4.6,21.32081191852644,13851.340570121263,24.632994782902294,53,15818.66690729381,0.001347826086956522
2019,MA,WNT,onshore wind turbine,0.0,210.81692,0.0,1.87739,,,39.0,8905.309877404527,38.31421979663256,0,,0.0
2019,MA,NUC,nuclear,0.0,2177.204,0.0,22.73359,15.6,,7.165153104624096,10441.644421009698,32.67684535526506,0,,0.0
2019,HI,WNT,onshore wind turbine,0.0,529.31,0.0,4.71351,,,,8905.008407171601,38.315516886566485,0,,0.0
2019,TN,WNT,onshore wind turbine,0.0,37.976,0.0,0.33818,,,27.83333333333333,8905.097956604171,38.31513158672896,0,,0.0
2019,AR,NG,natural gas,0.0,21772.4002,0.0,176.91991,426.2,19.4,19.57524186975031,8125.879938583896,41.989298707194685,53,891.0363497727734,0.021969072164948453
2019,NJ,NUC,nuclear,0.0,26637.324,0.0,278.25235,183.9,,6.903846647658751,10445.957334152636,32.66335378227713,0,,0.0
2019,NJ,PET,petroleum,0.0,142.42328,0.0,0.9723,6.0,57.5,42.12794425181052,6826.833366005894,49.97924831430628,73,403726.13241318415,0.00010434782608695651
2019,NJ,NG,natural gas,0.0,40449.13314,0.0,313.66247,845.0,41.7,20.89043532961112,7754.491769066377,44.00030461842629,53,1030.9244417098032,0.02026378896882494
2019,UT,TSN,estimated total solar,,2646.03144,,,,,22.132777777777772,,,0,,0.0
2019,LA,NUC,nuclear,0.0,13981.335,0.0,146.09538,93.8,,6.708944460596932,10449.315462364646,32.65285666117573,0,,0.0
2019,LA,COW,all coal products,7.1,7418.81416,0.53,87.48716,272.2,8.7,36.69049987363479,11792.60702764389,28.93338166871573,95,1172.6941546679745,0.031287356321839085
2019,OR,TSN,estimated total solar,,902.93575,,,,,22.132777777777772,,,0,,0.0
2019,NM,COW,all coal products,21.69,14691.66505,0.85,150.01003,373.4,14.5,25.415771373034403,10210.55336406543,33.416406323363844,95,986.9541641912127,0.025751724137931035
2019,NC,WNT,onshore wind turbine,0.0,523.139,0.0,4.65855,,,27.83333333333333,8904.994657251706,38.31557604834122,0,,0.0
2019,NC,COW,all coal products,9.68,30672.10113,1.74,316.71296,859.7,30.4,28.028728659841896,10325.766684768361,33.04355118766216,95,991.1287091534183,0.02827960526315789
2019,NM,PET,petroleum,0.0,183.60122,0.0,3.87451,76.9,18.3,418.84253274569744,21102.855416755945,16.168428075808297,73,99672.54030229211,0.004202185792349726
2019,NM,NG,natural gas,0.0,11803.19183,0.0,107.88828,134.5,15.9,11.395222744592129,9140.602097627689,37.32795677524936,53,1347.0932463867275,0.008459119496855346
2019,ME,WNT,onshore wind turbine,0.0,2493.932,0.0,22.20846,,,39.0,8904.99821165934,38.31556075477543,0,,0.0
2019,NY,NUC,nuclear,0.0,44865.018,0.0,468.46447,313.1,,6.978711119652287,10441.642305816082,32.67685197470792,0,,0.0
2019,TN,PET,petroleum,0.0,139.60037,0.0,1.62989,22.2,49.2,159.02536648004588,11675.39885460189,29.223841022400283,73,352434.59598280437,0.00045121951219512197
2019,NE,NUC,nuclear,0.0,6951.6,0.0,72.58612,49.8,,7.163818401519075,10441.642211864895,32.67685226872575,0,,0.0
2019,OR,NG,natural gas,0.0,20932.33415,0.0,158.20829,334.3,15.9,15.970507522210562,7558.081619865599,45.143730533842444,53,759.5903966591324,0.021025157232704404
2019,MD,PET,petroleum,0.0,67.26853,0.0,1.10156,14.6,32.9,217.0405685987192,16375.562242849664,20.835925810668506,73,489084.568965607,0.0004437689969604863
2019,ND,PET,petroleum,0.0,33.58654,0.0,0.40065,5.7,13.0,169.71084249821504,11928.885797703484,28.602839006614257,73,387059.81622399925,0.00043846153846153845
2019,LA,NG,natural gas,0.0,69522.95401,0.0,675.47004,952.3,101.0,13.69763430741196,9715.784514893343,35.11811109817987,53,1452.7576026972677,0.009428712871287128
2019,OR,COW,all coal products,5.01,2569.15953,0.24,26.24437,59.6,2.6,23.19824802782877,10215.157795203166,33.40134404582773,95,1012.0041085965573,0.022923076923076918
2019,MI,TSN,estimated total solar,,252.62434,,,,,36.10566666666666,,,0,,0.0
2019,MA,NG,natural gas,0.0,15406.57306,0.0,134.64316,507.4,23.3,32.93399499187524,8739.33219773405,39.041884697833886,53,1512.3415122402307,0.021776824034334764
2019,LA,TSN,estimated total solar,,242.19842,,,,,43.309,,,0,,0.0
2019,TN,NG,natural gas,0.0,16955.1531,0.0,153.93229,338.4,21.9,19.95853402232033,9078.79091932234,37.58209689286113,53,1291.6427159834966,0.015452054794520546
2019,DE,WNT,onshore wind turbine,0.0,5.27,0.0,0.04693,,,35.666666666666664,8905.123339658445,38.31502237374813,0,,0.0
2019,MD,TSN,estimated total solar,,1459.67074,,,,,31.203333333333333,,,0,,0.0
2019,CT,TSN,estimated total solar,,738.37033,,,,,45.04,,,0,,0.0
2019,SC,COW,all coal products,9.24,14861.49529,1.85,156.83979,501.1,15.4,33.71800685070903,10553.43267548147,32.33071271612899,95,1036.2348942345222,0.03253896103896104
2019,MO,NG,natural gas,0.0,7674.80432,0.0,73.63317,172.5,17.2,22.47614307904595,9594.142981354866,35.563364092351314,53,2241.0994838237125,0.01002906976744186
2019,MO,COW,all coal products,4.83,55686.28528,0.29,566.29794,942.6,55.9,16.926968557167154,10169.432871173914,33.551526847397675,95,1003.837834018294,0.016862254025044723
2019,CT,WNT,onshore wind turbine,0.0,12.215,0.0,0.10878,,,39.0,8905.444126074499,38.31364221364221,0,,0.0
2019,KY,PET,petroleum,0.0,50.35915,0.0,0.98387,14.3,40.6,283.9603130712095,19537.065260235726,17.46424017400673,73,806209.0007476298,0.0003522167487684729
2019,WV,WNT,onshore wind turbine,0.0,1631.098,0.0,14.52493,,,35.666666666666664,8905.001416223919,38.315546966491404,0,,0.0
2019,WV,NG,natural gas,0.0,2243.35364,0.0,25.40625,38.5,12.4,17.161806018243297,11325.12036755828,30.127715108211557,53,5527.438821460179,0.0031048387096774197
2019,ID,COW,all coal products,0.0,21.00847,0.0,1.24375,0.0,0.2,0.0,59202.31221026568,5.763288413266331,95,9519.969802655787,0.0
2019,OH,PET,petroleum,0.0,844.4938,0.0,18.22204,41.9,73.7,49.61552115598717,21577.470432583403,15.812789597652072,73,87271.21501661706,0.0005685210312075982
2019,NJ,COW,all coal products,7.67,1041.5285,1.73,13.77976,42.4,1.3,40.70939969477552,13230.324470237734,25.78923901432245,95,1248.1655566794382,0.032615384615384616
2019,AR,NUC,nuclear,0.0,13574.947,0.0,141.8678,95.9,,7.064484303327299,10450.707468692142,32.648507387863916,0,,0.0
2019,UT,WNT,onshore wind turbine,0.0,818.684,0.0,7.29038,,,24.55555555555556,8904.99875409804,38.31555842082306,0,,0.0
2019,MT,NG,natural gas,0.0,507.21282,0.0,6.12377,9.0,4.8,17.744030996692867,12073.373855179765,28.26053463536351,53,9463.483198236196,0.0018750000000000001
2019,NH,NG,natural gas,0.0,3582.51635,0.0,26.77055,197.4,2.9,55.10093484988561,7472.554870545113,45.66042082138768,53,809.4868848260804,0.06806896551724138
2019,MS,NG,natural gas,0.0,48780.50475,0.0,380.17479,1016.5,30.6,20.83824276131542,7793.580487704978,43.779621001960706,53,627.2997820917382,0.03321895424836602
2019,RI,PET,petroleum,0.0,11.03313,0.0,0.19645,1.3,5.0,117.82694484701985,17805.464088613113,19.162656940697378,73,453180.5571039225,0.00026000000000000003
2019,CO,NG,natural gas,0.0,17097.11593,0.0,146.65899,448.9,28.9,26.255890282192173,8577.99587956587,39.7761907082273,53,1690.3435712972907,0.015532871972318339
2019,VT,WNT,onshore wind turbine,0.0,377.478,0.0,3.36144,,,39.0,8904.995787833994,38.31557118377838,0,,0.0
2019,IA,TSN,estimated total solar,,175.88332,,,,,43.309,,,0,,0.0
2019,IA,NUC,nuclear,0.0,5235.716,0.0,54.66947,37.5,,7.162344176040106,10441.641601645315,32.67685417839243,0,,0.0
2019,CA,PET,petroleum,0.0,50.95293,0.0,0.59528,5.8,236.0,113.83054909698028,11682.939528698349,29.204978692380056,73,4631725.790842647,2.4576271186440674e-05
2019,CA,NUC,nuclear,0.0,16165.384,0.0,168.84086,113.6,,7.027361676035658,10444.59321226146,32.66761979771958,0,,0.0
2019,HI,TSN,estimated total solar,,1380.59245,,,,,,,,0,,0.0
2019,GA,NUC,nuclear,0.0,33591.181,0.0,350.7471,271.6,,8.085455524770028,10441.642406082716,32.67685166092606,0,,0.0
2019,MN,TSN,estimated total solar,,1353.13232,,,,,43.309,,,0,,0.0
2019,RI,TSN,estimated total solar,,234.63246,,,,,45.04,,,0,,0.0
2019,RI,NG,natural gas,0.0,7141.02551,0.0,56.16391,170.6,5.2,23.89012611159262,7864.964201759306,43.38226993120672,53,728.1867279031748,0.03280769230769231
2019,WI,PET,petroleum,0.53,142.8276,5.93,2.10664,11.6,36.8,81.21679563333699,14749.530202845952,23.13294018911631,73,257653.28269886217,0.0003152173913043478
2019,AZ,WNT,onshore wind turbine,0.0,554.374,0.0,4.9367,,,24.55555555555556,8904.999152196893,38.31555670792229,0,,0.0
2019,NM,TSN,estimated total solar,,1666.53614,,,,,33.87138888888889,,,0,,0.0
2019,MI,PET,petroleum,0.27,915.18845,5.53,16.44526,29.3,60.6,32.01526417865086,17969.260866436856,18.987981895087092,73,66215.87062205604,0.00048349834983498353
2019,MI,NUC,nuclear,0.0,32909.275,0.0,343.62688,200.0,,6.077314070273502,10441.64236374092,32.67685179343363,0,,0.0
2019,MO,PET,petroleum,0.0,97.14451,0.0,1.4426,17.7,43.5,182.20278222619064,14850.04144855947,22.97636684597255,73,447786.4986914855,0.0004068965517241379
2019,MS,COW,all coal products,9.66,4414.33994,0.43,50.4625,148.5,4.9,33.64036345601422,11431.493878108538,29.847367600257606,95,1110.0187268314457,0.03030612244897959
2019,MT,COW,all coal products,9.98,14100.66166,0.69,157.13166,303.4,15.2,21.51672079762532,11143.56643601645,30.618563810704984,95,1077.9635996173529,0.019960526315789474
2019,MS,PET,petroleum,0.0,13.70324,0.0,0.20588,2.0,26.9,145.9508846083116,15024.184061579597,22.710051913736155,73,1963039.3979817913,7.434944237918216e-05
2019,WA,NUC,nuclear,0.0,8866.499,0.0,92.58081,63.5,,7.161789563163544,10441.642185940584,32.676852349855224,0,,0.0
2019,ID,TSN,estimated total solar,,614.97363,,,,,22.132777777777772,,,0,,0.0
2019,ID,NG,natural gas,0.0,4266.6843,0.0,40.96547,128.5,7.0,30.11706303182544,9601.242351115596,35.537067758773425,53,1640.6182196325142,0.01835714285714286
2019,FL,COW,all coal products,8.27,21248.19437,2.41,225.10409,632.3,22.3,29.757822664345287,10594.033830837929,32.20680672236564,95,1049.5009416651906,0.028354260089686095
2019,WY,PET,petroleum,0.0,43.72968,0.0,0.46967,6.8,10.9,155.500794883475,10740.3026960179,31.7681921689697,73,249258.6270926291,0.0006238532110091743
2019,WY,COW,all coal products,6.86,35375.82818,0.43,397.60713,617.4,39.2,17.45259494303661,11239.514393186428,30.357183421273152,95,1108.1012662245466,0.01575
2019,DE,PET,petroleum,0.0,18.71833,0.0,0.21227,2.9,8.5,154.92835098002865,11340.221056045064,30.08759690959627,73,454100.33907939435,0.00034117647058823526
2019,PA,TSN,estimated total solar,,575.11965,,,,,31.203333333333333,,,0,,0.0
2019,SD,PET,petroleum,0.0,13.63777,0.0,0.19535,2.7,7.9,197.9795817058067,14324.18936527013,23.819847064243664,73,579273.5909169901,0.00034177215189873416
2019,DC,NG,natural gas,0.0,110.12304,0.0,2.07738,0.0,1.7,0.0,18864.172293100513,18.087196973110366,53,15437.278157232127,0.0
2019,IA,COW,all coal products,4.86,22159.20264,0.34,265.03884,341.8,25.5,15.424742737945376,11960.666830203238,28.52683757885448,95,1150.7634283721682,0.013403921568627452
2019,WA,NG,natural gas,0.0,15728.67334,0.0,130.14365,382.2,19.8,24.299570074229795,8274.292890871367,41.23615207970577,53,1258.8474292772107,0.019303030303030305
2019,WA,COW,all coal products,8.43,7170.10162,0.39,80.80718,180.2,7.7,25.132140316862063,11270.018792285959,30.275016065948595,95,1073.903887013529,0.0234025974025974
2019,NH,COW,all coal products,6.99,343.01544,1.84,4.18193,14.0,0.4,40.81448928363108,12191.666940706811,27.986328830946473,95,1166.1282652466023,0.035
2019,MD,NG,natural gas,0.0,14605.26136,0.0,113.63409,312.9,16.4,21.423786421032588,7780.3530658625605,43.85405098093363,53,1122.883021108771,0.01907926829268293
2019,NE,NG,natural gas,0.0,1276.85556,0.0,12.9854,38.0,10.3,29.76060972785363,10169.826883159752,33.55022695273153,53,8066.691584128748,0.0036893203883495143
2019,IN,WNT,onshore wind turbine,0.0,6216.03,0.0,55.35375,,,29.416666666666664,8905.000458491995,38.31555108732471,0,,0.0
2019,IN,TSN,estimated total solar,,450.13763,,,,,36.10566666666666,,,0,,0.0
2019,NH,PET,petroleum,0.0,30.08994,0.0,0.75151,2.7,10.6,89.73098650246561,24975.45691350664,13.661411728386847,73,352277.2062689391,0.0002547169811320755
2019,AK,WNT,onshore wind turbine,0.0,142.59093,0.0,1.26977,,,,8904.984349285049,38.31562040054498,0,,0.0
2019,VA,NUC,nuclear,0.0,29497.516,0.0,308.00251,181.8,,6.163230829334918,10441.642272522202,32.67685207890027,0,,0.0
2019,OR,WNT,onshore wind turbine,0.0,6568.889,0.0,58.49595,,,24.55555555555556,8904.999003636689,38.315557347132575,0,,0.0
2019,OR,PET,petroleum,0.0,6.62328,0.0,0.08664,1.0,22.7,150.9825947264799,13081.13200710222,26.083369529085875,73,3427304.900291094,4.4052863436123345e-05
2019,IL,WNT,onshore wind turbine,0.0,14459.59701,0.0,128.7627,,,29.416666666666664,8904.99921339094,38.31555644462256,0,,0.0
2019,IL,NUC,nuclear,0.0,98735.488,0.0,1030.96064,691.8,,7.006599288798776,10441.642218854482,32.67685224685202,0,,0.0
2019,PA,PET,petroleum,0.0,185.32073,0.82,2.97879,31.1,76.7,167.81716756673686,16073.700983154988,21.227220809791895,73,413877.06599256326,0.0004054758800521512
2019,KS,WNT,onshore wind turbine,0.0,21123.53876,0.0,188.10511,,,13.25,8904.99987417828,38.31555360145186,0,,0.0
2019,KS,PET,petroleum,0.0,78.14034,0.0,1.01324,15.1,24.7,193.2420565357151,12966.925918162115,26.313098582764205,73,316097.9335385538,0.000611336032388664
2019,MO,NUC,nuclear,0.0,9189.863,0.0,96.02786,79.3,,8.629073142874926,10449.324434977974,32.65282862286008,0,,0.0
2019,AL,PET,petroleum,0.0,19.91985,0.0,0.41836,2.5,36.6,125.50295308448608,21002.16618097024,16.245943254613252,73,1837363.2331568764,6.830601092896174e-05
2019,AZ,PET,petroleum,0.0,63.74791,0.0,0.7097,12.1,42.2,189.81014436394852,11132.91400455325,30.647860915879942,73,661982.4869552586,0.00028672985781990517
2019,AZ,NUC,nuclear,0.0,31920.368,0.0,333.30106,243.3,,7.622092577378807,10441.642151493992,32.67685245765495,0,,0.0
2019,AZ,NG,natural gas,0.0,46084.36665,0.0,369.44088,787.5,25.6,17.08822442935754,8016.620534373774,42.561575483958364,53,555.5029147829244,0.03076171875
2019,FL,PET,petroleum,0.36,1525.2838,5.3,16.44475,76.4,127.3,50.08903916766179,10781.436215345631,31.64698962039556,73,83459.8780895726,0.0006001571091908876
2019,MN,COW,all coal products,5.98,17804.53786,0.34,200.07056,376.2,19.6,21.129444805482866,11237.054371935268,30.363829230207585,95,1100.8429510565236,0.019193877551020408
2019,NY,NG,natural gas,0.0,47612.1335,0.0,418.11841,1154.6,70.6,24.250121032698523,8781.761691061376,38.85325200150837,53,1482.815299591647,0.016354107648725212
2018,NH,WNT,onshore wind turbine,0.0,406.659,0.0,3.70222,,,42.0,9103.991304754107,37.47806742981238,0,,0.0
2018,AL,NUC,nuclear,0.0,39462.827,0.0,412.56999,306.8,,7.774405011582165,10454.648624134303,32.63619967220592,0,,0.0
2018,VA,NG,natural gas,0.0,50160.30086,0.0,402.33765,1553.0,35.1,30.960739337160348,8021.037416082197,42.53813843529682,53,699.7565684058778,0.044245014245014244
2018,VA,COW,all coal products,17.3,9266.27552,1.22,112.09407,281.8,14.2,30.411355607954125,12096.992989045075,28.205356513721018,95,1532.4387850707897,0.019845070422535215
2018,LA,PET,petroleum,0.32,4377.79437,6.01,51.03664,126.6,85.3,28.91867212118509,11658.071550765873,29.267276196943993,73,19484.697724621547,0.0014841735052754984
2018,OR,NG,natural gas,0.0,17922.77655,0.0,136.02457,289.8,14.2,16.169369695121265,7589.480883194966,44.956961517025924,53,792.2879560756451,0.020408450704225353
2018,WI,NUC,nuclear,0.0,10129.122,0.0,105.89641,71.9,,7.09834475288184,10454.648487795883,32.63620009781257,0,,0.0
2018,TX,PET,petroleum,0.0,129.31292,0.0,5.11632,10.1,329.9,78.10511122941158,39565.42006784782,8.623692088063295,73,2551175.86084979,3.061533798120643e-05
2018,WA,WNT,onshore wind turbine,0.0,7900.094,0.0,71.92245,,,15.8,9103.999268869458,37.4780346442592,0,,0.0
2018,WA,PET,petroleum,0.0,23.65646,0.0,0.7673,2.6,55.0,109.90655406599298,32435.114974937078,10.5194632503584,73,2324946.3360113897,4.7272727272727275e-05
2018,FL,NUC,nuclear,0.0,29312.349,0.0,306.55343,193.0,,6.584255666442836,10458.166624585427,32.625221250337994,0,,0.0
2018,OK,TSN,estimated total solar,,72.75905,,,,,64.55,,,0,,0.0
2018,IN,PET,petroleum,0.0,130.61654,0.0,1.63021,20.2,48.5,154.65116439311595,12480.884886401065,27.33780522018635,73,371315.9145082239,0.0004164948453608248
2018,ME,PET,petroleum,0.0,189.10704,0.66,2.59888,24.8,12.0,131.14265867627137,13742.904547604363,24.827357187711627,73,63456.12516593777,0.0020666666666666663
2018,ME,COW,all coal products,7.62,70.82781,0.75,2.1114,6.1,0.2,86.12436273266108,29810.324503891905,11.445698954248366,95,2823.7495977921667,0.0305
2018,GA,NG,natural gas,0.0,51972.10992,0.0,405.46769,1498.3,39.8,28.828923865248377,7801.639968516406,43.73439448332862,53,765.7953479522695,0.03764572864321608
2018,NV,PET,petroleum,0.0,10.24522,0.0,0.1238,2.3,21.6,224.49493519904897,12083.68390332272,28.236422164781906,73,2108300.260999764,0.0001064814814814815
2018,NV,COW,all coal products,7.27,2485.04578,0.37,28.14869,86.5,3.3,34.80821186320359,11327.231967533411,30.12209875969361,95,1327.943342758056,0.026212121212121214
2018,AK,COW,all coal products,8.42,628.56407,0.14,13.92752,34.0,1.7,54.091542330760326,22157.67757772091,15.398725737532601,95,2704.577116538016,0.02
2018,UT,TSN,estimated total solar,,2618.09736,,,,,24.66478260869565,,,0,,0.0
2018,NV,NG,natural gas,0.0,26688.6115,0.0,210.93222,655.5,16.4,24.561037954334942,7903.454250514306,43.170997033075366,53,614.494313426534,0.03996951219512196
2018,KS,WNT,onshore wind turbine,0.0,18907.502,0.0,172.13389,,,14.833333333333334,9103.9995658866,37.4780334215418,0,,0.0
2018,KS,PET,petroleum,0.0,52.01572,0.0,0.6831,11.2,24.1,215.3195226366183,13132.56838509589,25.98120870150783,73,463321.47281629476,0.00046473029045643153
2018,IN,WNT,onshore wind turbine,0.0,5437.153,0.0,49.49984,,,24.0,9103.999832265157,37.47803232495297,0,,0.0
2018,IN,TSN,estimated total solar,,388.95137,,,,,37.49111111111111,,,0,,0.0
2018,KS,COW,all coal products,5.07,20473.98303,0.37,225.13772,384.0,21.8,18.75551031947885,10996.283413447763,31.028665520091437,95,1064.7659504287476,0.017614678899082564
2018,NC,PET,petroleum,0.0,633.08106,1.45,7.86811,118.8,61.2,187.6536947733044,12428.282090764176,27.453512682461223,73,96670.08518624773,0.0019411764705882352
2018,CO,WNT,onshore wind turbine,0.0,9745.15,0.0,88.71984,,,15.8,9103.999425355176,37.47803400006132,0,,0.0
2018,CO,PET,petroleum,0.0,11.88243,0.0,0.18278,2.7,35.4,227.22624917630483,15382.375490535185,22.181229434292593,73,2979188.600311552,7.627118644067796e-05
2018,NJ,TSN,estimated total solar,,2902.65516,,,,,34.21666666666667,,,0,,0.0
2018,MI,WNT,onshore wind turbine,0.0,5457.252,0.0,49.68283,,,24.0,9104.001427824847,37.478025756584316,0,,0.0
2018,MI,COW,all coal products,4.93,42330.86358,0.48,455.91404,961.4,48.3,22.711561227260937,10770.251335373301,31.679854942602777,95,1141.0114492164585,0.019904761904761908
2018,HI,COW,all coal products,4.79,1311.20296,0.22,14.36709,47.1,1.4,35.92121238042355,10957.182402943934,31.139392176982255,95,1067.7218117323348,0.03364285714285714
2018,NM,PET,petroleum,0.0,20.73676,0.0,0.23601,4.7,17.9,226.65064359138069,11381.237956170586,29.979164069319104,73,863201.3872948328,0.00026256983240223464
2018,NM,NG,natural gas,0.0,11628.17718,0.0,103.72372,249.0,14.7,21.413502404166152,8920.032640919908,38.2509811045728,53,1264.1706238604115,0.01693877551020408
2018,AZ,COW,all coal products,10.29,30744.62287,0.61,324.95803,790.4,31.7,25.7085605942253,10569.589074943173,32.28129282801228,95,1031.0746088524065,0.024933753943217663
2018,WI,COW,all coal products,4.98,33322.37949,0.32,355.09498,779.9,34.6,23.40469113960025,10656.351240059657,32.018464135955966,95,1038.341214809807,0.022540462427745666
2018,WA,TSN,estimated total solar,,151.25903,,,,,24.66478260869565,,,0,,0.0
2018,OR,WNT,onshore wind turbine,0.0,7447.442,0.0,67.80151,,,15.8,9103.999735748193,37.47803272228008,0,,0.0
2018,OR,PET,petroleum,0.0,4.85631,0.0,0.05069,0.9,23.2,185.32589558739045,10437.966274805358,32.688360071019915,73,4777289.752919398,3.8793103448275865e-05
2018,TN,WNT,onshore wind turbine,0.0,41.009,0.0,0.37335,,,30.0,9104.099100197518,37.477623677514394,0,,0.0
2018,MS,NG,natural gas,0.0,49481.81055,0.0,385.34526,1213.0,31.0,24.51405853014002,7787.614392375946,43.81316059177684,53,626.4928395996212,0.03912903225806452
2018,CT,NG,natural gas,0.0,20006.45748,0.0,153.62491,653.2,15.1,32.64945833878832,7678.7662260335355,44.4342215866945,53,754.7563088115488,0.04325827814569536
2018,PA,WNT,onshore wind turbine,0.0,3566.917,0.0,32.47321,,,30.0,9103.999336121362,37.478034367406245,0,,0.0
2018,IN,COW,all coal products,8.46,77455.22874,2.69,829.51598,1748.9,93.9,22.57949564477653,10709.618879114034,31.85921029042503,95,1212.3132489247619,0.018625133120340788
2018,TX,WNT,onshore wind turbine,0.0,75700.43368,0.0,689.17675,,,16.416666666666668,9104.000023477805,37.47803153779636,0,,0.0
2018,HI,TSN,estimated total solar,,1213.27543,,,,,,,,0,,0.0
2018,SD,COW,all coal products,5.3,2339.33668,0.35,24.5991,46.0,2.6,19.66369372706113,10515.416703507597,32.44759666882121,95,1111.426167181716,0.017692307692307695
2018,CA,COW,all coal products,10.18,281.32814,0.44,14.57309,0.0,3.2,0.0,51801.03917084156,6.586740448868428,95,11374.617555143968,0.0
2018,IA,TSN,estimated total solar,,137.63567,,,,,52.657777777777774,,,0,,0.0
2018,IA,NUC,nuclear,0.0,4895.399,0.0,51.17968,38.1,,7.782818111455266,10454.649355445797,32.63619738927637,0,,0.0
2018,IL,TSN,estimated total solar,,161.44392,,,,,37.49111111111111,,,0,,0.0
2018,WI,NG,natural gas,0.0,16798.65559,0.0,151.98589,424.7,29.5,25.281785064563017,9047.503187723845,37.712061871717175,53,1756.0929112423098,0.014396610169491526
2018,AR,NUC,nuclear,0.0,12720.818,0.0,133.03955,107.7,,8.46643667097509,10458.41155812464,32.6244571753287,0,,0.0
2018,NJ,COW,all coal products,7.67,1193.28794,1.64,16.73182,58.7,1.6,49.19181534676367,14021.611581861791,24.333864763546348,95,1340.833126998669,0.0366875
2018,OR,COW,all coal products,4.88,1476.39096,0.25,15.49453,36.3,1.6,24.58698338277552,10494.869191016993,32.51112460668378,95,1083.7237854666896,0.0226875
2018,DE,TSN,estimated total solar,,159.50382,,,,,34.21666666666667,,,0,,0.0
2018,DE,NG,natural gas,0.0,5400.15488,0.0,49.77631,115.3,5.2,21.35123946667248,9217.570811598647,37.0162602462095,53,962.9353445507104,0.022173076923076924
2018,MN,PET,petroleum,0.0,46.57365,0.0,0.60907,7.2,41.6,154.59385296192158,13077.56639215522,26.090481192637956,73,893208.9282244359,0.00017307692307692307
2018,NE,WNT,onshore wind turbine,0.0,5549.106,0.0,50.51907,,,14.833333333333334,9104.001617557855,37.47802497551915,0,,0.0
2018,NE,COW,all coal products,5.17,23305.20823,0.3,257.45102,308.3,25.3,13.2288026331872,11046.930688591407,30.886407240010154,95,1085.5942478742659,0.012185770750988142
2018,CO,NG,natural gas,0.0,16398.43941,0.0,138.88123,500.9,27.0,30.545589581807658,8469.173591927794,40.28728379415995,53,1646.4981407642376,0.018551851851851854
2018,ME,NG,natural gas,0.0,2330.71691,0.0,22.66913,67.5,2.5,28.961046152962435,9726.247706333414,35.08033213855141,53,1072.6313389986087,0.027
2018,NM,WNT,onshore wind turbine,0.0,6091.551,0.0,55.45748,,,15.316666666666666,9103.999950094812,37.478031839888864,0,,0.0
2018,MO,NUC,nuclear,0.0,10655.279,0.0,111.3972,95.1,,8.92515343802823,10454.64881773626,32.636199067840124,0,,0.0
2018,NM,TSN,estimated total solar,,1599.00841,,,,,44.60739130434782,,,0,,0.0
2018,NY,NUC,nuclear,0.0,42919.011,0.0,448.70318,319.8,,7.451243459454366,10454.64864043582,32.636199621317594,0,,0.0
2018,MA,NG,natural gas,0.0,18385.82124,0.0,156.29167,656.5,23.8,35.706862991342774,8500.662981535655,40.13804579020751,53,1294.4757641949095,0.027584033613445375
2018,MI,PET,petroleum,0.29,1213.51219,5.61,17.43065,41.7,61.9,34.36306643116622,14363.802970945022,23.754154849532288,73,51008.96431868558,0.0006736672051696284
2018,MI,NUC,nuclear,0.0,30478.694,0.0,318.64404,201.6,,6.61445664305695,10454.648745776312,32.63619929247696,0,,0.0
2018,MO,PET,petroleum,0.0,99.75467,0.0,1.30512,18.0,43.1,180.44268002691,13083.297253151155,26.079052810469538,73,432059.9727311012,0.0004176334106728538
2018,KS,NUC,nuclear,0.0,9168.289,0.0,95.93228,56.0,,6.108009902392911,10463.487789270168,32.60862982512247,0,,0.0
2018,KS,NG,natural gas,0.0,3005.7153,0.0,34.34717,94.2,16.7,31.34029360664997,11427.286543073458,29.85835689985521,53,5556.081775276588,0.00564071856287425
2018,CA,PET,petroleum,0.0,68.87836,0.0,0.78567,6.5,236.6,94.36926198591256,11406.630471457218,29.912426886606337,73,3435041.136287217,2.7472527472527473e-05
2018,CA,NUC,nuclear,0.0,18213.519,0.0,190.41594,129.1,,7.088141506317368,10454.648549794249,32.63619990427272,0,,0.0
2018,OH,WNT,onshore wind turbine,0.0,1750.022,0.0,15.9322,,,30.0,9103.99983543064,37.478032311921766,0,,0.0
2018,OH,TSN,estimated total solar,,272.01981,,,,,34.21666666666667,,,0,,0.0
2018,OH,NUC,nuclear,0.0,18315.007,0.0,191.47696,137.6,,7.512964641509556,10454.648474881827,32.636200138126284,0,,0.0
2018,OK,WNT,onshore wind turbine,0.0,27338.228,0.0,248.88723,,,14.833333333333334,9104.00008369233,37.47803128991391,0,,0.0
2018,SD,WNT,onshore wind turbine,0.0,2835.002,0.0,25.80986,,,16.416666666666668,9104.00063209832,37.478029032315554,0,,0.0
2018,SD,TSN,estimated total solar,,2.61598,,,,,52.657777777777774,,,0,,0.0
2018,WI,WNT,onshore wind turbine,0.0,1637.658,0.0,14.90924,,,18.0,9104.000957464868,37.478027692893804,0,,0.0
2018,MT,COW,all coal products,9.57,13360.02622,0.69,149.91654,297.7,14.6,22.28289039989624,11221.275881597785,30.406524498657717,95,1092.8122265316933,0.02039041095890411
2018,DE,PET,petroleum,0.0,200.82391,0.5,2.0063,28.9,8.3,143.90716722924077,9990.344277232725,34.15297716792105,73,41329.74006929753,0.003481927710843373
2018,MI,TSN,estimated total solar,,197.35429,,,,,37.49111111111111,,,0,,0.0
2018,DC,NG,natural gas,0.0,22.77009,0.0,0.80701,0.0,1.7,0.0,35441.66931268168,9.62708604354345,53,74659.34478080676,0.0
2018,NC,WNT,onshore wind turbine,0.0,542.772,0.0,4.9414,,,30.0,9104.006838967374,37.47800348079492,0,,0.0
2018,NC,COW,all coal products,9.54,31690.46872,1.78,322.89844,985.4,31.1,31.09452273194399,10189.134242631675,33.48665272976853,95,981.3676242779156,0.031684887459807076
2018,NV,WNT,onshore wind turbine,0.0,312.348,0.0,2.84362,,,15.8,9104.01219152996,37.47798144618479,0,,0.0
2018,NV,TSN,estimated total solar,,5214.96662,,,,,24.66478260869565,,,0,,0.0
2018,MD,WNT,onshore wind turbine,0.0,569.984,0.0,5.18914,,,30.0,9104.009937121042,37.4779907267871,0,,0.0
2018,VT,PET,petroleum,0.0,3.13161,0.0,0.06722,0.7,5.1,223.52719527655103,21464.99723784252,15.895646117227013,73,1628555.279872015,0.00013725490196078428
2018,MD,TSN,estimated total solar,,1245.54708,,,,,34.21666666666667,,,0,,0.0
2018,LA,TSN,estimated total solar,,230.14058,,,,,52.657777777777774,,,0,,0.0
2018,ID,WNT,onshore wind turbine,0.0,2655.052,0.0,24.1716,,,15.8,9104.002482813896,37.478021413559716,0,,0.0
2018,MN,TSN,estimated total solar,,1122.74925,,,,,52.657777777777774,,,0,,0.0
2018,TX,COW,all coal products,8.69,111722.64276,0.55,1178.55865,2070.7,113.8,18.53429124880468,10548.968596560613,32.34439432412804,95,1018.59387845365,0.018195957820738136
2018,IL,WNT,onshore wind turbine,0.0,11898.98376,0.0,108.32835,,,24.0,9104.00015538806,37.478030994767295,0,,0.0
2018,IL,NUC,nuclear,0.0,98101.527,0.0,1025.61699,737.0,,7.512625160258718,10454.64858054656,32.63619980827346,0,,0.0
2018,FL,PET,petroleum,0.37,2077.35849,5.22,23.26869,144.2,130.1,69.41507722145734,11201.095098419917,30.46130730986575,73,62627.61127955339,0.001108378170637971
2018,NE,TSN,estimated total solar,,37.74694,,,,,64.55,,,0,,0.0
2018,NE,PET,petroleum,0.0,12.47361,0.0,0.19913,3.4,16.7,272.5754613139259,15964.103415130023,21.372950996836238,73,1338826.5305713422,0.00020359281437125747
2018,RI,WNT,onshore wind turbine,0.0,41.24353,0.0,0.37548,,,42.0,9103.973398979186,37.4781411420049,0,,0.0
2018,AK,NG,natural gas,0.0,2947.90206,0.0,26.14216,170.6,17.7,57.87166484085974,8868.055813224677,38.47517507627526,53,6004.270033313115,0.009638418079096045
2018,VT,TSN,estimated total solar,,237.10099,,,,,,,,0,,0.0
2018,PA,TSN,estimated total solar,,478.87842,,,,,34.21666666666667,,,0,,0.0
2018,WY,PET,petroleum,0.0,40.13569,0.0,0.42737,6.9,11.2,171.91681518369313,10648.12888479057,32.043188403491115,73,279053.3811677338,0.0006160714285714285
2018,WY,COW,all coal products,6.94,39679.287,0.45,443.74167,712.9,43.6,17.96655267520306,11183.20674461716,30.510032389791114,95,1098.8100668240334,0.016350917431192664
2018,OR,TSN,estimated total solar,,776.37379,,,,,24.66478260869565,,,0,,0.0
2018,SD,PET,petroleum,0.0,6.39619,0.0,0.11725,2.0,7.9,312.6861459712736,18331.22530756591,18.613049279317696,73,1235110.2765865305,0.0002531645569620254
2018,WA,NUC,nuclear,0.0,9708.441,0.0,101.49834,75.6,,7.787038104264114,10454.648691793049,32.63619946099611,0,,0.0
2018,WV,TSN,estimated total solar,,9.54303,,,,,34.21666666666667,,,0,,0.0
2018,WV,PET,petroleum,0.1,158.88497,0.2,1.67045,27.7,14.3,174.33996431506392,10513.58098881222,32.45326215331198,73,90002.2198449608,0.001937062937062937
2018,KY,TSN,estimated total solar,,71.14056,,,,,37.49111111111111,,,0,,0.0
2018,ID,COW,all coal products,0.0,20.33815,0.0,1.19096,0.0,0.3,0.0,58557.93176862203,5.826708520857123,95,14750.604160162062,0.0
2018,KS,TSN,estimated total solar,,34.78101,,,,,64.55,,,0,,0.0
2018,OH,PET,petroleum,0.0,1315.74638,0.0,27.39174,65.7,75.3,49.93363538647927,20818.40422772054,16.389344556278644,73,57229.87434706071,0.0008725099601593627
2018,IA,PET,petroleum,0.42,110.56531,5.74,2.93266,12.2,26.4,110.34202318973284,26524.232600623105,12.863708637209905,73,238772.90264007763,0.0004621212121212121
2018,AZ,TSN,estimated total solar,,7405.58712,,,,,24.66478260869565,,,0,,0.0
2018,WY,WNT,onshore wind turbine,0.0,4057.158,0.0,36.93637,,,15.8,9104.000879433337,37.478028014122664,0,,0.0
2018,IN,NG,natural gas,0.0,26816.99487,0.0,246.64306,675.0,46.2,25.17060555338802,9197.266927023133,37.09797733471195,53,1722.7881134318911,0.014610389610389612
2018,IL,PET,petroleum,0.0,53.11078,0.0,0.62116,10.0,84.4,188.2856926597576,11695.554085253501,29.173478871788266,73,1589131.246048354,0.00011848341232227487
2018,IL,NG,natural gas,0.0,17240.91879,0.0,161.39047,481.1,59.1,27.90454533542873,9360.897291251611,36.44949724198709,53,3427.8915596005777,0.008140439932318104
2018,ID,PET,petroleum,0.0,0.05722,0.0,0.00071,0.0,12.7,0.0,12408.248864033554,27.497836619718314,73,221950367.00454387,0.0
2018,VT,NG,natural gas,0.0,1.79663,0.0,0.09486,0.0,0.7,0.0,52798.85118249167,6.462261817415136,53,389618.341005104,0.0
2018,MD,COW,all coal products,9.9,10066.92366,2.32,116.29334,284.3,11.9,28.241000885865464,11552.023629828538,29.535950664001913,95,1182.0890275828315,0.02389075630252101
2018,PA,NG,natural gas,0.0,76390.85858,0.0,584.27782,1707.1,79.2,22.34691469283916,7648.530607731258,44.60987573941452,53,1036.7732667523057,0.021554292929292933
2018,IA,WNT,onshore wind turbine,0.0,21334.05656,0.0,194.22525,,,16.416666666666668,9103.999956771464,37.47803181240339,0,,0.0
2018,ND,TSN,estimated total solar,,0.36102,,,,,52.657777777777774,,,0,,0.0
2018,NH,NUC,nuclear,0.0,10061.696,0.0,105.1915,71.4,,7.096219166232015,10454.648997544748,32.636198506533326,0,,0.0
2018,MA,TSN,estimated total solar,,3061.62126,,,,,,,,0,,0.0
2018,FL,COW,all coal products,8.29,30272.20083,2.55,318.97821,905.6,31.4,29.91523494065033,10537.000986194897,32.381130119189024,95,1037.2552751064713,0.02884076433121019
2018,MN,COW,all coal products,6.11,23455.35648,0.34,259.00754,530.2,25.0,22.60464471951612,11042.575294937493,30.89858940390692,95,1065.8546171027967,0.021208000000000005
2018,HI,PET,petroleum,0.0,6748.94719,0.37,69.58525,911.2,18.6,135.01365092175214,10310.534079019813,33.09236916197039,73,2755.985411703896,0.04898924731182796
2018,MS,PET,petroleum,0.0,27.30957,0.0,0.37806,4.2,26.2,153.79224206020086,13843.49881744751,24.646948325662596,73,959370.6528517293,0.00016030534351145037
2018,MS,COW,all coal products,9.67,5280.04337,0.55,60.01486,161.3,5.7,30.548991494363424,11366.357394143904,30.018412070677165,95,1079.5365872155705,0.028298245614035086
2018,TX,NG,natural gas,0.0,239713.0839,0.0,2173.65389,5211.0,238.2,21.738488009164527,9067.73153403163,37.62793359281316,53,993.6879377821896,0.02187657430730479
2018,TN,PET,petroleum,0.0,129.55539,0.0,1.37248,21.1,48.2,162.86470211698642,10593.769969740357,32.20760890359058,73,372041.6418027842,0.00043775933609958503
2018,CT,WNT,onshore wind turbine,0.0,12.295,0.0,0.11193,,,42.0,9103.700691337943,37.47926382560529,0,,0.0
2018,HI,WNT,onshore wind turbine,0.0,601.934,0.0,5.48001,,,,9104.004757996723,37.47801204742328,0,,0.0
2018,AZ,WNT,onshore wind turbine,0.0,530.19,0.0,4.82685,,,15.8,9104.000452667911,37.47802977096865,0,,0.0
2018,NJ,WNT,onshore wind turbine,0.0,22.596,0.0,0.20572,,,30.0,9104.266241812711,37.47693564067664,0,,0.0
2018,VT,WNT,onshore wind turbine,0.0,373.346,0.0,3.39894,,,42.0,9103.994685894586,37.47805351080042,0,,0.0
2018,MT,NG,natural gas,0.0,476.37012,0.0,5.96933,6.9,4.7,14.484535679945669,12530.865705850736,27.228765195423943,53,9866.277926919514,0.0014680851063829786
2018,OH,COW,all coal products,9.24,58726.96224,3.59,604.4452,1066.7,68.3,18.163718321419516,10292.464941908767,33.15046511460096,95,1163.0092447294955,0.015617862371888726
2018,AR,TSN,estimated total solar,,225.17928,,,,,52.657777777777774,,,0,,0.0
2018,AR,PET,petroleum,0.0,35.51712,0.0,0.45244,5.3,22.3,149.22381093962576,12738.645475759298,26.784637397223936,73,627866.223387482,0.00023766816143497757
2018,TX,TSN,estimated total solar,,3921.31139,,,,,46.04851851851851,,,0,,0.0
2018,TX,NUC,nuclear,0.0,41185.739,0.0,430.58243,292.2,,7.094688770790297,10454.648634567417,32.63619963963694,0,,0.0
2018,PA,PET,petroleum,0.0,625.64677,0.63,9.51231,122.1,79.4,195.1580442107933,15203.962453126709,22.44151819316233,73,126908.67084633077,0.0015377833753148615
2018,CT,COW,all coal products,2.0,329.70082,0.09,4.02334,15.6,0.4,47.3156239041201,12203.00271015401,27.96033141220976,95,1213.2211257466693,0.039
2018,NC,NUC,nuclear,0.0,42076.949,0.0,439.89972,271.1,,6.442957639347853,10454.64869613051,32.63619944745589,0,,0.0
2018,NC,NG,natural gas,0.0,43445.74927,0.0,348.22827,1462.4,31.5,33.66037010690505,8015.243743084834,42.56888635412627,53,725.0421624504302,0.04642539682539682
2018,OK,NG,natural gas,0.0,41612.98556,0.0,338.3226,919.1,43.9,22.086855524335995,8130.216937022868,41.966899855557976,53,1054.9591529957024,0.020936218678815493
2018,WA,NG,natural gas,0.0,10535.0778,0.0,90.09476,245.2,17.5,23.274626410447585,8551.883688984244,39.897642719287994,53,1661.1173009087795,0.014011428571428572
2018,WA,COW,all coal products,9.36,5382.86613,0.36,61.13697,140.1,5.9,26.02702660933535,11357.698394033812,30.04129781956809,95,1096.0703568528093,0.023745762711864408
2018,KY,NG,natural gas,0.0,14614.99877,0.0,122.23375,423.0,18.6,28.942869353385515,8363.582640246777,40.79591422437747,53,1272.6651772410653,0.022741935483870965
2018,GA,COW,all coal products,6.45,32180.55494,1.44,338.6929,911.5,32.5,28.32455815940631,10524.768781380126,32.41876444864359,95,1009.9266485800384,0.028046153846153846
2018,SD,NG,natural gas,0.0,1167.71882,0.0,9.81496,27.7,4.9,23.721464042174123,8405.242625103876,40.59371218874045,53,4196.215660890008,0.005653061224489796
2018,MO,NG,natural gas,0.0,7050.05538,0.0,68.75548,214.4,17.3,30.411108628766545,9752.473745816164,34.98599523493982,53,2453.8814331980466,0.01239306358381503
2018,ND,NG,natural gas,0.0,1019.27285,0.0,11.70641,29.8,6.7,29.23652876656137,11485.060158327577,29.708159582655995,53,6573.313514629572,0.004447761194029849
2018,UT,WNT,onshore wind turbine,0.0,794.555,0.0,7.23363,,,15.8,9104.001610964628,37.478025002661184,0,,0.0
2018,WV,WNT,onshore wind turbine,0.0,1769.984,0.0,16.11393,,,30.0,9103.997550260341,37.47804171918334,0,,0.0
2018,WV,NG,natural gas,0.0,1420.39044,0.0,18.51816,37.1,11.4,26.11957878285917,13037.373019773351,26.17091644785443,53,8025.962213600931,0.0032543859649122805
2018,DE,COW,all coal products,7.87,273.38813,2.57,4.29649,11.3,0.4,41.333177120747706,15715.715236063834,21.71075225498023,95,1463.1213140087684,0.028249999999999997
2018,AR,NG,natural gas,0.0,20623.70469,0.0,169.00899,515.0,19.2,24.97126523779759,8194.889935654914,41.635702575513875,53,930.9675583800265,0.02682291666666667
2018,IA,COW,all coal products,4.87,28552.99859,0.34,323.85475,455.1,31.2,15.938781300517691,11342.232549733755,30.082261010246103,95,1092.7048485523005,0.014586538461538462
2018,LA,NG,natural gas,0.0,61781.77399,0.0,613.82169,1023.7,95.8,16.569611616618456,9935.319922981707,34.34212512983697,53,1550.6191197343442,0.010685803757828809
2018,IL,COW,all coal products,8.26,59641.9239,1.04,674.57406,1102.3,67.3,18.48196583745683,11310.4007364189,30.16692405082994,95,1128.400889831121,0.01637890044576523
2018,ME,TSN,estimated total solar,,67.5105,,,,,,,,0,,0.0
2018,KY,COW,all coal products,8.37,59168.14328,2.55,635.91483,1245.1,62.7,21.04341848463696,10747.588055800154,31.746657782986436,95,1059.6918632935005,0.019858054226475276
2018,CA,WNT,onshore wind turbine,0.0,14023.9508,0.0,127.67405,,,42.333333333333336,9104.000136680457,37.47803107178005,0,,0.0
2018,ME,WNT,onshore wind turbine,0.0,2384.295,0.0,21.70662,,,42.0,9103.999295389203,37.47803453508653,0,,0.0
2018,GA,NUC,nuclear,0.0,34362.676,0.0,359.2497,282.3,,8.215308959057786,10454.648526209075,32.636199977898386,0,,0.0
2018,WI,PET,petroleum,0.43,137.51133,5.99,2.03347,10.9,36.7,79.26619573819845,14787.654224564623,23.0733012023782,73,266887.0994120994,0.00029700272479564027
2017,IA,COW,all coal products,4.81,25358.22958,0.35,296.98388,419.0,28.7,16.523235531019278,11711.538420419964,29.133661842844806,95,1131.782481480318,0.014599303135888503
2017,NV,NG,natural gas,0.0,26625.90415,0.0,207.42151,689.9,16.1,25.91085719055291,7790.214703375622,43.798536111225886,53,604.6743017363414,0.04285093167701863
2017,NC,TSN,estimated total solar,,5299.65601,,,,,63.1885,,,0,,0.0
2017,NC,PET,petroleum,0.0,251.38133,1.45,3.2037,35.0,59.8,139.23070579664767,12744.383204592004,26.772578517339323,73,237885.6059039866,0.0005852842809364548
2017,NJ,TSN,estimated total solar,,2586.49378,,,,,90.225,,,0,,0.0
2017,NY,NG,natural gas,0.0,47271.75602,0.0,419.37169,1333.8,67.4,28.21557970970421,8871.50648312218,38.46020973429084,53,1425.7985248418534,0.019789317507418393
2017,OR,NG,natural gas,0.0,15066.37851,0.0,116.56462,268.7,13.8,17.834411887478858,7736.737791542448,44.101274877505716,53,915.9467214261565,0.01947101449275362
2017,UT,NG,natural gas,0.0,5870.85163,0.0,51.86981,140.9,12.1,23.99992520335589,8835.142372691847,38.61850614367008,53,2061.029772608987,0.011644628099173554
2017,UT,PET,petroleum,0.0,38.41294,0.0,0.38265,5.6,20.6,145.78420709271407,9961.486936433399,34.25191461649027,73,536277.6189481982,0.00027184466019417475
2017,FL,NG,natural gas,0.0,161104.58841,0.0,1247.89186,5091.9,75.0,31.60617615087081,7745.849279129169,44.0493982912045,53,465.53608894819433,0.067892
2017,NE,NG,natural gas,0.0,629.35409,0.0,6.58607,26.1,9.1,41.47108982798538,10464.808451471252,32.604514605523484,53,14459.26886722862,0.002868131868131868
2017,WA,NUC,nuclear,0.0,8128.259,0.0,85.0145,64.2,,7.898370364428594,10459.127840291507,32.622222924324674,0,,0.0
2017,HI,PET,petroleum,0.0,6633.59616,0.45,68.25767,717.2,18.7,108.11631921832274,10289.693305659415,33.15939453825482,73,2818.9837832998264,0.03835294117647058
2017,FL,PET,petroleum,0.37,1462.88406,3.98,16.2095,94.5,123.6,64.59842073882464,11080.509004930984,30.792809233597584,73,84490.6328393516,0.0007645631067961164
2017,AL,TSN,estimated total solar,,188.70746,,,,,36.152,,,0,,0.0
2017,AL,COW,all coal products,7.29,31440.40111,0.82,318.13524,684.1,36.1,21.758628256889946,10118.676249929053,33.71982575313568,95,1148.2041807831122,0.018950138504155126
2017,RI,WNT,onshore wind turbine,0.0,44.551,0.0,0.41044,,,,9212.81228255258,37.035379592632296,0,,0.0
2017,OK,TSN,estimated total solar,,38.31167,,,,,,,,0,,0.0
2017,WI,NUC,nuclear,0.0,9648.979,0.0,100.91991,72.1,,7.472293182522213,10459.128369954997,32.62222127229404,0,,0.0
2017,TX,COW,all coal products,8.78,134648.35789,0.54,1439.46557,2510.7,138.8,18.64634696882897,10690.55421512055,31.91602541217294,95,1030.8332175383205,0.018088616714697404
2017,ME,TSN,estimated total solar,,46.34116,,,,,82.18875,,,0,,0.0
2017,WY,WNT,onshore wind turbine,0.0,4320.655,0.0,39.80619,,,30.166666666666668,9212.998955019551,37.034629187068646,0,,0.0
2017,KS,NUC,nuclear,0.0,10647.987,0.0,111.36866,71.2,,6.686709891738222,10459.128096230772,32.62222212604515,0,,0.0
2017,VT,NG,natural gas,0.0,1.80734,0.0,0.08352,0.0,0.6,0.0,46211.55952947425,7.383434003831418,53,331979.5943209358,0.0
2017,OR,COW,all coal products,4.76,1728.1047,0.24,17.77025,41.2,1.8,23.84114805080965,10283.086435677189,33.180699407155224,95,1041.6035556178974,0.022888888888888886
2017,OK,WNT,onshore wind turbine,0.0,23598.843,0.0,217.41614,,,15.25,9212.999976312398,37.03462508165217,0,,0.0
2017,SD,WNT,onshore wind turbine,0.0,2958.302,0.0,27.25483,,,20.775,9212.997861611155,37.03463358237787,0,,0.0
2017,SD,TSN,estimated total solar,,2.89105,,,,,33.553333333333335,,,0,,0.0
2017,PA,WNT,onshore wind turbine,0.0,3590.565,0.0,33.07988,,,45.0,9213.001296453345,37.03461977492058,0,,0.0
2017,PA,NG,natural gas,0.0,72503.44753,0.0,569.94426,1395.3,73.4,19.2446021194049,7860.926334077731,43.404553801868275,53,1012.3656529522824,0.019009536784741144
2017,MA,PET,petroleum,0.0,265.50728,0.5,3.17068,29.6,39.0,111.4847020390552,11941.970103418635,28.57150009966316,73,146888.627686593,0.0007589743589743589
2017,AZ,TSN,estimated total solar,,6834.51746,,,,,33.92666666666667,,,0,,0.0
2017,MO,PET,petroleum,0.0,60.71975,0.0,0.77421,9.7,42.3,159.75032835280118,12750.546568455899,26.75963717854329,73,696643.1844663392,0.0002293144208037825
2017,TX,PET,petroleum,0.0,163.71061,0.0,2.86099,9.8,316.7,59.86172796008761,17475.898477197046,19.52403193719657,73,1934511.1474448722,3.094411114619514e-05
2017,IA,WNT,onshore wind turbine,0.0,21372.75248,0.0,196.90717,,,20.775,9213.000065586311,37.03462472278689,0,,0.0
2017,TN,NUC,nuclear,0.0,31817.502,0.0,333.69182,237.8,,7.473873970370144,10487.681276801679,32.533406669663044,0,,0.0
2017,TN,COW,all coal products,7.12,27715.28404,1.55,320.56275,671.7,32.0,24.23572491736224,11566.28052367599,29.499543894129932,95,1154.597584272133,0.020990625
2017,KY,NG,natural gas,0.0,10379.62837,0.0,89.81051,309.1,15.4,29.779486218734437,8652.574716410581,39.433349168644085,53,1483.675469972534,0.020071428571428573
2017,KY,COW,all coal products,8.28,57236.50896,2.46,616.88854,1227.1,61.1,21.439113291440687,10777.885500164159,31.65741554730779,95,1067.5004662268975,0.020083469721767597
2017,KS,TSN,estimated total solar,,21.97867,,,,,,,,0,,0.0
2017,KS,COW,all coal products,5.06,19389.77097,0.37,214.31141,367.9,20.7,18.97392189774792,11052.807706268639,30.86998426711859,95,1067.5732081635824,0.017772946859903382
2017,IN,NG,natural gas,0.0,17975.9169,0.0,173.89748,450.5,38.7,25.06130855555969,9673.914324781954,35.270107688047005,53,2152.880446393252,0.011640826873385014
2017,IN,COW,all coal products,8.49,72384.95664,2.68,769.90647,1650.5,88.5,22.80169909071869,10636.277283815472,32.07889291483419,95,1222.6297300991241,0.01864971751412429
2017,DE,COW,all coal products,7.68,358.7971,2.41,4.80439,12.9,0.5,35.95346785132879,13390.269876763217,25.481189187389035,95,1393.5452655553795,0.025799999999999997
2017,FL,NUC,nuclear,0.0,29146.219,0.0,304.84402,210.5,,7.2222060775704735,10459.127477220973,32.62222405674876,0,,0.0
2017,SD,NG,natural gas,0.0,654.34764,0.0,6.0635,18.6,4.4,28.425257253162865,9266.481040567367,36.820881465820065,53,6724.2544039740105,0.004227272727272728
2017,MO,WNT,onshore wind turbine,0.0,2032.318,0.0,18.72375,,,20.775,9213.002099080952,37.03461654850123,0,,0.0
2017,ME,PET,petroleum,0.0,132.39144,1.98,2.16978,17.5,12.7,132.18377260644647,16389.126064343738,20.81868176865857,73,95927.65212010685,0.001377952755905512
2017,ME,COW,all coal products,6.88,67.93538,1.11,2.11364,7.4,0.2,108.92704213916228,31112.507209056614,10.966650733332068,95,2943.9741118692505,0.037000000000000005
2017,TN,PET,petroleum,0.0,123.66345,0.0,1.47888,17.3,47.7,139.89582208809475,11958.909443331882,28.531029657578706,73,385724.31870532484,0.00036268343815513623
2017,MN,WNT,onshore wind turbine,0.0,11137.272,0.0,102.60769,,,20.775,9213.000275112254,37.03462388052981,0,,0.0
2017,IL,PET,petroleum,0.0,51.14593,0.0,0.60608,8.0,84.2,156.41518298718978,11850.014263109499,28.793214288542767,73,1646269.8009401725,9.501187648456056e-05
2017,IL,NG,natural gas,0.0,15016.20963,0.0,166.11247,471.9,54.2,31.42603970160478,11062.210377519885,30.843745359731265,53,3609.4328286225455,0.008706642066420663
2017,DE,TSN,estimated total solar,,142.63587,,,,,90.225,,,0,,0.0
2017,DE,NG,natural gas,0.0,6723.18839,0.0,59.51402,123.2,5.4,18.32463897386043,8852.053006356407,38.54473078222577,53,803.190344633493,0.022814814814814812
2017,TX,NG,natural gas,0.0,204511.99567,0.0,1876.3562,4358.1,206.4,21.30975244617053,9174.797761142985,37.18883062960221,53,1009.231753491108,0.02111482558139535
2017,WA,WNT,onshore wind turbine,0.0,6925.15525,0.0,63.80146,,,30.166666666666668,9213.000676049825,37.034622268832095,0,,0.0
2017,WA,PET,petroleum,0.0,23.11654,0.0,0.71156,2.8,54.6,121.12539333308531,30781.42317146078,11.084607690145596,73,2361945.1699951636,5.1282051282051286e-05
2017,WI,TSN,estimated total solar,,76.99422,,,,,33.553333333333335,,,0,,0.0
2017,AL,NUC,nuclear,0.0,42651.973,0.0,446.10243,331.2,,7.765174192527975,10459.127646920342,32.6222235274531,0,,0.0
2017,MD,COW,all coal products,10.43,8514.00866,2.27,98.95752,252.8,10.2,29.69224135132604,11622.905725350765,29.35582616451989,95,1198.0255608525538,0.024784313725490198
2017,AK,TSN,estimated total solar,,1.81797,,,,,,,,0,,0.0
2017,AK,PET,petroleum,0.0,880.68236,0.0,8.79397,81.4,14.6,92.4283302324802,9985.404953495377,34.169871085755354,73,16578.054316882197,0.005575342465753425
2017,CA,WNT,onshore wind turbine,0.0,12822.94833,0.0,118.13782,,,43.0,9212.999768829295,37.03462591569745,0,,0.0
2017,ME,NG,natural gas,0.0,2237.06807,0.0,20.55444,51.5,2.3,23.02120382058826,9188.115585593245,37.1349268325481,53,1028.1314327641358,0.022391304347826088
2017,VA,NG,natural gas,0.0,44506.88545,0.0,352.73831,1090.0,31.3,24.490592612339267,7925.47729263765,43.051034959996265,53,703.2619713451551,0.034824281150159744
2017,VA,COW,all coal products,16.6,10726.42243,1.12,124.15227,315.9,15.2,29.450639489684917,11574.434142437554,29.478762918438782,95,1417.0614759202617,0.020782894736842108
2017,ID,PET,petroleum,0.0,0.16961,0.0,0.00201,0.0,12.4,0.0,11850.71634927186,28.79150845771144,73,73108896.88108012,0.0
2017,IA,PET,petroleum,1.8,146.71931,5.84,2.59349,9.1,25.7,62.02319244821967,17676.541690388265,19.302418197872363,73,175164.40065046653,0.00035408560311284045
2017,CO,WNT,onshore wind turbine,0.0,9314.66295,0.0,85.81599,,,30.166666666666668,9213.000025942967,37.0346248821461,0,,0.0
2017,CO,PET,petroleum,0.0,7.24864,0.0,0.12183,1.5,34.1,206.93536994525869,16807.29074695391,20.300713847164083,73,4704330.743422214,4.398826979472141e-05
2017,NE,WNT,onshore wind turbine,0.0,5084.084,0.0,46.83967,,,15.25,9213.000808011826,37.03462173836836,0,,0.0
2017,NE,COW,all coal products,5.06,21173.56278,0.27,226.16491,291.9,22.4,13.786059674176382,10681.476346230666,31.943149892421417,95,1057.9230445411133,0.01303125
2017,GA,NG,natural gas,0.0,52722.49977,0.0,402.01487,1324.9,37.2,25.12968857280721,7625.110185476321,44.74689436618103,53,705.5811117129053,0.035615591397849464
2017,NV,WNT,onshore wind turbine,0.0,361.364,0.0,3.32925,,,30.166666666666668,9213.009596971475,37.03458640835023,0,,0.0
2017,NV,TSN,estimated total solar,,4557.87283,,,,,33.92666666666667,,,0,,0.0
2017,AK,NG,natural gas,0.0,3234.86849,0.0,29.77472,204.8,17.6,63.31014711513049,9204.3061694913,37.06960565164004,53,5440.715767706526,0.011636363636363637
2017,OH,WNT,onshore wind turbine,0.0,1588.56,0.0,14.63541,,,45.0,9213.00423024626,37.034607981600786,0,,0.0
2017,OH,TSN,estimated total solar,,234.12827,,,,,90.225,,,0,,0.0
2017,OH,NUC,nuclear,0.0,17687.789,0.0,184.99884,136.4,,7.711534776901737,10459.127480546042,32.62222404637781,0,,0.0
2017,ND,TSN,estimated total solar,,0.31857,,,,,33.553333333333335,,,0,,0.0
2017,MT,TSN,estimated total solar,,28.83123,,,,,33.74,,,0,,0.0
2017,NJ,NUC,nuclear,0.0,34032.698,0.0,355.95233,261.2,,7.674971875576835,10459.127571960355,32.62222376125477,0,,0.0
2017,NE,TSN,estimated total solar,,20.65482,,,,,,,,0,,0.0
2017,NE,PET,petroleum,0.0,5.64128,0.0,0.09505,1.2,16.1,212.7176810936525,16849.012989959727,20.250444355602312,73,2853962.221339838,7.453416149068321e-05
2017,NY,WNT,onshore wind turbine,0.0,4135.951,0.0,38.10452,,,61.0,9213.000831005977,37.034621645935964,0,,0.0
2017,NY,PET,petroleum,0.0,597.89332,0.4,7.43661,57.8,95.9,96.67276429848722,12438.021552072196,27.43201549953541,73,160396.5068551025,0.0006027111574556831
2017,LA,NG,natural gas,0.0,59001.09205,0.0,582.73257,937.8,88.1,15.894621055577565,9876.640410421014,34.5461600120618,53,1493.1927009984895,0.01064472190692395
2017,NY,COW,all coal products,7.95,770.29615,2.27,11.37078,14.7,1.9,19.083569351865517,14761.569300326893,23.11407365018055,95,2466.5837937785354,0.00773684210526316
2017,NM,PET,petroleum,0.0,40.85025,0.0,0.45582,6.7,17.4,164.0136841267801,11158.31604457745,30.578090693694882,73,425945.9856426827,0.00038505747126436776
2017,NM,NG,natural gas,0.0,9131.65514,0.0,80.16431,270.1,13.0,29.57842755327705,8778.727270245994,38.866681865882704,53,1423.6192454372515,0.020776923076923078
2017,NH,NUC,nuclear,0.0,9990.704,0.0,104.49405,74.7,,7.476950573252896,10459.127805207721,32.62222303375168,0,,0.0
2017,ND,NG,natural gas,0.0,676.03109,0.0,8.50398,28.9,5.8,42.74951319176756,12579.273536073615,27.12398287719397,53,8579.487076548507,0.004982758620689655
2017,NM,WNT,onshore wind turbine,0.0,4594.57108,0.0,42.32978,,,22.708333333333336,9212.999268693433,37.03462792615507,0,,0.0
2017,CO,TSN,estimated total solar,,1485.13282,,,,,33.92666666666667,,,0,,0.0
2017,CO,COW,all coal products,6.35,29242.21643,0.34,311.19485,547.0,30.2,18.70583241559025,10641.972052458405,32.06172674745743,95,1032.7534532921861,0.018112582781456946
2017,MD,PET,petroleum,0.0,102.15655,0.51,1.56802,17.4,32.3,170.3268170273957,15349.18710547684,22.229190227165468,73,316181.3902290161,0.0005386996904024768
2017,MD,NUC,nuclear,0.0,15106.988,0.0,158.00592,112.9,,7.473362658393586,10459.12792146257,32.62222267115055,0,,0.0
2017,ME,WNT,onshore wind turbine,0.0,2332.853,0.0,21.49257,,,,9212.997990014801,37.03463306621777,0,,0.0
2017,TN,TSN,estimated total solar,,179.11028,,,,,63.1885,,,0,,0.0
2017,PA,COW,all coal products,14.36,47634.27101,2.9,506.12077,942.9,63.5,19.79457184937404,10625.139406326773,32.11251984108852,95,1333.0738280149026,0.014848818897637795
2017,LA,PET,petroleum,0.37,4569.75282,5.76,54.59931,111.5,91.1,24.399569165318663,11947.978840571077,28.557131256493896,73,19935.43274404063,0.0012239297475301865
2017,NJ,PET,petroleum,0.0,156.36378,0.0,1.03601,4.5,58.6,28.7790433308788,6625.639262494166,51.49691772859335,73,374767.09759766614,7.679180887372014e-05
2017,NJ,NG,natural gas,0.0,37707.84769,0.0,293.99409,780.1,38.7,20.6880012461406,7796.628765899206,43.76250431370237,53,1026.3115603456495,0.02015762273901809
2017,MN,NUC,nuclear,0.0,13904.351,0.0,145.42738,114.4,,8.227640398318483,10459.127506202914,32.622223966353516,0,,0.0
2017,MN,NG,natural gas,0.0,6707.59241,0.0,59.47741,196.4,24.3,29.280252584697525,8867.177127716977,38.47898774159803,53,3622.7603758052437,0.008082304526748971
2017,SC,TSN,estimated total solar,,217.33171,,,,,36.152,,,0,,0.0
2017,SC,PET,petroleum,0.0,97.65136,0.94,1.39097,13.6,36.2,139.2709737990336,14244.246060679545,23.953531731094127,73,370706.5626121336,0.0003756906077348066
2017,SC,NUC,nuclear,0.0,54344.554,0.0,568.44105,395.9,,7.284998603539925,10459.945075637203,32.61967415055616,0,,0.0
2017,MI,WNT,onshore wind turbine,0.0,5191.273,0.0,47.8272,,,35.65,9213.000356559942,37.03462355312458,0,,0.0
2017,MI,COW,all coal products,4.96,42020.54769,0.47,448.56537,969.8,47.6,23.079185144242945,10674.905365565928,31.96281262601257,95,1132.7791429840834,0.020373949579831935
2017,NM,TSN,estimated total solar,,1396.94291,,,,,33.92666666666667,,,0,,0.0
2017,HI,WNT,onshore wind turbine,0.0,532.055,0.0,4.90183,,,,9213.013692193475,37.03456994632617,0,,0.0
2017,KY,PET,petroleum,0.28,497.77006,5.52,5.82981,21.2,39.8,42.58994604858316,11711.853461013707,29.132878167899122,73,79956.59682705706,0.0005326633165829146
2017,NH,PET,petroleum,0.0,104.89563,0.0,1.42763,11.1,10.3,105.81947026773184,13610.004534983966,25.06979326296029,73,98192.84177996739,0.0010776699029126213
2017,NH,COW,all coal products,8.4,287.28107,0.48,3.61711,15.7,0.3,54.65031162686772,12590.840043863664,27.099065575556175,95,1044.2734705770902,0.052333333333333336
2017,VT,TSN,estimated total solar,,210.10644,,,,,82.18875,,,0,,0.0
2017,MT,COW,all coal products,9.74,13864.09933,0.68,152.31481,266.6,14.9,19.22952177810169,10986.275153872546,31.05693196476429,95,1074.7182089036578,0.01789261744966443
2017,MS,PET,petroleum,0.0,11.46034,0.0,0.20485,1.7,26.5,148.33765839407906,17874.687836486526,19.08844524286063,73,2312322.32202535,6.415094339622641e-05
2017,MS,COW,all coal products,9.53,4628.22956,0.72,53.77892,143.1,5.1,30.91895035560855,11619.760710400025,29.363771638999076,95,1101.9332411852104,0.028058823529411765
2017,PA,TSN,estimated total solar,,427.02185,,,,,90.225,,,0,,0.0
2017,MO,NG,natural gas,0.0,5205.28502,0.0,51.75849,157.6,13.9,30.276920359684738,9943.449744083367,34.31404681288036,53,2670.362899743768,0.011338129496402878
2017,MO,COW,all coal products,4.73,67518.94313,0.28,689.51539,1286.3,67.9,19.05094985748483,10212.176880085595,33.41109383498459,95,1005.6437031199723,0.018944035346097197
2017,NC,COW,all coal products,9.48,34460.16678,1.72,347.24256,996.2,33.5,28.908739947775725,10076.63608295514,33.86050634270177,95,972.1369085027974,0.02973731343283582
2017,CT,WNT,onshore wind turbine,0.0,12.706,0.0,0.11706,,,,9212.97025027546,37.0347445754314,0,,0.0
2017,MN,COW,all coal products,5.89,22781.8977,0.35,253.14236,492.2,24.6,21.604872714356887,11111.557225542276,30.70676711412504,95,1079.804690721616,0.020008130081300812
2017,MT,NG,natural gas,0.0,416.52131,0.0,5.36249,8.6,4.3,20.647202900615092,12874.467335176678,26.502067317981016,53,10323.601450307548,0.0019999999999999996
2017,OR,WNT,onshore wind turbine,0.0,6226.593,0.0,57.36561,,,30.166666666666668,9213.00139578739,37.03461937561546,0,,0.0
2017,OR,PET,petroleum,0.0,10.39432,0.0,0.10724,1.3,22.7,125.06830653664694,10317.173225376937,33.071074076837,73,2183885.044909143,5.726872246696035e-05
2017,OK,PET,petroleum,0.0,16.05411,0.0,0.17163,2.3,38.0,143.26549400745353,10690.720320217066,31.915529522810697,73,2366995.118384015,6.052631578947368e-05
2017,AK,COW,all coal products,7.01,555.70678,0.12,12.82681,28.4,1.6,51.10608871822655,23081.97499407871,14.782097289661264,95,2879.21626581558,0.017750000000000002
2017,UT,COW,all coal products,12.5,26389.56749,0.58,266.12781,516.5,26.3,19.572128273633936,10084.583997098316,33.833820026505315,95,996.6059508162101,0.019638783269961976
2017,GA,COW,all coal products,6.52,32487.05788,1.49,342.7464,930.3,32.9,28.63601879358612,10550.244385503585,32.3404830762803,95,1012.7109731366047,0.028276595744680853
2017,HI,COW,all coal products,5.03,1375.72395,0.2,14.94841,46.0,1.4,33.436940601346656,10865.849940316879,31.401133079705467,95,1017.6460183018548,0.032857142857142856
2017,AZ,WNT,onshore wind turbine,0.0,569.934,0.0,5.2508,,,30.166666666666668,9212.996592587913,37.03463868362916,0,,0.0
2017,ND,WNT,onshore wind turbine,0.0,11359.233,0.0,104.65262,,,20.775,9213.000560865334,37.03462273185325,0,,0.0
2017,NC,NUC,nuclear,0.0,42374.264,0.0,443.19784,297.0,,7.008971294463073,10459.127738478242,32.622223241882224,0,,0.0
2017,NC,NG,natural gas,0.0,38589.79418,0.0,294.84367,1161.5,27.3,30.098631637739405,7640.457179551611,44.65701357677443,53,707.4409330265051,0.04254578754578755
2017,LA,TSN,estimated total solar,,202.30842,,,,,33.553333333333335,,,0,,0.0
2017,WA,TSN,estimated total solar,,116.40221,,,,,33.92666666666667,,,0,,0.0
2017,MA,NG,natural gas,0.0,22152.55816,0.0,182.6069,609.5,24.4,27.513752389128136,8243.151814842138,41.3919345007883,53,1101.4529258322011,0.02497950819672131
2017,MD,TSN,estimated total solar,,1002.01546,,,,,90.225,,,0,,0.0
2017,SD,PET,petroleum,0.0,3.03071,0.0,0.08756,1.0,7.7,329.95568695124246,28890.91994945079,11.809938921882138,73,2540658.789524567,0.00012987012987012987
2017,PA,PET,petroleum,0.0,355.41832,1.39,4.97071,41.7,77.8,117.32653510938884,13985.51993605732,24.39666180163397,73,218896.98876523867,0.0005359897172236503
2017,MO,NUC,nuclear,0.0,8304.127,0.0,86.9777,75.6,,9.103907009129315,10474.03297179824,32.57579968658633,0,,0.0
2017,CA,NG,natural gas,0.0,88350.1583,0.0,799.78301,2259.7,114.1,25.57663781797661,9052.423056043353,37.69156588105066,53,1291.4521286149184,0.019804557405784403
2017,GA,NUC,nuclear,0.0,33708.805,0.0,352.56469,280.5,,8.321267989179681,10459.127518759564,32.62222392718908,0,,0.0
2017,UT,WNT,onshore wind turbine,0.0,858.252,0.0,7.90708,,,30.166666666666668,9213.005038147305,37.03460473398524,0,,0.0
2017,MN,PET,petroleum,0.0,35.15202,0.0,0.47731,4.3,41.4,122.3258293548991,13578.451537066718,25.128049326433555,73,1177741.7058820517,0.00010386473429951691
2017,VA,TSN,estimated total solar,,378.94297,,,,,90.225,,,0,,0.0
2017,NY,TSN,estimated total solar,,1364.37928,,,,,,,,0,,0.0
2017,NJ,WNT,onshore wind turbine,0.0,22.447,0.0,0.20681,,,45.0,9213.257896378134,37.03358831777961,0,,0.0
2017,MO,TSN,estimated total solar,,260.55357,,,,,33.553333333333335,,,0,,0.0
2017,WY,PET,petroleum,0.0,43.84608,0.0,0.46574,6.2,10.8,141.40374692560886,10622.158240827914,32.12153239146305,73,246316.20432202832,0.0005740740740740741
2017,VA,NUC,nuclear,0.0,30553.734,0.0,319.5654,211.0,,6.905866235531146,10459.127516132725,32.622223935382245,0,,0.0
2017,DC,TSN,estimated total solar,,52.00219,,,,,90.225,,,0,,0.0
2017,ID,WNT,onshore wind turbine,0.0,2544.675,0.0,23.44409,,,30.166666666666668,9212.999695442444,37.034626210699585,0,,0.0
2017,NV,PET,petroleum,0.0,8.74633,0.0,0.10838,1.3,21.5,148.63376982117072,12391.48305632191,27.53504148366857,73,2458173.885503977,6.046511627906977e-05
2017,NV,COW,all coal products,6.01,1865.59152,0.33,21.495,66.2,2.6,35.48472390140367,11521.81480756302,29.61339039888346,95,1393.6598511125308,0.025461538461538463
2017,TN,NG,natural gas,0.0,10268.36115,0.0,97.56693,230.5,17.2,22.447593791537024,9501.704174088189,35.90934781262463,53,1675.0482135116565,0.013401162790697673
2017,IN,WNT,onshore wind turbine,0.0,5089.39,0.0,46.88855,,,35.65,9212.999986245895,37.03462504172128,0,,0.0
2017,IN,TSN,estimated total solar,,312.68882,,,,,61.88916666666667,,,0,,0.0
2017,WI,PET,petroleum,0.44,144.39547,5.98,2.052,8.3,34.8,57.48102762503561,14210.972130912418,24.009617136452242,73,241004.79052424568,0.00023850574712643678
2017,DE,WNT,onshore wind turbine,0.0,4.965,0.0,0.04574,,,45.0,9212.487411883183,37.03668561434193,0,,0.0
2017,SC,COW,all coal products,8.99,18151.74449,1.63,186.87118,614.2,18.4,33.8369681403553,10294.943282335722,33.14248467841858,95,1013.6766749959909,0.033380434782608694
2017,OR,TSN,estimated total solar,,372.80198,,,,,33.92666666666667,,,0,,0.0
2017,CA,TSN,estimated total solar,,34958.1664,,,,,33.72,,,0,,0.0
2017,NC,WNT,onshore wind turbine,0.0,470.743,0.0,4.33695,,,32.5,9212.988828299092,37.034669894741704,0,,0.0
2017,DC,NG,natural gas,0.0,19.704,0.0,0.69671,0.0,1.6,0.0,35358.810393828666,9.649645907192376,53,81201.78643930166,0.0
2017,MS,NG,natural gas,0.0,46158.47285,0.0,358.4359,1104.4,28.5,23.92626817591951,7765.332730240013,43.93887703887919,53,617.4381048657245,0.038750877192982446
2017,FL,COW,all coal products,8.38,37512.76195,2.23,398.19638,1158.7,39.0,30.88815485099198,10614.957665094025,32.143321788460256,95,1039.646188995156,0.02971025641025641
2016,ME,NG,natural gas,0.0,3498.33952,0.0,30.54693,73.6,2.8,21.038552598805506,8731.836868709644,39.07539789510763,53,800.3797184328181,0.026285714285714287
2016,VT,NG,natural gas,0.0,1.96543,0.0,0.0871,0.0,0.7,0.0,44316.002096233395,7.699250470723307,53,356156.1592119791,0.0
2016,MS,PET,petroleum,0.0,17.78528,0.0,0.26801,1.8,26.7,101.20729052339914,15069.203296209,22.642205649042946,73,1501241.4760970871,6.741573033707866e-05
2016,OR,COW,all coal products,4.32,1898.20212,0.23,19.4397,43.7,1.9,23.021784424094943,10241.111731557861,33.316695388509075,95,1000.9471488736932,0.023
2016,SD,TSN,estimated total solar,,1.08369,,,,,,,,0,,0.0
2016,SD,WNT,onshore wind turbine,0.0,3714.259,0.0,34.29004,,,25.0375,9232.000245540228,36.95840456295764,0,,0.0
2016,TN,PET,petroleum,0.0,121.58146,0.0,1.45635,14.2,47.0,116.79412305132706,11978.388810267617,28.484632232636386,73,386572.0974234065,0.0003021276595744681
2016,TX,TSN,estimated total solar,,1122.21066,,,,,36.79,,,0,,0.0
2016,OK,PET,petroleum,0.0,17.26129,0.0,0.1899,2.2,36.0,127.45281494025072,11001.495253251642,31.013966024223272,73,2085591.5172041026,6.111111111111111e-05
2016,AR,PET,petroleum,0.0,42.36325,0.0,0.55163,4.3,21.8,101.50307164818564,13021.427770532242,26.202963761941884,73,514596.9678908016,0.00019724770642201835
2016,CT,COW,all coal products,2.0,177.37048,0.09,2.34025,9.5,0.2,53.560209117097735,13194.13467224084,25.859975547911546,95,1127.5833498336365,0.0475
2016,CT,NUC,nuclear,0.0,16575.492,0.0,173.35489,123.1,,7.426627215650673,10458.506450366604,32.62416116672566,0,,0.0
2016,WI,COW,all coal products,5.37,33362.84056,0.44,351.49855,747.9,34.1,22.4171559569387,10535.630183163277,32.38534326548999,95,1022.0952241363948,0.021932551319648094
2016,MA,NG,natural gas,0.0,21143.93601,0.0,173.88876,514.7,23.2,24.342676772979885,8224.048725732026,41.488081038774446,53,1097.2413078164625,0.02218534482758621
2016,GA,TSN,estimated total solar,,1075.62208,,,,,51.52,,,0,,0.0
2016,NH,WNT,onshore wind turbine,0.0,432.324,0.0,3.99122,,,47.0,9232.011176802584,36.958360801960296,0,,0.0
2016,DE,TSN,estimated total solar,,118.51245,,,,,50.153333333333336,,,0,,0.0
2016,WY,WNT,onshore wind turbine,0.0,4389.338,0.0,40.52237,,,42.5,9232.000360874465,36.95840410124087,0,,0.0
2016,CA,WNT,onshore wind turbine,0.0,13509.03869,0.0,124.71546,,,49.66666666666666,9232.001096593203,36.95840115594329,0,,0.0
2016,ME,COW,all coal products,8.05,69.8231,0.84,2.19358,7.2,0.2,103.1177361073914,31416.250495896064,10.86062132222212,95,2864.38155853865,0.036
2016,IN,NG,natural gas,0.0,19995.65949,0.0,208.17705,533.4,40.4,26.675789326516483,10411.111976782317,32.77267603699832,53,2020.4384866727896,0.013202970297029703
2016,VA,COW,all coal products,15.04,16499.41236,1.06,188.47763,508.3,21.2,30.80715778898201,11423.293502072338,29.868793963676215,95,1284.8942457730054,0.02397641509433962
2016,MI,TSN,estimated total solar,,64.13293,,,,,50.153333333333336,,,0,,0.0
2016,NV,TSN,estimated total solar,,3496.20844,,,,,41.1525,,,0,,0.0
2016,AL,NUC,nuclear,0.0,39901.879,0.0,417.37991,289.3,,7.250285130682693,10460.156776075633,32.61901396931155,0,,0.0
2016,FL,NUC,nuclear,0.0,29320.022,0.0,306.66341,198.6,,6.773528341827301,10459.18076050557,32.622057865984075,0,,0.0
2016,VT,WNT,onshore wind turbine,0.0,291.182,0.0,2.6882,,,47.0,9232.02670494742,36.95829863849416,0,,0.0
2016,MI,COW,all coal products,5.2,40526.87245,0.55,436.75187,974.2,44.9,24.038371112942865,10776.846166425557,31.660468631628298,95,1107.9068599580523,0.021697104677060135
2016,MI,WNT,onshore wind turbine,0.0,4695.783,0.0,43.35146,,,32.93333333333333,9231.998156643951,36.958412925423964,0,,0.0
2016,WI,WNT,onshore wind turbine,0.0,1515.261,0.0,13.98889,,,26.2,9232.000295658636,36.95840436231895,0,,0.0
2016,OK,WNT,onshore wind turbine,0.0,20069.08905,0.0,185.27783,,,23.875,9231.999994538866,36.95840556778973,0,,0.0
2016,AL,PET,petroleum,0.0,45.83237,0.0,1.08997,3.7,37.1,80.72896950343176,23781.663483690678,14.347188128113617,73,809471.5590749509,9.973045822102426e-05
2016,KS,NUC,nuclear,0.0,8246.042,0.0,86.29843,56.8,,6.888153128494859,10465.436630082651,32.602557548265935,0,,0.0
2016,VT,TSN,estimated total solar,,134.7047,,,,,,,,0,,0.0
2016,MN,COW,all coal products,6.17,23206.28901,0.37,256.2621,496.9,25.0,21.41229904470624,11042.786715686085,30.897997831954083,95,1077.2941761273014,0.019875999999999998
2016,MA,TSN,estimated total solar,,1862.78093,,,,,,,,0,,0.0
2016,MS,COW,all coal products,10.28,5342.02601,0.67,61.21853,164.4,5.8,30.774840798650477,11459.7963179891,29.7736530852995,95,1085.7303931397369,0.028344827586206902
2016,WV,COW,all coal products,11.91,71512.96099,2.99,724.05952,1619.7,71.8,22.649041202845595,10124.871211824784,33.699194079774,95,1004.0138040157522,0.022558495821727018
2016,AK,WNT,onshore wind turbine,0.0,169.301,0.0,1.56299,,,,9232.018712234423,36.9583306355127,0,,0.0
2016,AK,PET,petroleum,0.0,831.32964,0.0,8.03266,67.0,14.9,80.59378226908883,9662.42464300924,35.312047711218945,73,17923.094862827216,0.004496644295302014
2016,ME,TSN,estimated total solar,,29.33418,,,,,,,,0,,0.0
2016,KY,COW,all coal products,8.36,66822.05835,2.5,715.76263,1512.3,70.4,22.63174821821393,10711.472344221793,31.853697515641464,95,1053.5443196206181,0.02148153409090909
2016,NV,NG,natural gas,0.0,28921.61161,0.0,228.42409,633.9,16.7,21.91786573127278,7898.041543474002,43.20058309669527,53,577.4228706613906,0.03795808383233532
2016,IA,TSN,estimated total solar,,59.58491,,,,,,,,0,,0.0
2016,NY,TSN,estimated total solar,,1013.03993,,,,,92.1525,,,0,,0.0
2016,NM,COW,all coal products,22.62,18365.26988,0.78,195.27457,370.6,18.8,20.179393083876644,10632.817882663208,32.089329824441556,95,1023.6713167212113,0.01971276595744681
2016,NJ,NG,natural gas,0.0,43807.45314,0.0,347.6845,719.4,41.9,16.42186314052404,7936.651758523116,42.9904209459093,53,956.4582507477859,0.01716945107398568
2016,HI,TSN,estimated total solar,,848.45124,,,,,,,,0,,0.0
2016,IA,WNT,onshore wind turbine,0.0,20071.999,0.0,185.30469,,,25.0375,9231.999762455149,36.95840649688899,0,,0.0
2016,MT,PET,petroleum,0.0,459.92271,0.0,8.03881,13.7,11.6,29.78761366230426,17478.61069961081,19.52100231899995,73,25221.629086330613,0.0011810344827586207
2016,MT,WNT,onshore wind turbine,0.0,2140.19124,0.0,19.75824,,,30.85833333333333,9231.997417202772,36.95841588562544,0,,0.0
2016,NY,NUC,nuclear,0.0,41570.99,0.0,434.77046,299.0,,7.19251574234821,10458.506280461446,32.624161696726134,0,,0.0
2016,CT,PET,petroleum,0.0,91.73454,0.0,1.27512,7.5,20.0,81.75764548445984,13900.107854685923,24.546572124976475,73,218020.3879585596,0.000375
2016,IA,PET,petroleum,0.0,277.7727,0.0,3.11578,10.3,27.0,37.08067783479082,11217.0130469985,30.418079979972912,73,97201.77684848079,0.0003814814814814815
2016,NE,NG,natural gas,0.0,537.90976,0.0,6.20804,19.2,8.9,35.69371933314614,11541.043612965863,29.564050829569393,53,16545.526149218782,0.002157303370786517
2016,RI,WNT,onshore wind turbine,0.0,20.219,0.0,0.18666,,,47.0,9231.910579158217,36.958763527268836,0,,0.0
2016,WI,PET,petroleum,0.51,147.11125,5.89,2.77455,6.7,34.9,45.54376364825939,18860.216332877328,18.09099079129949,73,237235.42557078402,0.00019197707736389683
2016,WV,NG,natural gas,0.0,1224.56666,0.0,15.57505,26.7,9.7,21.80363133518595,12718.825776295429,26.826375799243017,53,7921.169436378417,0.002752577319587629
2016,MO,NUC,nuclear,0.0,9430.179,0.0,98.62559,87.6,,9.2893252609521,10458.506673097085,32.624160471942425,0,,0.0
2016,NH,NG,natural gas,0.0,4744.43602,0.0,35.45904,141.6,3.1,29.845486250228745,7473.815612756433,45.6527184611879,53,653.3969447437083,0.04567741935483872
2016,MS,NG,natural gas,0.0,50094.73867,0.0,385.70185,1058.2,29.4,21.12397485434372,7699.4482901850815,44.31486349936875,53,586.8879802662118,0.03599319727891157
2016,MA,COW,all coal products,8.46,1874.93165,0.61,20.01558,81.5,1.9,43.46825122931815,10675.365152644365,31.96143599036351,95,1013.3702740577237,0.04289473684210526
2016,ND,PET,petroleum,0.0,30.10856,0.0,0.36757,3.2,11.3,106.28206729249092,12208.156085844026,27.948528639442827,73,375308.5501266085,0.00028318584070796465
2016,NJ,COW,all coal products,7.32,1314.54106,1.57,17.45498,56.0,1.7,42.60041903902187,13278.383255674038,25.695899374963478,95,1293.2270065417356,0.03294117647058823
2016,KY,TSN,estimated total solar,,32.0918,,,,,50.153333333333336,,,0,,0.0
2016,NV,PET,petroleum,0.0,10.98519,0.0,0.12533,1.5,20.3,136.54747892389665,11408.997022354644,29.90622219739886,73,1847942.5481034012,7.389162561576355e-05
2016,MI,PET,petroleum,0.3,818.97889,5.72,15.00627,24.5,60.4,29.91530099145779,18323.146277921765,18.621256132803158,73,73750.37468914491,0.0004056291390728477
2016,GA,NUC,nuclear,0.0,34480.662,0.0,360.61622,290.9,,8.436612962941373,10458.506278098721,32.624161704096394,0,,0.0
2016,MO,COW,all coal products,4.75,60321.88991,0.27,623.8305,1164.2,61.1,19.299793188459137,10341.693553215133,32.9926620088181,95,1012.8992989304702,0.019054009819967264
2016,MN,TSN,estimated total solar,,47.0142,,,,,,,,0,,0.0
2016,MA,NUC,nuclear,0.0,5414.318,0.0,56.62568,37.7,,6.963019165109992,10458.506500726407,32.62416100963379,0,,0.0
2016,MA,WNT,onshore wind turbine,0.0,216.12315,0.0,1.99525,,,47.0,9232.004993449335,36.95838555569478,0,,0.0
2016,WI,TSN,estimated total solar,,37.2949,,,,,,,,0,,0.0
2016,VT,PET,petroleum,0.0,4.01674,0.0,0.09254,0.4,5.2,99.5832441233438,23038.583527935585,14.809938275340395,73,1294582.1736034695,7.692307692307693e-05
2016,NH,TSN,estimated total solar,,51.50588,,,,,,,,0,,0.0
2016,MS,NUC,nuclear,0.0,5897.272,0.0,62.0954,30.5,,5.171882863805502,10529.512628890103,32.40415886522995,0,,0.0
2016,MS,TSN,estimated total solar,,6.36286,,,,,51.52,,,0,,0.0
2016,MO,NG,natural gas,0.0,6031.56828,0.0,56.98609,153.5,14.3,25.449434189278545,9447.972294197421,36.11356906810066,53,2370.859341411617,0.010734265734265733
2016,OR,PET,petroleum,0.0,4.84988,0.0,0.04948,0.5,22.2,103.09533431755013,10202.31428406476,33.44339240097009,73,4577432.843699225,2.2522522522522523e-05
2016,IL,TSN,estimated total solar,,85.76092,,,,,50.153333333333336,,,0,,0.0
2016,LA,PET,petroleum,0.34,4819.22454,5.76,57.29805,81.9,86.8,16.994435374451342,11889.475064799533,28.69765049679701,73,18011.19646523048,0.0009435483870967742
2016,NM,TSN,estimated total solar,,908.68414,,,,,41.1525,,,0,,0.0
2016,AZ,WNT,onshore wind turbine,0.0,541.582,0.0,4.99989,,,42.5,9232.009187897678,36.95836876411281,0,,0.0
2016,CO,NG,natural gas,0.0,12679.43938,0.0,105.35619,327.6,24.2,25.83710447929915,8309.215166577816,41.06284326014446,53,1908.6017350398029,0.013537190082644628
2016,WI,NG,natural gas,0.0,15472.75935,0.0,136.34161,338.0,26.2,21.844843079007752,8811.719158548149,38.721161428414995,53,1693.2984871893584,0.012900763358778626
2016,NM,NG,natural gas,0.0,9957.55288,0.0,86.89963,249.5,13.5,25.056357019316177,8727.006629765447,39.097025414906824,53,1355.7547886203142,0.01848148148148148
2016,NM,PET,petroleum,0.0,51.68271,0.0,0.56943,6.6,16.4,127.70228186563746,11017.804600416657,30.968056920077974,73,317320.82160552335,0.00040243902439024393
2016,MO,WNT,onshore wind turbine,0.0,1121.883,0.0,10.35722,,,25.0375,9231.996562921446,36.95841930556655,0,,0.0
2016,OR,WNT,onshore wind turbine,0.0,7157.128,0.0,66.07461,,,42.5,9232.000601358535,36.95840313851265,0,,0.0
2016,ND,TSN,estimated total solar,,0.28948,,,,,,,,0,,0.0
2016,NH,NUC,nuclear,0.0,10761.163,0.0,112.54569,79.9,,7.424848039194277,10458.506204208597,32.62416193458852,0,,0.0
2016,NJ,TSN,estimated total solar,,2220.06293,,,,,50.153333333333336,,,0,,0.0
2016,NM,WNT,onshore wind turbine,0.0,3605.421,0.0,33.28524,,,33.1875,9231.998149453282,36.95841295421033,0,,0.0
2016,CA,COW,all coal products,10.57,318.87581,0.52,15.0819,0.0,3.1,0.0,47297.09663458009,7.213973463025216,95,9721.653078670344,0.0
2016,KS,PET,petroleum,0.0,28.32368,0.0,0.38397,4.0,23.8,141.22458663563492,13556.501132621184,25.168736140844338,73,840286.2904820278,0.0001680672268907563
2016,KS,WNT,onshore wind turbine,0.0,14110.881,0.0,130.27165,,,23.875,9231.999759618127,36.95840650824642,0,,0.0
2016,WA,PET,petroleum,0.0,22.018,0.0,0.85286,1.7,57.0,77.20955581796711,38734.671632300844,8.808645733180123,73,2588790.9891906623,2.982456140350877e-05
2016,WA,WNT,onshore wind turbine,0.0,8041.847,0.0,74.24232,,,42.5,9231.998569482856,36.95841127270808,0,,0.0
2016,ME,WNT,onshore wind turbine,0.0,1667.103,0.0,15.39069,,,47.0,9231.997063168863,36.958417302927934,0,,0.0
2016,AK,NG,natural gas,0.0,3040.4873,0.0,29.00679,187.7,16.9,61.733525412192975,9540.177983969872,35.764531916837406,53,5558.319549632718,0.011106508875739647
2016,KS,TSN,estimated total solar,,10.54583,,,,,,,,0,,0.0
2016,IL,NG,natural gas,0.0,17484.69119,0.0,167.48964,419.7,54.7,24.00385545499588,9579.216365902543,35.618779967692326,53,3128.4510207011554,0.007672760511882996
2016,IL,PET,petroleum,0.0,69.50297,0.0,0.81976,8.5,83.6,122.29693205916236,11794.603885272816,28.928483170684103,73,1202826.2964877617,0.00010167464114832535
2016,AL,COW,all coal products,7.19,34258.40552,0.7,349.42667,801.6,39.1,23.398637147079924,10199.735355342364,33.45184831891624,95,1141.3257390853605,0.020501278772378517
2016,MA,PET,petroleum,0.0,422.28141,0.5,4.22924,23.3,38.7,55.176475800817286,10015.217103684483,34.06815813053882,73,91645.0477893403,0.0006020671834625322
2016,TX,NG,natural gas,0.0,225976.26025,0.0,2047.12802,4096.0,215.1,18.12579779605411,9059.040174110502,37.664034317355494,53,951.869898908994,0.01904230590423059
2016,OK,TSN,estimated total solar,,9.39275,,,,,,,,0,,0.0
2016,MN,PET,petroleum,0.0,32.02741,0.0,0.46186,4.0,40.9,124.89302132142436,14420.772706878262,23.66031328108085,73,1277031.143011564,9.779951100244499e-05
2016,CT,WNT,onshore wind turbine,0.0,12.742,0.0,0.11764,,,47.0,9232.459582483127,36.95656579394764,0,,0.0
2016,NV,WNT,onshore wind turbine,0.0,343.865,0.0,3.17456,,,42.5,9231.99511436174,36.95842510458143,0,,0.0
2016,AK,TSN,estimated total solar,,1.19792,,,,,,,,0,,0.0
2016,VA,NG,natural gas,0.0,40904.84316,0.0,333.52989,955.1,30.1,23.349313338376827,8153.799507197524,41.84552240937686,53,735.8541843630431,0.03173089700996678
2016,AZ,COW,all coal products,10.51,30403.3921,0.61,319.80977,681.1,30.9,22.40210558610662,10518.88450302228,32.436899549754216,95,1016.333963604015,0.022042071197411004
2016,MT,TSN,estimated total solar,,10.94603,,,,,41.1525,,,0,,0.0
2016,CT,TSN,estimated total solar,,344.4716,,,,,,,,0,,0.0
2016,HI,PET,petroleum,0.0,6640.3161,0.46,68.32142,555.3,18.0,83.62553704333443,10288.880675424472,33.162013513770646,73,2710.7143287952813,0.030850000000000002
2016,OR,NG,natural gas,0.0,15306.66112,0.0,117.61649,263.0,13.1,17.18206197538134,7684.006922079162,44.40391627180849,53,855.8365470627208,0.020076335877862596
2016,NC,TSN,estimated total solar,,3588.57085,,,,,50.83666666666667,,,0,,0.0
2016,ND,NG,natural gas,0.0,1071.10726,0.0,13.06374,30.5,5.5,28.47520611521203,12196.48161100131,27.97528097711681,53,5134.873233890694,0.005545454545454545
2016,WA,COW,all coal products,9.43,4601.72629,0.43,53.23042,115.5,5.1,25.09927638481949,11567.489382337862,29.49646104892653,95,1108.2797364725488,0.022647058823529412
2016,IL,WNT,onshore wind turbine,0.0,10663.434,0.0,98.44483,,,32.93333333333333,9232.000685707811,36.95840280083779,0,,0.0
2016,HI,WNT,onshore wind turbine,0.0,639.127,0.0,5.90042,,,,9231.999274009704,36.95840845227967,0,,0.0
2016,AR,NUC,nuclear,0.0,13421.022,0.0,140.40961,94.5,,7.041192541074741,10461.91638758956,32.61352770939254,0,,0.0
2016,AZ,NUC,nuclear,0.0,32377.477,0.0,338.62005,280.1,,8.651075560952448,10458.506387017123,32.624161364337404,0,,0.0
2016,SD,NG,natural gas,0.0,918.56139,0.0,7.85244,19.4,4.4,21.11998197529291,8548.628415570569,39.91283553494201,53,4790.099004705608,0.0044090909090909085
2016,WA,NG,natural gas,0.0,10982.19547,0.0,95.58062,299.9,17.0,27.307836654267817,8703.234272336258,39.20381657248091,53,1547.9600637630974,0.017641176470588233
2016,TX,NUC,nuclear,0.0,42079.445,0.0,440.08813,312.4,,7.424052289663041,10458.506047311223,32.62416242401267,0,,0.0
2016,TN,COW,all coal products,7.08,31167.63357,1.69,360.68095,734.8,36.3,23.575739183075875,11572.291787566726,29.484220261935096,95,1164.6697500621315,0.020242424242424242
2016,TN,NUC,nuclear,0.0,29578.086,0.0,309.62091,219.6,,7.4244154946334255,10467.915672433977,32.59483651540201,0,,0.0
2016,DC,NG,natural gas,0.0,22.70203,0.0,0.84469,0.0,1.6,0.0,37207.68583250044,9.170148381062875,53,70478.27881471394,0.0
2016,NJ,NUC,nuclear,0.0,29885.187,0.0,312.6282,215.5,,7.210930284625624,10460.975198180959,32.61646199671047,0,,0.0
2016,AZ,TSN,estimated total solar,,5369.24594,,,,,41.1525,,,0,,0.0
2016,WV,WNT,onshore wind turbine,0.0,1432.154,0.0,13.22165,,,39.66666666666666,9232.002982919435,36.9583936044291,0,,0.0
2016,VA,NUC,nuclear,0.0,29731.895,0.0,310.95121,202.8,,6.820957762698947,10458.50626070084,32.62416175836717,0,,0.0
2016,MI,NG,natural gas,0.0,29295.15386,0.0,283.41807,682.2,48.6,23.28712807791343,9674.571820118783,35.2677106898371,53,1658.977462014941,0.014037037037037035
2016,NY,NG,natural gas,0.0,56793.33613,0.0,506.21883,1303.9,70.5,22.95867946576288,8913.349073934742,38.27966314006138,53,1241.3428194925093,0.01849503546099291
2016,ID,COW,all coal products,0.0,29.18826,0.0,1.60094,0.0,0.2,0.0,54848.76453752296,6.220741759216461,95,6852.069976079424,0.0
2016,MD,COW,all coal products,9.4,13826.21331,2.41,155.76263,429.6,15.6,31.071414158588592,11265.74764236731,30.286494144147408,95,1128.2915755912059,0.02753846153846154
2016,NV,COW,all coal products,6.83,2166.83075,0.37,24.32,49.1,2.9,22.659822415756285,11223.76540022796,30.39978009457237,95,1338.3601834153405,0.016931034482758622
2016,NJ,PET,petroleum,0.0,146.12623,0.0,1.3401,3.8,61.6,26.00491369687701,9170.838117153917,37.204887453175125,73,421553.33782305894,6.168831168831169e-05
2016,UT,TSN,estimated total solar,,1203.27424,,,,,41.1525,,,0,,0.0
2016,DE,COW,all coal products,7.57,479.34983,2.49,5.85922,16.1,0.8,33.587161176212376,12223.265000427768,27.913982065189565,95,1668.9272634142792,0.020125000000000004
2016,CA,NG,natural gas,0.0,97073.66393,0.0,841.19101,2104.6,117.2,21.68044261229937,8665.49150351,39.37456979350741,53,1207.330549349751,0.017957337883959045
2016,CA,TSN,estimated total solar,,27036.92953,,,,,38.28181818181818,,,0,,0.0
2016,CO,COW,all coal products,6.55,29948.67505,0.35,315.96409,581.4,30.7,19.4132127391058,10550.185925503907,32.34066227924825,95,1025.0870847790643,0.01893811074918567
2016,CO,TSN,estimated total solar,,999.12099,,,,,41.1525,,,0,,0.0
2016,KS,COW,all coal products,5.06,23096.06386,0.35,250.84008,425.9,24.2,18.44037159672107,10860.728543205543,31.41594034347302,95,1047.7975877920871,0.017599173553719007
2016,KY,NG,natural gas,0.0,8228.33386,0.0,73.90455,218.5,14.5,26.554586106694508,8981.715041883339,37.98829047781226,53,1762.2036546776676,0.015068965517241378
2016,RI,TSN,estimated total solar,,44.25972,,,,,,,,0,,0.0
2016,SC,COW,all coal products,8.86,21002.91354,1.66,216.6622,681.3,21.2,32.43835664525618,10315.81640267991,33.0754238618827,95,1009.3837676198898,0.032136792452830194
2016,WY,NG,natural gas,0.0,788.14262,0.0,14.00842,14.4,6.8,18.270804844940372,17773.965833747196,19.19661617398679,53,8627.880065666288,0.0021176470588235292
2016,WY,TSN,estimated total solar,,3.4112,,,,,41.1525,,,0,,0.0
2016,WV,PET,petroleum,0.0,122.66876,0.0,1.24333,14.2,12.7,115.75889411452434,10135.669423902222,33.663292056010874,73,103530.84191932812,0.0011181102362204723
2016,WV,TSN,estimated total solar,,5.66117,,,,,50.153333333333336,,,0,,0.0
2016,NC,WNT,onshore wind turbine,0.0,6.233,0.0,0.05754,,,39.66666666666666,9231.509706401412,36.96036843934654,0,,0.0
2016,DE,NG,natural gas,0.0,7787.4685,0.0,70.98023,112.1,5.9,14.394921790052829,9114.673144424276,37.43414542612781,53,757.6274626343593,0.019000000000000003
2016,SC,NUC,nuclear,0.0,55825.916,0.0,583.85569,399.5,,7.156174562366339,10458.506224958315,32.62416186986206,0,,0.0
2016,SC,PET,petroleum,0.0,113.86187,1.06,1.69916,10.8,35.8,94.85177083425734,14922.993975068212,22.864044612632124,73,314416.055172816,0.0003016759776536313
2016,PA,NG,natural gas,0.0,68048.64607,0.0,539.7629,972.2,70.8,14.286838256854091,7932.0152739667865,43.015550048148924,53,1040.4321627085678,0.013731638418079097
2016,IL,COW,all coal products,8.5,59337.80188,1.09,670.01633,1223.3,67.0,20.615863096410337,11291.559659641372,30.21726052774863,95,1129.1284455648595,0.01825820895522388
2016,TX,PET,petroleum,0.0,196.42194,0.0,3.16582,9.3,312.0,47.347052981963216,16117.44594315686,21.16960721961451,73,1588417.261330379,2.9807692307692305e-05
2016,MO,PET,petroleum,0.0,78.01586,0.0,0.94615,9.8,43.0,125.61548382598104,12127.662247137954,28.1340288875971,73,551169.9800527738,0.0002279069767441861
2016,SC,NG,natural gas,0.0,16366.85418,0.0,141.15864,450.2,14.8,27.506813163285603,8624.665341766979,39.56095529268347,53,904.2666255367102,0.03041891891891892
2016,UT,COW,all coal products,12.71,25939.44311,0.61,261.17226,496.5,25.7,19.1407347449411,10068.537666458793,33.88774132877664,95,990.7691499395494,0.01931906614785992
2016,UT,PET,petroleum,0.0,31.55202,0.0,0.31691,3.7,20.0,117.26665994760398,10044.04789297167,33.97036768798712,73,633873.8375546162,0.000185
2016,DE,WNT,onshore wind turbine,0.0,5.321,0.0,0.04912,,,39.66666666666666,9231.347491073107,36.96101791530944,0,,0.0
2016,IA,COW,all coal products,4.97,25198.34695,0.33,299.08529,397.4,28.5,15.770875795485466,11869.242478225342,28.7465691787784,95,1131.0265731538393,0.013943859649122809
2016,NE,PET,petroleum,0.0,-17.93989,0.0,0.09234,1.0,16.2,,-5147.1887508786285,-66.28861238899718,73,-903015.570329584,0.0
2016,CO,PET,petroleum,0.0,6.97451,0.0,0.11259,1.0,33.1,143.37924814789855,16143.069548971898,21.13600508038014,73,4745853.113695443,3.021148036253776e-05
2016,KS,NG,natural gas,0.0,2027.20704,0.0,25.80653,71.0,14.3,35.023556350711964,12730.090953117447,26.802636466351732,53,7054.0402227490285,0.004965034965034965
2016,LA,NG,natural gas,0.0,66479.14169,0.0,641.31563,912.3,88.3,13.723101363946023,9646.869885753484,35.36898538497807,53,1328.2361618288214,0.010331823329558324
2016,LA,COW,all coal products,8.73,12013.64898,0.52,136.42977,398.9,13.4,33.20390005268824,11356.230752798307,30.045180256303293,95,1115.3979962547564,0.029768656716417916
2016,LA,NUC,nuclear,0.0,17151.826,0.0,179.38248,104.7,,6.10430632866728,10458.506283820743,32.62416168624717,0,,0.0
2016,FL,NG,natural gas,0.0,158495.44478,0.0,1241.24376,4560.4,74.6,28.7730666728629,7831.415986263274,43.568110875285285,53,470.6759875878371,0.0611313672922252
2016,OK,NG,natural gas,0.0,36529.0857,0.0,297.74196,800.5,38.3,21.91404423790437,8150.818841874271,41.86082485935137,53,1048.479568159572,0.020900783289817232
2016,WY,COW,all coal products,7.15,40026.8739,0.45,446.36336,712.4,43.7,17.79804242968872,11151.591830907384,30.5965287443844,95,1091.7664994067898,0.016302059496567507
2016,WY,PET,petroleum,0.0,55.63557,0.0,1.07664,4.9,10.7,88.07315176244262,19351.64859459515,17.631572748551047,73,192323.00486900736,0.00045794392523364484
