Year,State,fueltypeid,fuelTypeDescription,Ash Content (%),Generation (Thousands of MWh),Sulfur Content (%),Total Consumption (millions of MMBtu),Raw Cost (Millions of $),CO2 Emissions (Million Metric Tons),Cost ($/MWh),Heat_Rate (Btu/kWh),efficiency%,Emission_Factor_CO2,CO2_Intensity_kg_per_MWh,CtoE_Ratio
2023,SD,COW,all coal products,5.14,1562.74207,0.31,17.95756,40.5,2.1,25.915984971211532,11491.058150114306,29.692652803833035,95,1091.650524260859,0.023740184606020207
2023,TX,NUC,nuclear,,40679.87,,425.17591,250.2,,6.150462132745262,10451.751935293794,32.64524475057865,0,0.0,inf
2023,ME,PET,petroleum,,67.15373,0.43,1.41782,17.1,12.3,254.63961569967896,21113.04911879057,16.160621712206062,73,1541.2525856717118,0.1652160184949188
2023,IL,PET,petroleum,,26.28754,,0.37522,8.7,76.3,330.95527386739116,14273.682512703737,23.904132636853046,73,1041.9788234273728,0.31762188100789085
2023,RI,TSN,estimated total solar,,1026.60855,,,,,,,,0,,0.0
2023,RI,NG,natural gas,,9553.67609,,75.40647,267.2,5.9,27.968291732193315,7892.927213528755,43.22857550430355,53,418.325142317024,0.06685778334355479
2023,PA,COW,all coal products,26.66,12834.82793,2.13,154.98903,352.1,28.9,27.433168712531387,12075.660916164694,28.25518225203422,95,1147.187787035646,0.023913407222909158
2023,TX,TSN,estimated total solar,,32324.7469,,,,,47.09,,,0,,0.0
2023,TN,TSN,estimated total solar,,1033.96583,,,,,46.27,,,0,,0.0
2023,TN,COW,all coal products,7.87,15792.90869,1.95,189.18989,613.9,19.4,38.87187674229503,11979.420239401132,28.482179703302325,95,1138.0449227431075,0.03415671557902959
2023,WA,NUC,nuclear,,8435.018,,88.16072,57.7,,6.840530749311975,10451.752444393123,32.64524316044606,0,0.0,inf
2023,WY,NG,natural gas,,2129.47819,,28.64988,103.7,9.3,48.6973759519932,13453.943850911195,25.36059342754664,53,713.0590240982933,0.06829361147707794
2023,DC,NG,natural gas,,89.20979,,1.38144,0.0,1.4,0.0,15485.295952383702,22.03380555652073,53,820.7206854763363,0.0
2023,MA,PET,petroleum,,97.47643,0.3,1.31909,20.2,36.5,207.22958360292844,13532.399575979547,25.213562316445426,73,987.865169046507,0.2097751698270196
2023,MA,NG,natural gas,,14774.02529,,125.68582,813.3,20.4,55.04931689473235,8507.215706817029,40.107129260468675,53,450.8824324613025,0.12209239688986334
2023,NH,TSN,estimated total solar,,302.48812,,,,,,,,0,,0.0
2023,NV,WNT,onshore wind turbine,,291.247,,0.99374,,,27.0,3412.0179778675833,99.9994731016161,0,0.0,inf
2023,NV,NG,natural gas,,24599.32648,,191.0455,1347.3,15.9,54.76979221749814,7766.289867949263,43.93346189769453,53,411.6133630013109,0.13306125879427222
2023,NV,COW,all coal products,5.84,2059.63557,0.4,24.91511,128.2,2.8,62.24402115952969,12096.853619594462,28.205681471364162,95,1149.2010938614737,0.054162862785294794
2023,NM,TSN,estimated total solar,,3314.1637,,,,,28.528,,,0,,0.0
2023,NY,TSN,estimated total solar,,6204.58863,,,,,64.483,,,0,,0.0
2023,NC,COW,all coal products,9.78,14204.64671,1.72,152.64404,693.2,14.7,48.80093212821623,10746.063813930647,31.75116078853783,95,1020.8760623234112,0.04780299384937112
2023,VT,WNT,onshore wind turbine,,339.614,,1.15876,,,,3411.9912606665216,100.00025613586938,0,0.0,0.0
2023,DE,PET,petroleum,,-1.89086,,0.21494,4.3,7.7,,-113673.1434373777,-3.0015884991160324,73,-8298.139470928572,0.0
2023,SC,COW,all coal products,9.33,15150.42088,2.0,161.26932,573.3,15.6,37.84053291594101,10644.543889397219,32.05398028748431,95,1011.2316694927356,0.03742024113517229
2023,ND,NG,natural gas,,2833.41803,,31.897,104.2,11.4,36.77537126422535,11257.428188243723,30.308876440919214,53,596.6436939769173,0.0616370735758553
2023,NC,NG,natural gas,,51788.03063,,423.40066,2209.5,34.8,42.664298547782025,8175.647052983911,41.73369982691099,53,433.30929380814723,0.09846153580696597
2023,DC,PET,petroleum,,0.05358,,0.00072,0.0,1.1,0.0,13437.849944008956,25.39096666666667,73,980.9630459126539,0.0
2023,NY,WNT,onshore wind turbine,,4799.69792,,16.37657,,,64.66666666666667,3412.0001452091387,99.99999574416375,0,0.0,inf
2023,UT,TSN,estimated total solar,,4834.71443,,,,,28.528,,,0,,0.0
2023,UT,PET,petroleum,,29.28454,,0.32364,7.9,22.6,269.7669145562812,11051.565092024666,30.873455221851437,73,806.7642517178006,0.33438134372201145
2023,VT,TSN,estimated total solar,,430.4843,,,,,,,,0,,0.0
2023,PA,WNT,onshore wind turbine,,3258.324,,11.1174,,,,3411.9995433235,100.00001338442442,0,0.0,0.0
2023,PA,NG,natural gas,,139256.04731,,1023.06769,2032.1,101.4,14.5925440169669,7346.666157502902,46.44283443471077,53,389.3733063476538,0.03747700157939917
2023,OH,TSN,estimated total solar,,1799.89172,,,,,,,,0,,0.0
2023,MS,TSN,estimated total solar,,656.16677,,,,,46.68000000000001,,,0,,0.0
2023,MS,NG,natural gas,,55167.57231,,424.64821,1140.4,33.1,20.671563968626625,7697.424269710446,44.32651599349023,53,407.96348629465365,0.05067013265421623
2023,WI,WNT,onshore wind turbine,,1737.844,,5.92953,,,33.0,3412.003609069629,99.99989422433143,0,0.0,inf
2023,ID,PET,petroleum,,0.12339,,0.0016,0.0,13.1,0.0,12967.015155198962,26.312917499999998,73,946.5921063295243,0.0
2023,ID,NG,natural gas,,5686.22443,,56.73508,307.3,8.1,54.04288975628772,9977.636426144367,34.19647554063553,53,528.8147305856514,0.10219626389082681
2023,ND,WNT,onshore wind turbine,,14476.709,,49.39453,,,33.0,3411.999923463268,100.00000224316337,0,0.0,inf
2023,ND,COW,all coal products,9.66,22525.07552,0.73,261.6282,476.7,31.2,21.163081099405787,11614.975486661542,29.37586914340274,95,1103.4226712328466,0.019179487290904056
2023,VA,PET,petroleum,,134.54548,0.21,3.14837,25.2,55.7,187.2972618626802,23400.04287026216,14.581169867582272,73,1708.2031295291374,0.10964577843520769
2023,VA,COW,all coal products,17.49,1415.02692,1.05,18.7517,78.4,4.4,55.405306352758295,13251.832693048695,25.747382109568733,95,1258.924105839626,0.04401004484365348
2023,CO,COW,all coal products,6.93,18787.6167,0.34,201.86808,426.3,19.6,22.6904778188284,10744.741242246017,31.755069043307888,95,1020.7504180133716,0.022229212370042016
2023,MS,NUC,nuclear,,11749.621,,122.80413,79.8,,6.791708430425118,10451.752443759675,32.645243162424585,0,0.0,inf
2023,WA,TSN,estimated total solar,,882.67969,,,,,28.528,,,0,,0.0
2023,WI,NG,natural gas,,25621.19398,,213.0315,730.9,29.6,28.527163900735587,8314.659346722607,41.035956588466966,53,440.6769453762982,0.06473486802531948
2023,SD,TSN,estimated total solar,,50.22785,,,,,47.09,,,0,,0.0
2023,SD,NG,natural gas,,2115.78026,,21.90664,50.3,5.2,23.7737353689083,10353.929665644959,32.95367179594862,53,548.7582722791827,0.04332278267107986
2023,NE,NUC,nuclear,,6926.053,,72.38939,47.4,,6.843724701500263,10451.752246192746,32.64524377950968,0,0.0,inf
2023,AL,TSN,estimated total solar,,1222.82361,,,,,46.27,,,0,,0.0
2023,AK,TSN,estimated total solar,,18.49755,,,,,,,,0,,0.0
2023,OK,PET,petroleum,,19.72744,,0.23934,4.8,36.0,243.3159092107237,12132.339523019711,28.123182618868558,73,885.6607851804389,0.27472810502855455
2023,DE,WNT,onshore wind turbine,,4.165,,0.01421,,,,3411.764705882353,100.00689655172413,0,0.0,0.0
2023,FL,TSN,estimated total solar,,17804.32577,,,,,46.27,,,0,,0.0
2023,KY,COW,all coal products,8.85,43447.44888,2.43,464.31623,1159.2,46.2,26.680507829163016,10686.846799277482,31.92709752544295,95,1015.2504459313607,0.026279730224286785
2023,CA,PET,petroleum,,75.04108,,0.92435,8.4,209.1,111.9386874495943,12317.91973143244,27.699482334613506,73,899.2081403945681,0.12448584751521061
2023,CA,NUC,nuclear,,17718.368,,185.18799,106.3,,5.999423874704488,10451.752102676724,32.645244227770924,0,0.0,inf
2023,CA,NG,natural gas,,94390.15321,,784.85706,5455.5,112.5,57.797342354795816,8315.031105562923,41.03412190144789,53,440.69664859483487,0.13114994756389264
2023,MD,NUC,nuclear,,14983.751,,156.60645,92.2,,6.153332366508226,10451.752034587334,32.64524444044291,0,0.0,inf
2023,UT,WNT,onshore wind turbine,,683.468,,2.332,,,27.0,3412.010511099276,99.99969193825044,0,0.0,inf
2023,UT,NG,natural gas,,11834.24662,,94.23623,729.2,15.7,61.617779603109206,7963.010492002067,42.84811634276966,53,422.0395560761096,0.14600001046346756
2023,AK,COW,all coal products,6.8,730.68146,0.12,14.93361,49.4,1.8,67.60812023340513,20437.921060704073,16.694457278045963,95,1941.602500766887,0.03482078345423511
2023,TN,NUC,nuclear,,37937.437,,396.51268,233.3,,6.149598350568596,10451.751919877983,32.645244798728754,0,0.0,inf
2023,AL,NUC,nuclear,,45579.039,,476.38082,312.3,,6.851833800181702,10451.752174941643,32.64524400205701,0,0.0,inf
2023,AK,PET,petroleum,,885.27548,,8.75927,132.1,18.5,149.21908827747043,9894.400328358806,34.4841515076028,73,722.2912239701928,0.2065913073915852
2023,TN,PET,petroleum,,102.04408,,1.38991,28.5,48.5,279.29106715450814,13620.682356095525,25.050140006187444,73,994.3098119949733,0.280889380538387
2023,WA,WNT,onshore wind turbine,,7549.639,,25.75937,,,27.0,3412.000229414943,99.99999327623307,0,0.0,inf
2023,NE,COW,all coal products,4.83,17916.482,0.27,194.10765,244.9,18.7,13.66897809514167,10834.027014901698,31.49336802748372,95,1029.2325664156613,0.01328074775436262
2023,VA,NUC,nuclear,,29662.935,,310.02964,182.6,,6.155830500252251,10451.751992848987,32.645244570809425,0,0.0,inf
2023,KS,TSN,estimated total solar,,210.13587,,,,,,,,0,,0.0
2023,IN,PET,petroleum,,96.71815,,1.19372,25.0,47.7,258.48302516125466,12342.254271819715,27.64486879670275,73,900.9845618428393,0.28688951632263643
2023,IN,NG,natural gas,,34849.28217,,326.0886,807.3,47.9,23.16546998190293,9357.11095595287,36.46424645450347,53,495.9268806655021,0.046711462687435604
2023,IN,COW,all coal products,8.77,40931.63016,2.85,464.96087,1387.6,58.3,33.90043334643479,11359.451558183431,30.03666138742385,95,1079.147898027426,0.03141407531664694
2023,WA,COW,all coal products,7.71,4162.60729,0.38,49.49928,182.2,4.7,43.77064356700341,11891.412413300222,28.692975076566775,95,1129.6841792635212,0.03874591179593128
2023,CA,TSN,estimated total solar,,68978.08598,,,,,,,,0,,0.0
2023,MI,TSN,estimated total solar,,1566.19885,,,,,47.09,,,0,,0.0
2023,AZ,WNT,onshore wind turbine,,1733.354,,5.91421,,,27.0,3412.003549188452,99.99989597934467,0,0.0,inf
2023,GA,TSN,estimated total solar,,8068.59236,,,,,46.27,,,0,,0.0
2023,AR,TSN,estimated total solar,,1194.03417,,,,,47.09,,,0,,0.0
2023,ME,COW,all coal products,6.66,43.20506,0.97,1.29501,7.0,0.1,162.01805992168508,29973.572539883055,11.383361110725016,95,2847.48939128889,0.05689856489626782
2023,KS,NUC,nuclear,,10301.865,,107.67254,66.5,,6.455141860235987,10451.752182735845,32.645243977712425,0,0.0,inf
2023,OR,PET,petroleum,,0.19502,,0.00199,0.0,21.6,0.0,10204.081632653062,33.437599999999996,73,744.8979591836734,0.0
2023,OH,NG,natural gas,,78704.77666,,597.48299,1262.2,75.9,16.037146073771734,7591.445085742271,44.945329399908104,53,402.34658954434036,0.03985903320799584
2023,FL,PET,petroleum,0.32,1202.44055,4.95,13.46578,106.5,128.8,88.5698673418823,11198.70749535185,30.467801765660806,73,817.5056471606849,0.10834159696571911
2023,FL,COW,all coal products,8.76,11691.45238,2.8,127.88145,428.6,12.4,36.659260634990495,10938.029411877056,31.1939186805905,95,1039.1127941283203,0.035279385300748624
2023,VT,PET,petroleum,,2.61064,,0.05133,0.7,4.7,268.13348450954555,19661.84537124996,17.353406740697448,73,1435.3147121012473,0.1868116324934816
2023,VT,NG,natural gas,,1.2637,,0.10321,0.0,0.7,0.0,81672.86539526786,4.17764208894487,53,4328.661865949197,0.0
2023,VA,NG,natural gas,,50604.69376,,410.20817,1240.6,34.5,24.51551245194216,8106.128888862975,42.09160805088793,53,429.6248311097377,0.057062605968602034
2023,OH,WNT,onshore wind turbine,,2819.321,,9.61959,,,,3412.023675204065,99.99930612427349,0,0.0,0.0
2023,CT,PET,petroleum,,124.20381,0.3,1.69228,26.5,20.1,213.35899438189537,13625.024868399769,25.042156127827546,73,994.6268153931832,0.21451160483497825
2023,OR,WNT,onshore wind turbine,,8953.566,,30.54957,,,27.0,3412.0003136180603,99.99999080838126,0,0.0,inf
2023,OR,NG,natural gas,,23384.81961,,181.12604,881.3,17.2,37.68684192129203,7745.453803823462,44.051647410455175,53,410.5090516026435,0.09180514235718094
2023,TN,WNT,onshore wind turbine,,16.213,,0.05532,,,,3412.0767285511624,99.99775126536515,0,0.0,0.0
2023,TN,NG,natural gas,,15029.97376,,138.60248,291.3,20.7,19.381271361580872,9221.737989248491,36.999533102957464,53,488.75211343017,0.039654603691754574
2023,WV,NG,natural gas,,3679.6577,,40.84029,64.6,15.9,17.555980818541897,11098.937273431711,30.741681982179852,53,588.2436754918806,0.02984474215360131
2023,CO,WNT,onshore wind turbine,,16091.081,,54.90276,,,27.0,3411.9994797117733,100.00001524877801,0,0.0,inf
2023,CO,PET,petroleum,,47.93543,,2.935,77.5,35.2,1616.7582099503438,61228.19801553883,5.572595814650766,73,4469.658455134335,0.3617185129868614
2023,NM,COW,all coal products,19.41,7371.81332,0.85,73.7566,263.6,7.2,35.75782355812559,10005.218091985,34.10220515566064,95,950.4957187385749,0.03762018371380003
2023,LA,NUC,nuclear,,12211.457,,127.63112,73.4,,6.0107487583177015,10451.751989955006,32.64524457984855,0,0.0,inf
2023,CO,NG,natural gas,,17219.75981,,148.49167,549.6,27.4,31.916821492529287,8623.32992088349,39.567081757326854,53,457.036485806825,0.0698342965686541
2023,ME,WNT,onshore wind turbine,,2338.71,,7.97968,,,,3412.000632827499,99.99998145289034,0,0.0,0.0
2023,AK,WNT,onshore wind turbine,,111.36886,,0.38004,,,,3412.4440171157357,99.98698829596884,0,0.0,0.0
2023,DE,NG,natural gas,,4382.64005,,43.97482,57.9,4.4,13.211215007264856,10033.865318234382,34.00484152203466,53,531.7948618664223,0.02484269020745689
2023,MI,NUC,nuclear,,27996.108,,292.60838,158.7,,5.668645084523892,10451.752079253301,32.64524430093219,0,0.0,inf
2023,WV,TSN,estimated total solar,,47.30431,,,,,,,,0,,0.0
2023,NC,NUC,nuclear,,42335.726,,442.54374,244.6,,5.777626206292057,10453.198322381433,32.640727696656604,0,0.0,inf
2023,IA,TSN,estimated total solar,,911.10882,,,,,47.09,,,0,,0.0
2023,AK,NG,natural gas,,3182.4071,,28.43803,224.7,22.9,70.60693146392238,8936.012617618908,38.1825781363899,53,473.6086687338021,0.14908285283859093
2023,SC,TSN,estimated total solar,,3351.29057,,,,,46.27,,,0,,0.0
2023,SC,NUC,nuclear,,55622.34,,581.35091,321.5,,5.780051684269306,10451.752119741815,32.645244174469426,0,0.0,inf
2023,SC,NG,natural gas,,23691.4439,,195.03298,746.2,18.1,31.49660287273584,8232.21162978589,41.44694224884427,53,436.30721637865224,0.07218904865740587
2023,CO,TSN,estimated total solar,,5319.19833,,,,,28.528,,,0,,0.0
2023,NY,PET,petroleum,,413.01517,0.36,5.0128,68.8,93.3,166.57983773332103,12137.084456244065,28.112187999521225,73,886.0071653058168,0.18801184037357513
2023,NY,NUC,nuclear,,27524.923,,287.68367,185.2,,6.7284475237224095,10451.752035782261,32.64524443671064,0,0.0,inf
2023,OK,WNT,onshore wind turbine,,37012.334,,126.28608,,,,3411.999902518982,100.0000028570053,0,0.0,0.0
2023,OK,NG,natural gas,,45212.91499,,382.27799,1096.6,44.8,24.25413181703815,8455.061791184016,40.354524712730644,53,448.11827493275285,0.0541243978962426
2023,IA,WNT,onshore wind turbine,,41439.49501,,141.39176,,,33.0,3412.0048993328696,99.9998564089732,0,0.0,inf
2023,NH,NUC,nuclear,,9534.781,,99.65517,58.6,,6.145919869580644,10451.752379000629,32.64524336469448,0,0.0,inf
2023,MI,WNT,onshore wind turbine,,8292.415,,28.29372,,,33.0,3412.000002411842,99.99999992931295,0,0.0,inf
2023,AR,COW,all coal products,4.7,16844.43645,0.22,178.45679,387.6,17.3,23.01056501062106,10594.405489890996,32.20567688536816,95,1006.4685215396447,0.022862677290116
2023,KS,COW,all coal products,5.22,16290.68363,0.28,182.05702,308.7,17.7,18.949481004683904,11175.529777322183,30.530991084859018,95,1061.6753288456073,0.017848659086095807
2023,MO,NUC,nuclear,,9179.744,,95.94441,67.5,,7.353146231528896,10451.752249300198,32.64524376980379,0,0.0,inf
2023,IN,TSN,estimated total solar,,2203.21296,,,,,47.09,,,0,,0.0
2022,TN,TSN,estimated total solar,,751.55145,,,,,39.548,,,0,,0.0
2022,TN,COW,all coal products,8.04,15885.53977,1.74,190.96541,618.3,19.6,38.922190177488694,12021.335929713894,28.38286875892341,95,1142.02691332282,0.034081675066869856
2022,UT,NG,natural gas,,11107.08691,,89.05552,685.4,15.1,61.70834941274444,8017.900708044428,42.55477991360895,53,424.9487375263547,0.14521363158283856
2022,OH,PET,petroleum,,1272.60495,,23.32457,141.8,70.4,111.42499485013003,18328.209394439335,18.616112062944783,73,1337.9592857940715,0.08327980980676845
2022,PA,TSN,estimated total solar,,1046.53604,,,,,48.086,,,0,,0.0
2022,OK,PET,petroleum,,28.5796,,0.33069,7.6,36.4,265.9239457515151,11570.840739548488,29.48791774773958,73,844.6713739870397,0.314825332006096
2022,NH,PET,petroleum,,445.35174,0.48,4.34367,79.6,10.3,178.73512742983783,9753.346871396529,34.98286326723715,73,711.9943216119466,0.25103448441159426
2022,NH,NG,natural gas,,4501.92276,,33.47054,291.2,3.2,64.6834731567007,7434.721070158918,45.892777520530004,53,394.0402167184227,0.16415449594304451
2022,UT,WNT,onshore wind turbine,,723.439,,2.46838,,,29.555555555555557,3412.0084761811295,99.99975157795801,0,0.0,inf
2022,WY,NG,natural gas,,1661.25445,,22.96939,86.2,8.9,51.88849907971654,13826.533316434457,24.67719074559664,53,732.8062657710262,0.07080793588073618
2022,WI,WNT,onshore wind turbine,,1815.722,,6.19525,,,27.0,3412.0035996699935,99.99989449981841,0,0.0,inf
2022,AK,TSN,estimated total solar,,15.71979,,,,,,,,0,,0.0
2022,KS,NUC,nuclear,,8981.959,,93.84009,59.3,,6.602123211651267,10447.619500378481,32.658157199124595,0,0.0,inf
2022,MA,PET,petroleum,,756.06189,0.3,7.31517,137.8,36.5,182.26021152845044,9675.358719641326,35.26484235745716,73,706.3011865338168,0.2580488536666561
2022,MA,NG,natural gas,,15775.96667,,133.50796,1397.9,22.8,88.60946712433692,8462.743538491515,40.31789436228371,53,448.5254075400503,0.19755729694404142
2022,NE,WNT,onshore wind turbine,,12614.061,,43.03918,,,29.0,3412.000306641929,99.99999101283994,0,0.0,inf
2022,NE,NG,natural gas,,1260.18185,,13.41907,112.3,10.3,89.11412269586332,10648.51870386802,32.0420153721532,53,564.371491305005,0.15789975941166579
2022,IL,TSN,estimated total solar,,2794.9352,,,,,53.078,,,0,,0.0
2022,GA,COW,all coal products,7.06,16778.38303,1.36,179.98955,676.3,17.3,40.30781743334655,10727.46698404584,31.806203692581043,95,1019.1093634843547,0.03955200381589404
2022,IL,WNT,onshore wind turbine,,23493.80554,,80.16085,,,27.0,3411.999382710477,100.00001809172434,0,0.0,inf
2022,IL,NUC,nuclear,,98869.581,,1032.95171,641.0,,6.483288323028293,10447.618969883164,32.65815885739712,0,0.0,inf
2022,IA,COW,all coal products,4.92,18172.12614,0.31,226.117,332.3,21.8,18.28624770926227,12443.067930410041,27.420890242520464,95,1182.0914533889538,0.015469401844364225
2022,CT,TSN,estimated total solar,,1470.31565,,,,,62.06,,,0,,0.0
2022,CA,WNT,onshore wind turbine,,14638.061,,49.94505,,,,3411.999034571587,100.00002829509631,0,0.0,0.0
2022,DE,TSN,estimated total solar,,221.93297,,,,,48.086,,,0,,0.0
2022,NM,TSN,estimated total solar,,2566.43969,,,,,28.675624999999997,,,0,,0.0
2022,NC,WNT,onshore wind turbine,,546.755,,1.86553,,,,3412.0035482071494,99.99989600810494,0,0.0,0.0
2022,NC,TSN,estimated total solar,,11858.41022,,,,,39.548,,,0,,0.0
2022,NC,PET,petroleum,,277.75199,,3.77869,74.2,62.0,267.1448006547136,13604.546991724525,25.079850156535727,73,993.1319303958903,0.26899225820704625
2022,ME,WNT,onshore wind turbine,,2716.384,,9.26829,,,,3411.99550579005,100.00013171793287,0,0.0,0.0
2022,MD,WNT,onshore wind turbine,,497.608,,1.69784,,,,3412.003022459446,99.99991141685906,0,0.0,0.0
2022,MD,TSN,estimated total solar,,1996.37016,,,,,48.086,,,0,,0.0
2022,MD,PET,petroleum,,142.8643,,1.92654,48.4,28.3,338.7830269703488,13485.104396269748,25.301991736480943,73,984.4126209276916,0.3441473826809394
2022,MD,COW,all coal products,12.38,4639.31405,2.27,52.48991,163.7,5.9,35.285388795785444,11314.153220560698,30.1569188032519,95,1074.8445559532665,0.03282836443683828
2022,ND,WNT,onshore wind turbine,,16249.888,,55.44463,,,28.0,3412.0007473282276,99.9999780970673,0,0.0,inf
2022,ND,COW,all coal products,9.79,24831.18527,0.73,288.99473,474.1,35.4,19.09292669056711,11638.378388209736,29.31679900918609,95,1105.645946879925,0.0172685720455507
2022,NY,WNT,onshore wind turbine,,4567.508,,15.58434,,,,3412.0005920077206,99.99998264924919,0,0.0,0.0
2022,OH,NG,natural gas,,68864.96911,,524.31167,3075.4,74.5,44.65840963476765,7613.619475563866,44.81442776265499,53,403.52183220488496,0.1106716070125611
2022,DE,COW,all coal products,7.45,104.74978,2.17,1.84569,5.8,0.2,55.37004469126332,17619.989273485826,19.36437047174769,95,1673.8989809811535,0.03307848640830658
2022,CO,NG,natural gas,,15445.52673,,142.28214,955.5,27.4,61.86257139059705,9211.86713067182,37.03917948012309,53,488.22895792560644,0.12670811590824016
2022,MO,NUC,nuclear,,8874.76949,,92.72021,64.6,,7.279062298214124,10447.618961199634,32.65815888454092,0,0.0,inf
2022,IA,WNT,onshore wind turbine,,45761.36955,,156.1378,,,28.0,3412.000155052177,99.99999545568083,0,0.0,inf
2022,MT,WNT,onshore wind turbine,,4021.86,,13.72259,,,28.51851851851852,3412.0009149995276,99.99997318290498,0,0.0,inf
2022,VA,TSN,estimated total solar,,5015.07162,,,,,48.086,,,0,,0.0
2022,NE,NUC,nuclear,,5618.504,,58.69999,37.7,,6.7099711951793575,10447.619152713962,32.65815828588727,0,0.0,inf
2022,NH,NUC,nuclear,,10921.528,,114.10396,67.1,,6.143828958731781,10447.618684858016,32.6581597483558,0,0.0,inf
2022,MT,PET,petroleum,,464.87867,,7.47191,41.4,12.1,89.05549484556906,16072.817451486857,21.228387681864476,73,1173.3156739585406,0.0759007118221757
2022,MT,COW,all coal products,9.12,11651.07251,0.7,128.26228,269.5,12.6,23.13091775617145,11008.624303892519,30.99388175862771,95,1045.8193088697892,0.02211750878951441
2022,MA,TSN,estimated total solar,,5353.15349,,,,,62.06,,,0,,0.0
2022,WV,TSN,estimated total solar,,33.2145,,,,,48.086,,,0,,0.0
2022,ME,PET,petroleum,,274.26939,0.45,3.71228,68.6,11.6,250.11905265841003,13535.159720156887,25.20842066546704,73,988.0666595714526,0.25313985674498163
2022,MD,NG,natural gas,,13949.64162,,106.62797,833.7,16.4,59.76497624173373,7643.7784499871605,44.63760981986247,53,405.12025784931956,0.14752403782277093
2022,NM,COW,all coal products,20.47,13291.99638,0.79,136.55173,399.8,13.2,30.07825074355008,10273.22955078927,33.21253538754873,95,975.9568073249806,0.030819243759354634
2022,NJ,NG,natural gas,,33394.32334,,269.05927,1813.6,39.8,54.30863148610813,8057.036139364397,42.3480786356404,53,427.02291538631306,0.12717966537457825
2022,CT,PET,petroleum,,314.36881,0.28,4.01405,79.8,20.8,253.84197624439904,12768.601312579323,26.721799173403422,73,932.1078958182907,0.2723311082152705
2022,LA,COW,all coal products,4.95,8172.86284,0.37,91.93676,244.2,9.3,29.879370886395545,11249.027641824465,30.331510497085173,95,1068.6576259733242,0.027959722702752127
2022,MI,NG,natural gas,,41183.78402,,367.39778,2203.4,57.2,53.50164032838671,8920.933050289439,38.247120349023334,53,472.80945166534025,0.11315687565031117
2022,FL,PET,petroleum,0.28,1319.16485,4.54,15.5539,198.0,127.4,150.0949634914848,11790.717437627301,28.93801855611775,73,860.7223729467929,0.1743825514580451
2022,FL,COW,all coal products,8.51,15531.57239,2.68,169.69883,608.2,16.5,39.15894570929531,10926.056019238631,31.22810274807433,95,1037.9753218276699,0.03772627815499903
2022,LA,PET,petroleum,0.52,3106.6338,5.67,35.16372,185.7,76.0,59.775310498456555,11318.913738722598,30.144235381239533,73,826.2807029267498,0.07234261950778689
2022,TX,TSN,estimated total solar,,25437.07827,,,,,43.7,,,0,,0.0
2022,NM,WNT,onshore wind turbine,,14434.55068,,49.2507,,,29.27777777777778,3412.000906148053,99.99997344232672,0,0.0,inf
2022,NM,PET,petroleum,,18.92466,,0.21445,6.8,17.7,359.3195333496084,11331.775577474047,30.1100209466076,73,827.2196171556054,0.4343701792096379
2022,SD,TSN,estimated total solar,,4.34446,,,,,43.7,,,0,,0.0
2022,SD,NG,natural gas,,1424.3383,,15.29937,57.3,5.1,40.22920678324806,10741.387772834587,31.764982999953588,53,569.2935519602331,0.07066513689594396
2022,TX,PET,petroleum,,373.50556,,5.26079,82.4,317.1,220.61251243488852,14084.90411762545,24.224517053902552,73,1028.1980005866578,0.21456228499667757
2022,TX,NG,natural gas,,256140.17982,,2324.03563,11969.3,259.6,46.72949011127933,9073.295847739286,37.60485778549961,53,480.8846799301822,0.09717400462427668
2022,TX,COW,all coal products,8.42,85336.95279,0.53,926.22913,2128.5,89.3,24.94230143461864,10853.787248289676,31.43603169978901,95,1031.1097885875192,0.024189763021051535
2022,WA,TSN,estimated total solar,,476.50139,,,,,28.02125,,,0,,0.0
2022,WI,NG,natural gas,,23276.42845,,201.51365,1047.8,32.6,45.01549721215928,8657.412817128308,39.41131227160046,53,458.84287930780033,0.09810656161880209
2022,VT,WNT,onshore wind turbine,,409.185,,1.39614,,,,3412.001906228234,99.99994413167734,0,0.0,0.0
2022,VA,PET,petroleum,,651.86699,0.23,9.23575,126.4,55.0,193.90458780555832,14168.15108247773,24.0821824960615,73,1034.2750290208744,0.18747874826787955
2022,VA,NUC,nuclear,,28197.337,,294.59503,168.7,,5.982834478305522,10447.618865568758,32.65815918347299,0,0.0,inf
2022,MO,TSN,estimated total solar,,680.75981,,,,,43.7,,,0,,0.0
2022,NV,PET,petroleum,,9.10575,,0.11115,3.0,21.1,329.4621530351701,12206.57276995305,27.95215384615385,73,891.0798122065728,0.3697336069362025
2022,MS,COW,all coal products,10.62,5651.36728,0.48,64.18003,253.4,6.3,44.83870671382023,11356.549100450608,30.04433802751417,95,1078.8721645428077,0.0415607225651442
2022,WI,PET,petroleum,0.4,175.11527,5.86,2.37754,18.0,35.9,102.78943692346188,13576.999881278198,25.130736022948092,73,991.1209913333086,0.10371028141093458
2022,WI,COW,all coal products,5.12,21922.94807,0.4,228.62892,542.9,22.3,24.764005199780595,10428.748874010356,32.71725152480272,95,990.7311430309837,0.024995686644127362
2022,CA,TSN,estimated total solar,,62909.92353,,,,,27.3175,,,0,,0.0
2022,FL,TSN,estimated total solar,,13884.58416,,,,,31.01,,,0,,0.0
2022,KY,COW,all coal products,8.85,47053.32664,2.51,502.52881,1194.1,50.1,25.37758932829409,10679.9847297683,31.947611221669064,95,1014.5985493279886,0.02501244393174299
2022,IL,NG,natural gas,,19789.29049,,176.08612,1025.3,59.4,51.81085196147424,8898.051200419768,38.34547501636131,53,471.59671362224776,0.10986262301008122
2022,AL,PET,petroleum,,40.91709,,0.71551,11.0,39.8,268.83632242664373,17486.825187226164,19.511832270688046,73,1276.5382386675103,0.21059793924172873
2022,ID,WNT,onshore wind turbine,,2441.688,,8.33103,,,29.555555555555557,3411.9961272693317,100.00011350337232,0,0.0,inf
2022,MI,TSN,estimated total solar,,1105.07436,,,,,53.078,,,0,,0.0
2022,NJ,NUC,nuclear,,28318.8,,295.86403,179.2,,6.327951749367911,10447.618896280916,32.65815908747001,0,0.0,inf
2022,VA,COW,all coal products,16.73,3346.07301,1.52,38.5527,110.8,6.4,33.11344363044846,11521.77489396742,29.613492985238395,95,1094.568614926905,0.03025250603650806
2022,AK,WNT,onshore wind turbine,,139.276,,0.47521,,,,3412.002067836526,99.99993939521475,0,0.0,0.0
2022,NC,NG,natural gas,,58131.39645,,489.05511,3494.4,39.3,60.11209455471459,8412.925542235103,40.55664088396909,53,445.88505373846044,0.13481522659419326
2022,AR,TSN,estimated total solar,,966.73478,,,,,43.7,,,0,,0.0
2022,OR,WNT,onshore wind turbine,,8149.18841,,27.80503,,,29.555555555555557,3411.9998950913937,100.00000307469547,0,0.0,inf
2022,OR,NG,natural gas,,19054.76026,,147.43982,797.2,15.6,41.83731461966975,7737.689584555289,44.095850094716596,53,410.0975479814303,0.10201795847256367
2022,WA,PET,petroleum,,43.723,,1.48453,6.3,50.8,144.0889234499005,33953.068179219175,10.049165459775148,73,2478.5739770829996,0.05813379983093215
2022,WA,NG,natural gas,,14532.32189,,121.99845,700.3,20.0,48.18913352599844,8394.973007303792,40.64337070567699,53,444.93356938710093,0.10830635591820889
2022,NC,NUC,nuclear,,42644.282,,445.53121,249.5,,5.850725778429099,10447.618979726285,32.65815882662856,0,0.0,inf
2022,ME,TSN,estimated total solar,,768.03807,,,,,62.06,,,0,,0.0
2022,KS,TSN,estimated total solar,,161.27242,,,,,29.33,,,0,,0.0
2022,NC,COW,all coal products,9.04,14673.74341,1.8,161.93508,539.9,15.6,36.79361052695415,11035.703397242383,30.9178298580641,95,1048.3918227380263,0.035095285683230844
2022,ND,TSN,estimated total solar,,1.71878,,,,,43.7,,,0,,0.0
2022,PA,NUC,nuclear,,76166.017,,795.75352,503.0,,6.603995059896594,10447.61891645194,32.65815902441751,0,0.0,inf
2022,IN,WNT,onshore wind turbine,,9985.205,,34.06953,,,27.0,3412.0010555617037,99.99996906326561,0,0.0,inf
2022,LA,NUC,nuclear,,16164.721,,168.88284,92.5,,5.7223381708846075,10447.618613398896,32.65815997172951,0,0.0,inf
2022,ID,COW,all coal products,,6.26699,,0.45803,0.0,0.2,0.0,73086.12268409555,4.668464921511692,95,6943.181654989078,0.0
2022,MN,PET,petroleum,,-61.47689,,0.85498,14.5,38.5,,-13907.33981501016,-24.53380765398021,73,-1015.2358064957417,0.0
2022,MS,TSN,estimated total solar,,525.92121,,,,,44.54,,,0,,0.0
2022,MS,NG,natural gas,,51719.17121,,397.67245,2497.5,32.4,48.289636929006,7689.072363230548,44.37466366315292,53,407.520835251219,0.11849611787146422
2022,NE,COW,all coal products,4.89,19945.26948,0.26,220.61637,266.2,21.4,13.346523107493256,11061.087453404516,30.846876623779096,95,1050.803308073429,0.0127012572238311
2022,OK,WNT,onshore wind turbine,,37552.755,,128.13,,,29.0,3411.999998402248,100.00000004682744,0,0.0,inf
2022,OK,NG,natural gas,,36022.92097,,309.79243,2230.9,40.2,61.930014000194504,8599.869795622517,39.67501928618463,53,455.79309916799343,0.13587308389100625
2022,SD,COW,all coal products,5.18,1874.80217,0.33,20.55732,42.7,2.4,22.775736386095605,10965.060916267235,31.117018191281744,95,1041.6807870453874,0.021864410546244658
2022,SC,TSN,estimated total solar,,2941.99521,,,,,31.01,,,0,,0.0
2022,SC,NUC,nuclear,,54369.751,,568.09624,325.2,,5.981267046818,10448.755595735578,32.65460627093747,0,0.0,inf
2022,PA,PET,petroleum,,312.6673,1.42,3.60616,83.5,71.4,267.0570283493029,11533.537405414638,29.58329157885396,73,841.9482305952686,0.31718936942297515
2022,OR,TSN,estimated total solar,,2012.52449,,,,,28.02125,,,0,,0.0
2022,OH,TSN,estimated total solar,,1246.67228,,,,,48.086,,,0,,0.0
2022,UT,TSN,estimated total solar,,4628.93709,,,,,28.02125,,,0,,0.0
2022,UT,PET,petroleum,,31.03924,,0.32152,9.2,22.3,296.39900976956915,10358.50104577303,32.93912878825578,73,756.1705763414311,0.3919737411678091
2022,TN,NUC,nuclear,,35635.4,,372.65045,218.8,,6.139961947950633,10457.310707891591,32.62789158043416,0,0.0,inf
2022,AL,COW,all coal products,6.55,25943.99013,0.43,264.51125,743.9,28.5,28.67330723888153,10195.47296597742,33.465833428090484,95,968.569931767855,0.029603755287495228
2022,ME,COW,all coal products,6.97,42.44227,0.94,1.26928,5.8,0.1,136.65621560769486,29906.034714919813,11.409068545947312,95,2841.0732979173827,0.04810020766020686
2022,SC,COW,all coal products,9.24,14243.46192,2.0,149.27133,525.5,14.5,36.89412047095921,10479.989404149015,32.55728482558573,95,995.5989933941565,0.03705720949473968
2022,MD,NUC,nuclear,,14810.684,,154.73638,90.9,,6.137461308336603,10447.618759538722,32.65815951491175,0,0.0,inf
2022,TN,PET,petroleum,,146.61361,,2.20465,56.9,48.8,388.0949387986559,15037.14423238061,22.69047863923979,73,1097.7115289637845,0.353549114278693
2022,MN,WNT,onshore wind turbine,,15091.227,,51.49124,,,28.0,3411.9982424225677,100.00005151167461,0,0.0,inf
2022,MN,TSN,estimated total solar,,2144.36494,,,,,43.7,,,0,,0.0
2022,ND,NG,natural gas,,1453.35858,,16.35288,44.8,10.3,30.82515259241804,11251.786190301362,30.324074260680696,53,596.3446680859722,0.05169016215296172
2022,HI,WNT,onshore wind turbine,,625.42187,,2.13394,,,,3412.0009266705047,99.99997284084839,0,0.0,0.0
2022,VT,PET,petroleum,,5.26506,,0.10472,1.4,4.8,265.90390232969804,19889.611894261416,17.154683651642475,73,1451.9416682810831,0.18313676653725003
2022,VT,NG,natural gas,,1.49874,,0.09495,0.1,0.7,66.72271374621349,63353.216702029706,5.385677598736177,53,3357.7204852075743,0.019871431836020945
2022,VA,NG,natural gas,,48801.98702,,393.07743,2601.8,35.0,53.31340297545122,8054.537407235268,42.36121613806216,53,426.8904825834692,0.12488777602350724
2022,MT,NG,natural gas,,728.75784,,8.58504,33.4,4.9,45.83141088403248,11780.374122630365,28.96342649632384,53,624.3598284994093,0.07340544473238134
2022,GA,TSN,estimated total solar,,7331.77903,,,,,31.01,,,0,,0.0
2022,RI,PET,petroleum,,60.05078,,0.64758,12.0,5.2,199.8308764682157,10783.87324860726,31.639837759041363,73,787.2227471483301,0.2538428636521134
2022,DC,TSN,estimated total solar,,198.1141,,,,,48.086,,,0,,0.0
2022,RI,NG,natural gas,,6963.77276,,54.82586,434.2,4.9,62.3512591470604,7873.011065915367,43.33792968704914,53,417.2695864935145,0.1494268002396803
2022,HI,TSN,estimated total solar,,1881.68869,,,,,,,,0,,0.0
2022,HI,COW,all coal products,7.58,647.75791,0.21,7.6795,29.5,0.7,45.54170554243019,11855.509414003142,28.779868336740677,95,1126.2733943302985,0.04043574657067175
2022,NY,NUC,nuclear,,26812.164,,280.12327,177.1,,6.605210978121721,10447.618849414766,32.65815923396867,0,0.0,inf
2022,CT,NUC,nuclear,,16464.167,,172.01134,101.1,,6.140608267639656,10447.618758969098,32.65815951669233,0,0.0,inf
2022,CT,NG,natural gas,,24530.68681,,181.70682,1509.7,16.2,61.543323743571946,7407.327051516826,46.06249968807995,53,392.5883337303918,0.1567629969000468
2022,DE,NG,natural gas,,4749.64478,,45.73557,215.0,4.7,45.266543069774585,9629.261159189258,35.43366353444375,53,510.3508414370307,0.08869691081984778
2022,AR,COW,all coal products,4.74,20360.86942,0.22,210.02669,486.8,20.3,23.90860576522474,10315.212266608605,33.07736100637494,95,979.9451653278174,0.02439790164914654
2022,WY,TSN,estimated total solar,,208.87296,,,,,28.02125,,,0,,0.0
2022,WY,PET,petroleum,,53.03027,,0.57641,14.2,10.0,267.77159535487937,10869.452484401832,31.39072556687081,73,793.4700313613338,0.33746907226662526
2022,CA,COW,all coal products,8.52,251.5649,0.42,12.68828,0.0,2.9,0.0,50437.402038201675,6.764821069522426,95,4791.553193629159,0.0
2022,WA,COW,all coal products,8.28,3565.97183,0.39,42.20367,130.0,4.0,36.4557002123037,11835.110318299963,28.829473559906045,95,1124.3354802384965,0.032424219330489
2022,WA,WNT,onshore wind turbine,,8060.912,,27.50383,,,29.555555555555557,3411.9997836473094,100.00000634093507,0,0.0,inf
2022,NE,PET,petroleum,,35.10891,,0.47292,11.1,16.5,316.1590604778103,13470.084944249194,25.33020403450901,73,983.3162009301911,0.32152329045197486
2022,IA,TSN,estimated total solar,,693.46297,,,,,43.7,,,0,,0.0
2022,FL,NUC,nuclear,,30768.329,,321.45578,155.6,,5.057148212371234,10447.61904359512,32.65815862698129,0,0.0,inf
2022,OK,COW,all coal products,5.13,8954.03136,0.26,103.53176,265.1,10.2,29.60677591372653,11562.586262820501,29.508969035511427,95,1098.4456949679477,0.026953336017754112
2022,WY,COW,all coal products,7.0,33517.8958,0.41,385.02786,594.0,37.4,17.72187620441257,11487.23244136346,29.702541647142098,95,1091.2870819295285,0.016239426359815543
2022,OR,PET,petroleum,,1.6679,,0.01648,0.3,21.6,179.86689849511362,9880.68829066491,34.53200728155339,73,721.2902452185383,0.24936826705678947
2022,OH,COW,all coal products,9.24,42992.71249,3.65,446.94354,1258.2,51.4,29.265424932019688,10395.797662312143,32.82095430127035,95,987.6007779196535,0.02963284921025101
2022,CO,TSN,estimated total solar,,3771.73947,,,,,28.02125,,,0,,0.0
2022,MO,WNT,onshore wind turbine,,7524.605,,25.67395,,,28.0,3411.9996996520085,100.00000880269688,0,0.0,inf
2022,AZ,NUC,nuclear,,31942.793,,333.72613,220.3,,6.896704367711364,10447.61896681984,32.65815886697275,0,0.0,inf
2022,AZ,NG,natural gas,,45053.24482,,350.62444,2939.2,24.7,65.23836433408749,7782.445890431206,43.84225792299019,53,412.4696321928539,0.15816525446310847
2022,MS,NUC,nuclear,,8600.33,,89.85297,55.8,,6.488123130158959,10447.618870438693,32.65815916825009,0,0.0,inf
2022,CO,WNT,onshore wind turbine,,16911.126,,57.70075,,,29.555555555555557,3411.9992956116585,100.00002064444568,0,0.0,inf
2022,CO,PET,petroleum,,27.20574,,0.37589,10.0,36.7,367.5694908500927,13816.569591564135,24.694986533294312,73,1008.6095801841818,0.36443188531182796
2022,VT,TSN,estimated total solar,,413.50692,,,,,62.06,,,0,,0.0
2022,TN,WNT,onshore wind turbine,,14.865,,0.05072,,,,3412.041708711739,99.99877760252366,0,0.0,0.0
2022,DC,NG,natural gas,,80.27208,,1.20223,0.0,1.6,0.0,14976.938432391436,22.78169210217679,53,793.7777369167461,0.0
2022,TN,NG,natural gas,,16520.81238,,159.15619,722.1,22.9,43.708504363512425,9633.678195672363,35.417417217991954,53,510.5849443706351,0.08560476536845217
2021,HI,WNT,onshore wind turbine,0.0,657.891,0.0,5.81839,,,,8844.003033937233,38.579814897248205,0,0.0,0.0
2021,MD,PET,petroleum,0.0,72.66898,0.0,1.1622,17.8,29.9,244.94633060764025,15993.06884450559,21.33424193426261,73,1167.494025648908,0.2098052111842679
2021,MD,NUC,nuclear,0.0,14993.633,0.0,156.37029,114.1,,7.6098968142010674,10429.11281075107,32.71610981600149,0,0.0,inf
2021,SC,TSN,estimated total solar,,2707.4398,,,,,27.045,,,0,,0.0
2021,SC,PET,petroleum,0.0,86.1746,1.2,1.22253,13.8,35.2,160.13999484766975,14186.662891385631,24.050758279960405,73,1035.626391071151,0.15463104863717944
2021,SC,NUC,nuclear,0.0,53771.428,0.0,560.84102,564.1,,10.49070149299364,10430.093468970175,32.713033782015444,0,0.0,inf
2021,WI,COW,all coal products,4.96,27441.58672,0.37,282.65966,567.9,27.5,20.694867457722577,10300.41239539519,33.12488732514572,95,978.5391775625429,0.021148736741713005
2021,NV,WNT,onshore wind turbine,0.0,339.944,0.0,3.00647,,,29.666666666666668,8844.015484903395,38.57976058300932,0,0.0,inf
2021,NV,TSN,estimated total solar,,7655.79907,,,,,20.53,,,0,,0.0
2021,IL,WNT,onshore wind turbine,0.0,19133.08783,0.0,169.21303,,,22.666666666666664,8844.00006436389,38.579827851294915,0,0.0,inf
2021,IL,NUC,nuclear,0.0,96994.458,0.0,1011.56616,667.5,,6.881836485956755,10429.112970557555,32.716109314688815,0,0.0,inf
2021,WA,TSN,estimated total solar,,358.59672,,,,,20.53,,,0,,0.0
2021,GA,NG,natural gas,0.0,56673.11501,0.0,444.05863,1762.6,40.6,31.10116674703673,7835.437136667812,43.54575169817553,53,415.2781682433941,0.07489237124742944
2021,FL,NUC,nuclear,0.0,29514.894,0.0,307.81417,168.1,,5.695429568542581,10429.11317926468,32.71610865997495,0,0.0,inf
2021,NH,COW,all coal products,7.6,284.16345,2.88,3.25858,13.0,0.3,45.7483184413759,11467.273500515284,29.754239312829515,95,1089.390982548952,0.04199439794731382
2021,IL,PET,petroleum,0.0,53.97006,0.0,0.65884,11.3,76.2,209.37534625679496,12207.509126356354,27.950009823325843,73,891.1481662240138,0.23495009493647198
2021,IL,NG,natural gas,0.0,20664.59802,0.0,203.18897,738.0,57.0,35.71325216613142,9832.708567732401,34.70050979846002,53,521.1335540898173,0.06852994186587388
2021,DE,WNT,onshore wind turbine,0.0,4.849,0.0,0.04288,,,18.0,8843.060424829862,38.58392723880597,0,0.0,inf
2021,OK,WNT,onshore wind turbine,0.0,32540.31215,0.0,287.78653,,,17.0,8844.00028719454,38.5798268792497,0,0.0,inf
2021,AR,NG,natural gas,0.0,20629.13354,0.0,165.20441,1072.9,18.8,52.008970610405974,8008.305810792672,42.60576557156071,53,424.44020797201165,0.1225354470041998
2021,MN,PET,petroleum,0.0,105.13068,0.0,1.33679,18.7,38.0,177.87386136948797,12715.507975407369,26.833375486052415,73,928.232082204738,0.19162649598040368
2021,NJ,PET,petroleum,0.0,36.98351,0.0,0.42193,3.4,50.8,91.93286413323126,11408.598048157139,29.907268058682718,73,832.8276575154711,0.1103864206521305
2021,NJ,NG,natural gas,0.0,29542.81514,0.0,237.35384,829.3,36.7,28.0711230825513,8034.232312499925,42.468276585573676,53,425.814312562496,0.06592339020645613
2021,HI,TSN,estimated total solar,,1758.03099,,,,,,,,0,,0.0
2021,CT,PET,petroleum,0.0,45.94954,0.3,1.03783,9.4,19.8,204.57223293203805,22586.29792594224,15.106504001618761,73,1648.7997485937835,0.12407342559732444
2021,CT,NUC,nuclear,0.0,17216.509,0.0,179.55292,131.1,,7.614784158623563,10429.113126244118,32.71610882630035,0,0.0,inf
2021,CO,WNT,onshore wind turbine,0.0,15125.697,0.0,133.77166,,,29.666666666666668,8843.999717831184,38.57982936296074,0,0.0,inf
2021,CO,PET,petroleum,0.0,27.80917,0.0,0.36978,7.0,34.0,251.7155312438307,13297.052734763387,25.65982152631295,73,970.6848496377273,0.25931746162286795
2021,CT,COW,all coal products,0.0,244.64713,0.0,2.87962,11.5,0.3,47.00647826933429,11770.503909038296,28.98771391919767,95,1118.197871358638,0.04203771038503253
2021,LA,NUC,nuclear,0.0,17248.674,0.0,179.88837,96.3,,5.583037861345168,10429.112985728641,32.716109267097146,0,0.0,inf
2021,LA,COW,all coal products,6.06,7872.9514,0.53,91.48142,468.5,9.2,59.50754376560739,11619.711001899492,29.363897255639447,95,1103.8725451804517,0.05390798423732841
2021,RI,WNT,onshore wind turbine,0.0,87.952,0.0,0.77784,,,,8843.914862652357,38.58019952689499,0,0.0,0.0
2021,MT,COW,all coal products,9.17,10876.45398,0.65,120.12108,273.7,11.8,25.164451622126936,11044.139957828425,30.894211890002985,95,1049.1932959937003,0.0239845714971839
2021,IA,WNT,onshore wind turbine,0.0,37098.274,0.0,328.09712,,,22.166666666666664,8843.99958876793,38.57982992596826,0,0.0,inf
2021,NJ,NUC,nuclear,0.0,28142.099,0.0,293.49713,203.1,,7.216945686958176,10429.112981231428,32.71610928120489,0,0.0,inf
2021,TX,COW,all coal products,8.18,88818.13948,0.51,962.42605,2081.8,92.8,23.438905748175216,10835.917703688427,31.487872954577657,95,1029.4121818504004,0.02276921350011912
2021,WA,NUC,nuclear,0.0,8511.288,0.0,88.76519,54.3,,6.379762968894955,10429.113666462703,32.71610713163572,0,0.0,inf
2021,AZ,WNT,onshore wind turbine,0.0,1600.319,0.0,14.15322,,,29.666666666666668,8843.999227653987,38.579831501241415,0,0.0,inf
2021,CO,TSN,estimated total solar,,2786.11122,,,,,20.53,,,0,,0.0
2021,CO,COW,all coal products,6.19,23602.04163,0.32,248.96744,398.7,24.2,16.892606421523375,10548.555243777866,32.34566176266262,95,1002.1127481588974,0.01685699184304244
2021,OK,NG,natural gas,0.0,33857.23754,0.0,285.84346,3385.2,38.8,99.98453051583488,8442.610229564523,40.414041477975395,53,447.45834216691975,0.22344991945314246
2021,WY,TSN,estimated total solar,,196.89137,,,,,20.53,,,0,,0.0
2021,WY,NG,natural gas,0.0,1500.7007,0.0,20.00416,48.8,8.3,32.51814302478835,13329.87983546619,25.596629842992662,53,706.4836312797081,0.0460281619913624
2021,OH,NG,natural gas,0.0,56380.78218,0.0,431.29116,1516.1,67.8,26.890368337915813,7649.612923479311,44.60356405129194,53,405.42948494440344,0.06632563574305231
2021,ND,TSN,estimated total solar,,1.22855,,,,,29.088,,,0,,0.0
2021,PA,COW,all coal products,18.03,29297.30847,2.7,322.81746,923.5,45.9,31.521666945810058,11018.67293818339,30.965616450745877,95,1046.773929127422,0.030113156306907772
2021,MI,WNT,onshore wind turbine,0.0,7696.887,0.0,68.07127,,,22.666666666666664,8844.000178253884,38.57982735447715,0,0.0,inf
2021,MI,COW,all coal products,5.09,37053.90287,0.56,392.29827,804.1,41.6,21.70081793599736,10587.23210281897,32.22749786595796,95,1005.7870497678023,0.021575956800206613
2021,ID,TSN,estimated total solar,,684.10626,,,,,20.53,,,0,,0.0
2021,ID,NG,natural gas,0.0,4935.45448,0.0,46.10791,160.7,7.1,32.5603246167514,9342.181188549834,36.522520074668314,53,495.1356029931411,0.06576041880228606
2021,CT,WNT,onshore wind turbine,0.0,12.758,0.0,0.11283,,,,8843.862674400376,38.58042719134982,0,0.0,0.0
2021,KY,PET,petroleum,0.0,66.08994,0.0,0.9208,14.3,39.3,216.37181089890532,13932.528914385457,24.48945213727194,73,1017.0746107501384,0.21273936898230245
2021,OK,TSN,estimated total solar,,128.19206,,,,,25.42,,,0,,0.0
2021,AK,WNT,onshore wind turbine,0.0,132.212,0.0,1.16928,,,,8843.977853750037,38.57992474001095,0,0.0,0.0
2021,KY,NG,natural gas,0.0,14571.97964,0.0,117.85437,468.0,19.1,32.1164324657264,8087.739134392588,42.1873151854106,53,428.65017412280713,0.07492457580694957
2021,KY,COW,all coal products,8.6,49862.72893,2.5,530.97407,1000.8,52.5,20.071103637447862,10648.716614475918,32.04141985863076,95,1011.6280783752122,0.019840397935261246
2021,PA,NG,natural gas,0.0,126664.87788,0.0,910.08524,2923.2,97.7,23.07822064747409,7184.984940041534,47.487921387073584,53,380.8042018222013,0.0606039023126362
2021,CA,COW,all coal products,8.46,294.15381,0.37,14.38951,0.0,2.7,0.0,48918.31929696916,6.974892124332239,95,4647.24033321207,0.0
2021,ME,TSN,estimated total solar,,293.14863,,,,,,,,0,,0.0
2021,MS,COW,all coal products,9.79,5530.68764,0.51,62.25442,159.3,6.2,28.802928382337644,11256.180795630686,30.3122352239086,95,1069.3371755849153,0.02693531005932041
2021,WY,WNT,onshore wind turbine,0.0,8447.86,0.0,74.71287,,,29.666666666666668,8843.999545447012,38.579830114945395,0,0.0,inf
2021,MD,COW,all coal products,11.42,5173.97896,2.34,59.66669,144.1,6.6,27.850905678982507,11532.070474441976,29.587054705933912,95,1095.5466950719876,0.02542192478354603
2021,ME,WNT,onshore wind turbine,0.0,2544.197,0.0,22.50088,,,,8844.000680764893,38.57982516239365,0,0.0,0.0
2021,NE,NUC,nuclear,0.0,6880.622,0.0,71.75879,43.9,,6.380237135538037,10429.113821395798,32.71610664561094,0,0.0,inf
2021,PA,PET,petroleum,0.0,124.0959,1.42,1.64867,21.2,70.3,170.83561987140592,13285.451010065603,25.68222936063615,73,969.837923734789,0.17614862823009433
2021,MA,TSN,estimated total solar,,4120.1605,,,,,,,,0,,0.0
2021,ND,PET,petroleum,0.0,33.09492,0.0,0.39817,6.3,11.6,190.36154189223,12031.151608766542,28.35971244443328,73,878.2740674399575,0.21674503318435268
2021,DE,COW,all coal products,8.03,276.72937,2.62,4.54157,11.0,0.4,39.75002725587096,16411.593753131445,20.790180718121707,95,1559.1014065474872,0.025495472641445697
2021,MD,NG,natural gas,0.0,13977.17105,0.0,108.23847,445.9,15.8,31.902020688227893,7743.946869706513,44.06021964519639,53,410.4291840944452,0.0777284411648632
2021,VT,WNT,onshore wind turbine,0.0,338.188,0.0,2.99094,,,,8844.015754550723,38.5797594067417,0,0.0,0.0
2021,IA,COW,all coal products,4.94,22106.5942,0.34,266.62582,360.0,25.3,16.284733719859933,12060.918004275845,28.289720556846298,95,1145.7872104062053,0.014212703346624595
2021,MO,PET,petroleum,0.0,258.6941,0.0,3.49858,43.3,42.1,167.3791555354374,13524.003833098628,25.229214972931878,73,987.2522798161999,0.16954040923217614
2021,RI,PET,petroleum,0.0,12.5625,0.0,0.20387,1.6,5.0,127.363184079602,16228.457711442787,21.024795212635503,73,1184.6774129353234,0.10750874684445029
2021,IN,PET,petroleum,0.0,127.81222,0.0,1.62974,24.4,48.8,190.90506369422263,12751.049938730428,26.758580794482555,73,930.8266455273213,0.2050919627317644
2021,SD,PET,petroleum,0.0,38.19249,0.0,0.49074,7.9,8.0,206.8469481827448,12849.122955848126,26.5543415821005,73,937.9859757769133,0.2205224315975705
2021,MS,PET,petroleum,0.0,8.24655,0.0,0.13354,1.1,26.4,133.38911423565008,16193.43846820792,21.070262543058256,73,1182.121008179178,0.11283879849247366
2021,AZ,NUC,nuclear,0.0,31629.862,0.0,329.87141,215.6,,6.816343365646047,10429.113158950868,32.716108723699335,0,0.0,inf
2021,AZ,NG,natural gas,0.0,48053.13267,0.0,371.02881,1764.5,25.6,36.71977042823668,7721.220020097391,44.18990769747503,53,409.22466106516174,0.08973010163331703
2021,WA,WNT,onshore wind turbine,0.0,9297.756,0.0,82.22935,,,29.666666666666668,8843.999562905286,38.57983003878785,0,0.0,inf
2021,WA,PET,petroleum,0.0,32.0241,0.0,1.38091,2.1,49.8,65.57561336618359,43120.96202547457,7.9126249502139885,73,3147.8302278596434,0.020832004466381754
2021,NM,TSN,estimated total solar,,2212.30215,,,,,22.975,,,0,,0.0
2021,MA,WNT,onshore wind turbine,0.0,208.62625,0.0,1.84509,,,,8843.997339740325,38.57983973681501,0,0.0,0.0
2021,NC,TSN,estimated total solar,,10578.4964,,,,,35.082499999999996,,,0,,0.0
2021,NC,PET,petroleum,0.0,194.7418,0.0,3.05626,32.7,60.5,167.91464390284983,15693.908549679625,21.740919345867173,73,1145.6553241266126,0.14656645883512925
2021,AL,NG,natural gas,0.0,54447.87499,0.0,445.80129,1720.8,38.6,31.604539209584313,8187.671053863475,41.67241181959792,53,433.9465658547642,0.07283048581645397
2021,HI,PET,petroleum,0.0,6155.20742,0.46,64.89564,852.4,16.0,138.48436646185354,10543.209281483483,32.36206271644752,73,769.6542775482942,0.17993061365551097
2021,MN,TSN,estimated total solar,,2076.74972,,,,,29.088,,,0,,0.0
2021,VT,PET,petroleum,0.0,2.88537,0.0,0.06078,0.6,4.8,207.94560143066573,21064.889424926438,16.1975690029615,73,1537.73692801963,0.1352283330403386
2021,UT,TSN,estimated total solar,,4136.50742,,,,,20.53,,,0,,0.0
2021,TX,NG,natural gas,0.0,233120.82483,0.0,2138.48218,14914.8,247.2,63.97884020390029,9173.278198373988,37.19499099683682,53,486.1837445138213,0.1315939517226732
2021,CO,NG,natural gas,0.0,14559.77311,0.0,132.83519,943.3,26.6,64.78809751177504,9123.438187973248,37.39818180056052,53,483.54222396258217,0.13398643241709646
2021,DE,TSN,estimated total solar,,195.92042,,,,,43.12,,,0,,0.0
2021,DE,NG,natural gas,0.0,3734.20289,0.0,38.22643,86.2,4.3,23.08390908025889,10236.837988200476,33.3306046645737,53,542.5524133746252,0.042546873834141
2021,AR,NUC,nuclear,0.0,13555.684,0.0,141.37376,75.2,,5.547488418880228,10429.112983158946,32.71610927515828,0,0.0,inf
2021,NC,WNT,onshore wind turbine,0.0,514.703,0.0,4.55203,,,18.0,8843.993526363747,38.5798563717726,0,0.0,inf
2021,NC,COW,all coal products,9.05,20404.63829,1.8,220.83087,564.9,21.3,27.684881837716713,10822.581947371536,31.52667280868838,95,1028.1452850002959,0.02692701337215075
2021,MI,TSN,estimated total solar,,616.14562,,,,,37.938,,,0,,0.0
2021,WY,PET,petroleum,0.0,60.33173,0.0,0.6632,11.3,10.1,187.29779504085164,10992.557316025912,31.039183166465623,73,802.4566840698916,0.23340548936662425
2021,WY,COW,all coal products,6.64,32038.12828,0.41,371.34269,593.4,36.1,18.52168125472029,11590.648703152017,29.437524053956736,95,1101.1116267994416,0.01682089336260715
2021,AZ,COW,all coal products,9.88,14300.57241,0.61,153.94833,355.3,15.4,24.84515932743702,10765.186566402625,31.69475957480019,95,1022.6927238082493,0.024293865350796594
2021,AK,NG,natural gas,0.0,3085.39602,0.0,26.31326,159.4,20.2,51.66273598810178,8528.324996024336,40.00785619204918,53,452.0012247892898,0.11429777875532415
2021,VA,NUC,nuclear,0.0,28571.516,0.0,297.97557,166.5,,5.8274821679045665,10429.113036914106,32.716109106528435,0,0.0,inf
2021,PA,NUC,nuclear,0.0,75902.514,0.0,791.5959,502.1,,6.6150641597984485,10429.113059417241,32.71610903593614,0,0.0,inf
2021,GA,TSN,estimated total solar,,5240.62207,,,,,27.045,,,0,,0.0
2021,GA,PET,petroleum,0.0,179.03062,2.1,5.76659,15.0,63.6,83.78455037467893,32210.07668967465,10.59295832441703,73,2351.3355983462493,0.03563274865298115
2021,VT,NG,natural gas,0.0,2.05353,0.0,0.11918,0.0,0.7,0.0,58036.64908718159,5.879043765732505,53,3075.9424016206244,0.0
2021,ND,COW,all coal products,10.08,24402.79083,0.73,282.00484,445.0,34.7,18.235619159302527,11556.253625438298,29.52513946638647,95,1097.8440944166384,0.016610390539097804
2021,MT,WNT,onshore wind turbine,0.0,3472.646,0.0,30.71208,,,24.666666666666668,8843.999647531018,38.57982966962837,0,0.0,inf
2021,MT,PET,petroleum,0.0,450.73117,0.0,7.68324,27.9,12.1,61.89942443962772,17046.169671380834,20.016226904795374,73,1244.370386010801,0.04974356922625322
2021,WI,TSN,estimated total solar,,548.85439,,,,,32.756,,,0,,0.0
2021,IL,TSN,estimated total solar,,1437.89435,,,,,37.938,,,0,,0.0
2021,VA,PET,petroleum,0.0,340.78521,0.21,5.32958,41.7,54.9,122.36446528885452,15639.117671802716,21.817087585138044,73,1141.6555900415983,0.10718159342993797
2021,AR,TSN,estimated total solar,,631.05632,,,,,29.088,,,0,,0.0
2021,OH,COW,all coal products,9.08,45662.04797,3.63,471.03513,782.1,54.8,17.128009687910634,10315.68120443197,33.07585735136995,95,979.9897144210372,0.017477744343500173
2021,MT,NG,natural gas,0.0,528.30489,0.0,6.48387,19.6,4.5,37.09978910094888,12272.969875406605,27.800931923064464,53,650.46740339655,0.05703558534559098
2021,AR,PET,petroleum,0.0,55.53197,0.0,0.57209,8.6,22.3,154.86574670410576,10301.993608366496,33.11980311489451,73,752.0455334107542,0.2059260241886455
2021,NM,WNT,onshore wind turbine,0.0,10580.735,0.0,93.57601,,,23.333333333333336,8843.9990227522,38.57983239507647,0,0.0,inf
2021,NY,WNT,onshore wind turbine,0.0,4156.369,0.0,36.75893,,,,8844.000616884594,38.57982544105609,0,0.0,0.0
2021,NY,PET,petroleum,0.0,687.76229,0.45,8.07083,87.1,85.4,126.64259332973896,11734.91207259997,29.07563328034415,73,856.6485812997978,0.14783494199871716
2021,UT,WNT,onshore wind turbine,0.0,825.229,0.0,7.29833,,,29.666666666666668,8844.005724471632,38.57980316044903,0,0.0,inf
2021,MD,TSN,estimated total solar,,1656.96908,,,,,43.12,,,0,,0.0
2021,VA,NG,natural gas,0.0,53611.27362,0.0,429.55955,1573.4,36.8,29.348304820220388,8012.4854530549765,42.58354065028702,53,424.6617290119138,0.06910984158734264
2021,VA,COW,all coal products,16.48,3248.47335,1.42,36.78741,75.9,6.5,23.364821509155984,11324.522640766008,30.12930529819848,95,1075.8296508727708,0.02171795645360879
2021,MI,PET,petroleum,0.3,1149.52181,5.53,19.70936,39.2,55.9,34.101136367303894,17145.70339470114,19.900029304452303,73,1251.6363478131832,0.02724524293888097
2021,MI,NUC,nuclear,0.0,34338.319,0.0,358.11821,199.2,,5.8010993490974325,10429.113026761735,32.7161091383764,0,0.0,inf
2021,NY,NUC,nuclear,0.0,31176.583,0.0,325.14411,208.3,,6.68129666423033,10429.113094273353,32.71610892659258,0,0.0,inf
2021,OH,WNT,onshore wind turbine,0.0,2586.756,0.0,22.87727,,,18.0,8843.999975258586,38.579828239995415,0,0.0,inf
2021,OH,TSN,estimated total solar,,950.19508,,,,,43.12,,,0,,0.0
2021,OH,NUC,nuclear,0.0,17483.009,0.0,182.33228,121.1,,6.926725256504758,10429.113203568104,32.71610858373515,0,0.0,inf
2021,ME,PET,petroleum,0.0,31.60518,1.5,0.95393,8.3,11.2,262.6151789042176,30182.710555674734,11.304485041879383,73,2203.337870564256,0.11918969959744037
2021,ME,COW,all coal products,7.97,49.99624,0.79,1.5875,6.3,0.2,126.00947591258864,31752.387779561024,10.745648559370078,95,3016.476839058297,0.04177372565271447
2021,NE,TSN,estimated total solar,,85.54767,,,,,25.42,,,0,,0.0
2021,NE,PET,petroleum,0.0,55.13041,0.0,0.77948,13.1,16.5,237.61840334581225,14138.839163358301,24.13210844665674,73,1032.135258925156,0.23022021706075915
2021,NJ,TSN,estimated total solar,,4042.64372,,,,,43.12,,,0,,0.0
2021,UT,COW,all coal products,12.01,26375.56481,0.6,268.43321,533.3,26.5,20.219472221417803,10177.344520721941,33.525444609376024,95,966.8477294685845,0.020912778305360636
2021,IA,NG,natural gas,0.0,6463.64391,0.0,64.54903,188.1,19.8,29.101231846789652,9986.476807630945,34.166203614399784,53,529.2832708044401,0.054982338290344324
2021,NM,COW,all coal products,21.33,12536.31904,0.75,131.83393,344.7,12.8,27.496109416181543,10516.159454729384,32.44530491086779,95,999.0351481992916,0.02752266470878611
2021,TN,NUC,nuclear,0.0,35330.407,0.0,368.55698,269.0,,7.613838130990112,10431.721887608031,32.70792719323888,0,0.0,inf
2021,TN,COW,all coal products,7.96,18259.79637,2.11,210.1313,377.6,21.6,20.679310565608457,11507.866557878817,29.649283669039306,95,1093.2473229984876,0.018915491609794746
2021,MN,COW,all coal products,5.45,15764.27457,0.31,175.34985,353.0,17.2,22.392403686736852,11123.242571129615,30.67450860827084,95,1056.7080442573133,0.02119071943137796
2020,TX,COW,all coal products,8.54,78825.27459,0.51,866.71697,1766.3,83.6,22.40778746648449,10995.419610120258,31.03110314098038,95,1044.5648629614243,0.021451791325774287
2020,WI,NUC,nuclear,0.0,9771.333,0.0,102.07113,63.3,,6.478133536130638,10445.978046188786,32.66328901815822,0,0.0,inf
2020,IL,PET,petroleum,0.0,30.31227,0.0,0.44402,4.7,69.9,155.0527228742684,14648.193619283544,23.292974469618486,73,1069.3181342076987,0.14500149012169636
2020,IL,NG,natural gas,0.0,24516.13774,0.0,257.01519,547.0,60.7,22.31183418045195,10483.510605369931,32.546349485756075,53,555.6260620846065,0.04015620523044233
2020,NH,NG,natural gas,0.0,3638.01203,0.0,27.34421,85.1,2.8,23.391896260442,7516.2505716068235,45.39497409638091,53,398.3612802951617,0.05872030595722058
2020,CO,NG,natural gas,0.0,18171.33776,0.0,159.54678,436.5,28.8,24.021346461395588,8780.133972921101,38.860454869173786,53,465.34710056481833,0.051620277492305223
2020,ME,WNT,onshore wind turbine,0.0,2395.141,0.0,21.01257,,,,8772.999167898675,38.89205885810255,0,0.0,0.0
2020,WV,TSN,estimated total solar,,15.37274,,,,,32.08857142857143,,,0,,0.0
2020,WV,PET,petroleum,0.0,142.4075,0.0,1.48874,18.0,11.5,126.3978371925636,10454.084230114284,32.6379616319841,73,763.1481487983427,0.1656268673279105
2020,AK,COW,all coal products,9.43,721.78894,0.15,15.36798,39.4,1.8,54.58659424734327,21291.514940641784,16.025163120201878,95,2022.6939193609699,0.026987075861971657
2020,ND,PET,petroleum,0.0,30.70179,0.0,0.36405,3.8,11.3,123.771284996738,11857.614816595385,28.774758269468474,73,865.6058816114631,0.14298803604051077
2020,MN,WNT,onshore wind turbine,0.0,11831.13671,0.0,103.79456,,,22.833333333333336,8772.999800794289,38.892056052378855,0,0.0,inf
2020,KY,NG,natural gas,0.0,14384.4953,0.0,112.5515,307.3,18.0,21.363279947680887,7824.501148816809,43.606613828869456,53,414.6985608872909,0.05151520155259743
2020,KY,COW,all coal products,8.76,43638.31323,2.57,466.76785,865.8,46.2,19.84036356851642,10696.285338524758,31.89892464546562,95,1016.1471071598521,0.01952508985039633
2020,MI,PET,petroleum,0.26,933.67172,5.5,17.09004,22.6,51.7,24.20550983379897,18304.12085309813,18.6406111901435,73,1336.2008222761635,0.018115173580394803
2020,LA,NUC,nuclear,0.0,16949.587,0.0,177.05502,98.1,,5.787751642562146,10445.978418235205,32.66328785481485,0,0.0,inf
2020,LA,COW,all coal products,6.57,3918.42413,0.67,45.37761,217.3,4.7,55.4559671926071,11580.576398706487,29.463127589928163,95,1100.1547578771163,0.05040742386063593
2020,MS,TSN,estimated total solar,,445.07813,,,,,30.13975,,,0,,0.0
2020,MS,NUC,nuclear,0.0,6470.934,0.0,67.71611,25.6,,3.9561522339742607,10464.65780674011,32.60498396614926,0,0.0,inf
2020,NM,COW,all coal products,21.72,12788.18425,0.78,137.41155,349.3,13.3,27.314276457973303,10745.196293211055,31.7537242400657,95,1020.7936478550503,0.026757882472493454
2020,NE,WNT,onshore wind turbine,0.0,9115.34229,0.0,79.96889,,,15.0,8772.999132213607,38.89205901629997,0,0.0,inf
2020,NJ,PET,petroleum,0.0,66.5922,0.0,0.42412,1.9,46.5,28.531870098900463,6368.914077024035,53.57271206262379,73,464.93072762275455,0.06136800259425155
2020,MS,COW,all coal products,9.74,4593.52454,0.49,51.94037,136.2,5.2,29.650434827109905,11307.30217019805,30.17519076294605,95,1074.1937061688147,0.02760250284174556
2020,FL,COW,all coal products,8.3,16597.72817,2.64,176.46772,436.3,17.3,26.286730059153633,10632.040613784797,32.091675755792615,95,1010.0438583095557,0.026025335279151157
2020,VT,PET,petroleum,0.0,1.75715,0.0,0.03457,0.3,4.7,170.73101328856387,19673.903764618844,17.3427706103558,73,1436.1949748171755,0.11887732256568963
2020,TX,TSN,estimated total solar,,10151.12009,,,,,32.802,,,0,,0.0
2020,TX,NUC,nuclear,0.0,41438.705,0.0,432.86781,268.6,,6.481862789872415,10445.97822253374,32.663288466749236,0,0.0,inf
2020,UT,PET,petroleum,0.0,39.55503,0.0,0.41186,5.2,19.9,131.46242083497344,10412.329354825417,32.76884435487787,73,760.1000429022554,0.17295410263761657
2020,UT,NG,natural gas,0.0,9460.15007,0.0,77.79095,176.8,14.0,18.68892128473391,8223.014373386151,41.49329972039163,53,435.819761789466,0.04288222545943678
2020,AZ,WNT,onshore wind turbine,0.0,644.16,0.0,5.65121,,,37.8,8772.991182314952,38.89209425945948,0,0.0,inf
2020,VT,WNT,onshore wind turbine,0.0,383.586,0.0,3.3652,,,,8773.000057353502,38.89205491501247,0,0.0,0.0
2020,NH,TSN,estimated total solar,,160.78386,,,,,44.66,,,0,,0.0
2020,WY,COW,all coal products,6.84,33359.10357,0.42,380.80199,618.4,37.2,18.537668396944877,11415.23450115899,29.889880927576034,95,1084.447277610104,0.01709411677236909
2020,OH,PET,petroleum,0.0,1174.40453,0.0,20.1634,33.1,67.4,28.18449618888987,17169.041403476192,19.87297904301854,73,1253.3400224537622,0.02248750992066053
2020,KY,PET,petroleum,0.0,57.21689,0.0,0.96732,10.8,36.7,188.75545315378028,16906.196754140256,20.181948960013234,73,1234.1523630522386,0.1529433956492702
2020,MA,NG,natural gas,0.0,14177.40602,0.0,125.94093,349.8,21.1,24.673060749373953,8883.213884284312,38.40952209916188,53,470.8103358670686,0.05240552058810428
2020,CO,PET,petroleum,0.0,-188.63227,0.0,0.11002,1.3,29.9,,-583.2512114708686,-584.9966417378658,73,-42.57733843737341,0.0
2020,CA,WNT,onshore wind turbine,0.0,13583.089,0.0,119.16444,,,39.0,8773.000014945053,38.892055103015636,0,0.0,inf
2020,NE,TSN,estimated total solar,,73.99099,,,,,,,,0,,0.0
2020,NE,PET,petroleum,0.0,14.03375,0.0,0.21698,2.7,15.9,192.3933374899795,15461.298655028057,22.068003963498942,73,1128.674801817048,0.17045949566717217
2020,HI,PET,petroleum,0.0,6149.20534,0.47,64.49877,581.0,13.4,94.4837532454234,10488.960188146844,32.52943989486932,73,765.6940937347197,0.1233962153013002
2020,MS,NG,natural gas,0.0,53661.60278,0.0,412.00243,918.6,32.0,17.118385445288407,7677.788374848091,44.43988077579057,53,406.9227838669488,0.042067896229879304
2020,NE,NUC,nuclear,0.0,6188.551,0.0,64.64547,41.9,,6.770567132758541,10445.978388155805,32.66328794886943,0,0.0,inf
2020,NM,TSN,estimated total solar,,2113.80621,,,,,23.47,,,0,,0.0
2020,NJ,COW,all coal products,7.72,916.71816,1.69,12.14409,34.2,1.2,37.30699520559296,13247.354017727761,25.75608680370452,95,1258.4986316841373,0.02964404908066393
2020,IA,COW,all coal products,4.9,14146.83452,0.33,181.62884,215.5,17.5,15.233089755544832,12838.832584294625,26.57562498457844,95,1219.6890955079894,0.012489321919534247
2020,CT,COW,all coal products,0.0,-19.08163,0.0,0.06672,0.2,0.0,,-3496.55663588488,-97.58171696642685,95,-332.17288040906357,0.0
2020,AL,NG,natural gas,0.0,55224.99865,0.0,446.78025,1005.1,37.3,18.20009098361472,8090.181275178718,42.174580320817675,53,428.7796075844721,0.042446260646920336
2020,OR,COW,all coal products,4.59,1630.14477,0.25,16.97583,37.0,1.7,22.69737061451297,10413.694729701829,32.76454792042569,95,989.3009993216738,0.02294283603279052
2020,OK,WNT,onshore wind turbine,0.0,29416.97729,0.0,258.07513,,,15.0,8772.999600055102,38.89205694228654,0,0.0,inf
2020,NH,WNT,onshore wind turbine,0.0,524.87224,0.0,4.60471,,,,8773.011123621245,38.89200585661203,0,0.0,0.0
2020,SD,PET,petroleum,0.0,7.39353,0.0,0.11025,0.9,8.1,121.72805141792892,14911.686298696293,22.88138263945578,73,1088.5530998048293,0.11182555213866369
2020,IL,COW,all coal products,10.43,31237.85745,1.37,360.11927,502.6,37.4,16.089451743112427,11528.296093175239,29.59674155159761,95,1095.1881288516477,0.014691039209841432
2020,WI,PET,petroleum,0.49,105.25881,5.65,1.61313,5.2,33.0,49.40204055128497,15325.368014325832,22.263739420877425,73,1118.7518650457857,0.044158174922249764
2020,CA,PET,petroleum,0.0,43.91534,0.0,0.52429,4.9,184.7,111.57832320095892,11938.65287163893,28.57943887543154,73,871.5216596296418,0.12802702258527318
2020,CA,NUC,nuclear,0.0,16258.698,0.0,169.83801,110.5,,6.796362168729624,10445.978515622837,32.66328755029572,0,0.0,inf
2020,OH,WNT,onshore wind turbine,0.0,2289.139,0.0,20.08262,,,31.5,8773.001552111951,38.89204828852012,0,0.0,inf
2020,OH,TSN,estimated total solar,,400.46761,,,,,32.08857142857143,,,0,,0.0
2020,OH,NUC,nuclear,0.0,18219.025,0.0,190.31554,121.2,,6.652386722121519,10445.978311133555,32.663288189708524,0,0.0,inf
2020,UT,COW,all coal products,12.11,22806.02092,0.54,237.17929,483.3,23.4,21.19177219451573,10399.85409256566,32.8081525916702,95,987.9861387937375,0.021449463066748498
2020,SD,NG,natural gas,0.0,1102.46586,0.0,10.63042,23.0,4.7,20.862324026977124,9642.402894906878,35.38537060925156,53,511.04735343006445,0.04082268284328779
2020,SC,TSN,estimated total solar,,2092.46967,,,,,27.4775,,,0,,0.0
2020,SC,PET,petroleum,0.0,64.14947,1.05,0.98525,7.6,32.2,118.47330928844777,15358.661575847784,22.215477456483125,73,1121.1822950368883,0.10566819491610849
2020,SC,NUC,nuclear,0.0,54751.088,0.0,571.92868,350.5,,6.401699268514993,10445.978352064894,32.66328806172126,0,0.0,inf
2020,MD,PET,petroleum,0.0,70.37895,0.0,1.04513,11.7,27.5,166.2428893866703,14850.036836298352,22.976373982184036,73,1084.0526890497797,0.15335314516159687
2020,MD,NUC,nuclear,0.0,15080.557,0.0,157.53117,97.7,,6.478540547275542,10445.978222157179,32.6632884679267,0,0.0,inf
2020,VT,TSN,estimated total solar,,356.73521,,,,,44.66,,,0,,0.0
2020,OR,TSN,estimated total solar,,1335.22913,,,,,23.47,,,0,,0.0
2020,DC,NG,natural gas,0.0,133.53607,0.0,2.03326,0.0,1.5,0.0,15226.298033183093,22.40859854814436,53,806.9937957587039,0.0
2020,OR,NG,natural gas,0.0,19019.91336,0.0,144.60265,276.9,14.8,14.55842593806642,7602.697618176742,44.87880712028445,53,402.9429737633674,0.036130238981697725
2020,WI,TSN,estimated total solar,,222.51422,,,,,32.802,,,0,,0.0
2020,MN,NUC,nuclear,0.0,14677.288,0.0,153.31863,123.5,,8.414361018193551,10445.978167083727,32.6632886401346,0,0.0,inf
2020,MN,NG,natural gas,0.0,11814.9943,0.0,100.45795,240.3,25.9,20.338562499348814,8502.58133429654,40.12898984261574,53,450.6368107177165,0.04513293635945133
2020,IL,WNT,onshore wind turbine,0.0,16225.93984,0.0,142.35016,,,31.083333333333336,8772.99937037114,38.8920579605109,0,0.0,inf
2020,FL,TSN,estimated total solar,,7626.98194,,,,,27.4775,,,0,,0.0
2020,OK,NG,natural gas,0.0,43758.89077,0.0,359.60993,805.8,44.0,18.414543554939385,8217.985503566275,41.518690906905704,53,435.55323168901253,0.0422785143472141
2020,NJ,NG,natural gas,0.0,30630.98231,0.0,243.39613,418.4,35.8,13.659372584450429,7946.076542264178,42.939430319504254,53,421.14205674000146,0.03243412137506669
2020,NY,NG,natural gas,0.0,52965.59346,0.0,465.00769,927.2,68.9,17.505703975548357,8779.429429997366,38.863573392844316,53,465.30975978986044,0.03762161357512498
2020,NY,TSN,estimated total solar,,3130.39298,,,,,122.5,,,0,,0.0
2020,NV,PET,petroleum,0.0,6.26478,0.0,0.07596,1.1,17.1,175.58477711906883,12124.926972694971,28.140375671406005,73,885.1196690067329,0.19837405411644196
2020,NV,COW,all coal products,7.42,1953.20122,0.35,21.87908,51.2,2.7,26.213377032398128,11201.651819570336,30.45979338546228,95,1064.156922859182,0.024632999578640995
2020,OR,WNT,onshore wind turbine,0.0,8777.254,0.0,77.00286,,,37.8,8773.00121427499,38.89204978620274,0,0.0,inf
2020,OR,PET,petroleum,0.0,2.33899,0.0,0.0251,0.3,20.2,128.2604885014472,10731.127537954417,31.795354103585655,73,783.3723102706724,0.16372864705561316
2020,CT,NG,natural gas,0.0,23536.81288,0.0,175.24408,391.5,15.7,16.633517970169628,7445.531427447877,45.826144624434676,53,394.6131656547375,0.042151452150795556
2020,IL,NUC,nuclear,0.0,100246.068,0.0,1047.16825,666.8,,6.651632461035779,10445.978290141016,32.663288255349606,0,0.0,inf
2020,DC,PET,petroleum,0.0,0.02052,0.0,0.00028,0.0,0.9,0.0,13645.224171539961,25.005085714285713,73,996.1013645224172,0.0
2020,NJ,NUC,nuclear,0.0,26738.258,0.0,279.33743,176.3,,6.59354846527399,10447.106539251734,32.65976074026313,0,0.0,inf
2020,WI,WNT,onshore wind turbine,0.0,1763.375,0.0,15.4701,,,30.666666666666668,8773.006308924647,38.89202720085843,0,0.0,inf
2020,GA,COW,all coal products,6.8,13913.93452,1.5,152.33351,393.8,14.7,28.30256240130703,10948.269864360407,31.16474148218603,95,1040.0856371142386,0.02721176160054828
2020,FL,NG,natural gas,0.0,189420.46237,0.0,1435.83497,4447.9,85.4,23.48162360258523,7580.147107841736,45.012319041542774,53,401.747796715612,0.05844866803142004
2020,DE,TSN,estimated total solar,,182.60627,,,,,32.08857142857143,,,0,,0.0
2020,DE,NG,natural gas,0.0,4818.09381,0.0,46.77288,52.0,4.6,10.792649967103898,9707.75618833374,35.147153820162465,53,514.5110779816883,0.020976516209215642
2020,ND,COW,all coal products,9.86,24496.80711,0.78,281.07951,445.3,34.8,18.177879182394392,11474.128393053259,29.736463486548704,95,1090.0421973400596,0.01667630778583836
2020,NJ,WNT,onshore wind turbine,0.0,20.014,0.0,0.17558,,,31.5,8772.858998700909,38.89268025971068,0,0.0,inf
2020,NC,NUC,nuclear,0.0,42328.762,0.0,442.16533,263.5,,6.225081659605353,10445.978316115175,32.66328817413161,0,0.0,inf
2020,NC,NG,natural gas,0.0,41401.32109,0.0,324.11654,1016.3,29.2,24.547525857706876,7828.65211705253,43.58349239414933,53,414.91856220378406,0.05916227446496006
2020,TN,WNT,onshore wind turbine,0.0,39.185,0.0,0.34377,,,31.5,8772.999872400153,38.89205573493906,0,0.0,inf
2020,ID,TSN,estimated total solar,,652.73494,,,,,23.47,,,0,,0.0
2020,ID,NG,natural gas,0.0,4157.09842,0.0,39.75056,81.7,6.8,19.6531310413382,9562.092590533373,35.68256600420221,53,506.79090729826885,0.03877956521775451
2020,NV,NG,natural gas,0.0,26801.32126,0.0,214.54353,558.8,16.4,20.849718361981974,8004.960946466413,42.623568344904186,53,424.2629301627199,0.04914338934581291
2020,PA,COW,all coal products,19.07,23458.27098,2.46,258.15085,442.0,35.4,18.841968377671115,11004.683602644614,31.004980453777314,95,1045.4449422512382,0.018022917913876203
2020,AR,PET,petroleum,0.0,44.17149,0.0,0.53792,5.2,21.5,117.72299281731271,12177.990826209394,28.01775800862582,73,888.9933303132858,0.13242280768948686
2020,ME,TSN,estimated total solar,,116.75891,,,,,44.66,,,0,,0.0
2020,PA,WNT,onshore wind turbine,0.0,3748.207,0.0,32.88302,,,31.5,8772.999997065264,38.892055182279485,0,0.0,inf
2020,PA,NG,natural gas,0.0,120766.85996,0.0,884.81205,1401.1,93.3,11.601692719874208,7326.613031862089,46.569949650156786,53,388.3104906886907,0.029877361024416176
2020,CO,WNT,onshore wind turbine,0.0,13386.228,0.0,117.43737,,,37.8,8772.999384143166,38.89205789945739,0,0.0,inf
2020,FL,NUC,nuclear,0.0,29419.352,0.0,307.31391,167.0,,5.676535635455193,10445.978211892634,32.66328850002267,0,0.0,inf
2020,DE,COW,all coal products,0.0,102.27417,0.0,1.95604,4.7,0.2,45.95490728499679,19125.454648030875,17.840098773031226,95,1816.9181915629333,0.025292777351447984
2020,WI,COW,all coal products,4.96,23761.09713,0.36,245.70773,463.3,23.9,19.498257907251777,10340.756937935214,32.995650323072866,95,982.3719091038454,0.019848142772159256
2020,KS,WNT,onshore wind turbine,0.0,23963.744,0.0,210.23393,,,15.0,8773.000162245098,38.89205445001195,0,0.0,inf
2020,KS,PET,petroleum,0.0,74.85656,0.0,1.02379,10.6,23.3,141.60415600182537,13676.690459727244,24.94755591674074,73,998.3984035600888,0.1418313125270366
2020,CT,WNT,onshore wind turbine,0.0,12.184,0.0,0.10689,,,,8772.980958634274,38.89213958274862,0,0.0,0.0
2020,HI,WNT,onshore wind turbine,0.0,592.23773,0.0,5.1957,,,,8772.997289449962,38.8920671855573,0,0.0,0.0
2020,IN,COW,all coal products,8.85,47772.88493,2.75,524.85138,1092.4,63.7,22.866527771991517,10986.386540587762,31.056617090567624,95,1043.7067213558373,0.02190895900553992
2020,AL,NUC,nuclear,0.0,43550.647,0.0,454.92911,306.0,,7.026302043227968,10445.978219336213,32.66328847674751,0,0.0,inf
2020,AK,TSN,estimated total solar,,6.72397,,,,,,,,0,,0.0
2020,AK,PET,petroleum,0.0,985.80196,0.0,9.66427,68.0,15.1,68.97937188114335,9803.459916026135,34.80403887225833,73,715.6525738699079,0.09638667476333634
2020,VT,NG,natural gas,0.0,2.02087,0.0,0.10674,0.0,0.7,0.0,52818.83545205778,6.459816788457935,53,2799.3982789590623,0.0
2020,VA,NG,natural gas,0.0,62623.07016,0.0,500.7104,1119.6,39.3,17.878395248579423,7995.622040259292,42.673352777557646,53,423.76796813374244,0.04218911431016171
2020,VA,COW,all coal products,15.87,3762.79507,1.4,44.46974,98.8,7.1,26.25707702970919,11818.273164687651,28.870546081087955,95,1122.735950645327,0.0233866894656906
2020,FL,PET,petroleum,0.41,1702.03681,5.25,18.61305,55.3,104.3,32.49048415116239,10935.750561117418,31.20041903782561,73,798.3097909615715,0.04069909265678341
2020,NM,PET,petroleum,0.0,32.51667,0.0,0.38065,5.1,16.5,156.8426287193615,11706.303259220578,29.14669067122028,73,854.5601379231023,0.18353609273251054
2020,NM,NG,natural gas,0.0,12001.90769,0.0,103.89003,164.7,15.2,13.72281842637635,8656.126399519075,39.417169326334786,53,458.774699174511,0.02991189019592468
2020,NY,WNT,onshore wind turbine,0.0,4521.726,0.0,39.66911,,,59.0,8773.001725447319,38.892047520098124,0,0.0,inf
2020,MT,WNT,onshore wind turbine,0.0,3058.58,0.0,26.83292,,,27.822222222222223,8772.999234939089,38.89205856090206,0,0.0,inf
2020,MT,PET,petroleum,0.0,457.21054,0.0,7.80266,13.5,12.2,29.52687836111565,17065.792052825378,19.993212090235897,73,1245.8028198562527,0.023701084867124172
2020,KY,TSN,estimated total solar,,93.73462,,,,,32.44528571428572,,,0,,0.0
2020,MD,TSN,estimated total solar,,1521.63344,,,,,32.08857142857143,,,0,,0.0
2020,ND,TSN,estimated total solar,,0.81583,,,,,32.802,,,0,,0.0
2020,NE,COW,all coal products,4.69,18788.64747,0.24,209.43939,245.8,20.5,13.082367977390126,11147.124365094067,30.608791005187708,95,1058.9768146839365,0.012353781306623512
2020,DE,PET,petroleum,0.0,8.0614,0.0,0.13028,1.4,7.3,173.66710496936014,16160.96459672017,21.11260116671784,73,1179.7504155605725,0.14720664869343583
2020,MN,TSN,estimated total solar,,1773.38214,,,,,32.802,,,0,,0.0
2020,IN,PET,petroleum,0.0,113.47343,0.0,1.3404,13.5,44.7,118.9705819238918,11812.456889687744,28.884761501044466,73,862.3093529472054,0.13796740290160778
2020,PA,TSN,estimated total solar,,729.02956,,,,,32.08857142857143,,,0,,0.0
2020,NC,WNT,onshore wind turbine,0.0,546.267,0.0,4.7924,,,31.5,8772.999284232801,38.89205834237543,0,0.0,inf
2020,NC,COW,all coal products,9.28,20793.28877,1.6,222.38816,542.8,21.4,26.104576625855227,10695.189320933958,31.902193571474307,95,1016.042985488726,0.025692393922978254
2020,MT,COW,all coal products,9.23,8490.28403,0.69,96.98796,216.4,9.5,25.487957674367692,11423.405819793285,29.86850028638607,95,1085.2235528803621,0.023486366110206925
2020,MA,WNT,onshore wind turbine,0.0,238.27483,0.0,2.09038,,,,8772.97866501468,38.892149750763025,0,0.0,0.0
2020,CT,TSN,estimated total solar,,948.83825,,,,,44.66,,,0,,0.0
2020,GA,TSN,estimated total solar,,4109.26607,,,,,27.4775,,,0,,0.0
2020,GA,PET,petroleum,0.0,206.52143,2.1,6.5027,6.5,60.5,31.473731321732565,31486.80502551236,10.836285222446062,73,2298.536766862402,0.013692942299415777
2020,OK,PET,petroleum,0.0,26.45243,0.0,0.31249,2.5,33.0,94.50927570737358,11813.281426318868,28.882745419053407,73,862.3695441212773,0.10959254805742825
2020,AZ,COW,all coal products,10.46,13747.25305,0.67,150.3124,322.0,15.0,23.422861194804295,10933.995282788515,31.205427766837595,95,1038.729551864909,0.022549528077593903
2020,PA,NUC,nuclear,0.0,76521.394,0.0,799.34082,513.3,,6.707927981552452,10445.978284190693,32.66328827395553,0,0.0,inf
2020,SC,COW,all coal products,8.97,12459.09319,1.74,134.43155,419.0,13.1,33.630055864442895,10789.83421585596,31.622357969003556,95,1025.0342505063163,0.03280871429206517
2020,VA,NUC,nuclear,0.0,30140.054,0.0,314.84235,178.7,,5.928987386684842,10445.97829851267,32.66328822917248,0,0.0,inf
2020,MI,WNT,onshore wind turbine,0.0,6735.092,0.0,59.08697,,,31.083333333333336,8773.001170585347,38.89204997988558,0,0.0,inf
2020,MI,COW,all coal products,5.14,27961.02937,0.57,304.55481,614.1,31.9,21.96271073835648,10892.11723824315,31.325406487732042,95,1034.7511376330992,0.021225113884478754
2020,CT,PET,petroleum,0.0,32.5869,0.0,0.8136,4.9,17.7,150.36717208448792,24967.088001620283,13.665991002949854,73,1822.5974241182805,0.0825015826834229
2020,CT,NUC,nuclear,0.0,15714.855,0.0,164.15703,101.8,,6.477947139824071,10445.97802525063,32.66328908362925,0,0.0,inf
2020,MO,NUC,nuclear,0.0,7742.12,0.0,80.88673,68.1,,8.796040361038061,10447.620290049754,32.65815473069563,0,0.0,inf
2020,RI,WNT,onshore wind turbine,0.0,94.506,0.0,0.82911,,,,8773.093771824011,38.89163946882802,0,0.0,0.0
2020,IA,PET,petroleum,0.59,111.11059,5.89,4.04578,7.3,25.2,65.70030813444515,36412.19077317472,9.370488090800787,73,2658.0899264417544,0.024717112645769177
2020,ME,PET,petroleum,0.0,36.91358,0.87,0.9029,4.5,10.8,121.90635533047728,24459.832939530654,13.94940026138,73,1785.5678045857378,0.06827315939355227
2020,ME,COW,all coal products,6.07,55.48017,0.59,1.65874,4.1,0.2,73.90027824355981,29897.88964237132,11.412176714855853,95,2840.2995160252754,0.026018480736488
2020,SD,COW,all coal products,5.22,1648.2221,0.64,18.44104,34.5,2.1,20.931645073804074,11188.44359628475,30.495751894687068,95,1062.9021416470512,0.019692918335237175
2020,CA,TSN,estimated total solar,,47679.87321,,,,,27.54384615384615,,,0,,0.0
2020,CA,NG,natural gas,0.0,92046.68508,0.0,783.29235,2070.6,112.3,22.495106675491805,8509.72905020123,40.0952836438349,53,451.0156396606651,0.0498765557052892
2020,SC,NG,natural gas,0.0,24227.92982,0.0,195.4558,510.3,18.0,21.06246814281056,8067.375192685778,42.29380583530394,53,427.57088521234624,0.04926076323543457
2020,MT,NG,natural gas,0.0,290.79568,0.0,4.02791,6.2,4.6,21.32081191852644,13851.340570121263,24.632994782902294,53,734.121050216427,0.02904263801213823
2019,MA,WNT,onshore wind turbine,0.0,210.81692,0.0,1.87739,,,39.0,8905.309877404527,38.31421979663256,0,0.0,inf
2019,MA,NUC,nuclear,0.0,2177.204,0.0,22.73359,15.6,,7.165153104624096,10441.644421009698,32.67684535526506,0,0.0,inf
2019,HI,WNT,onshore wind turbine,0.0,529.31,0.0,4.71351,,,,8905.008407171601,38.315516886566485,0,0.0,0.0
2019,TN,WNT,onshore wind turbine,0.0,37.976,0.0,0.33818,,,27.833333333333332,8905.097956604171,38.31513158672896,0,0.0,inf
2019,AR,NG,natural gas,0.0,21772.4002,0.0,176.91991,426.2,19.4,19.57524186975031,8125.879938583896,41.989298707194685,53,430.6716367449465,0.04545282344967429
2019,NJ,NUC,nuclear,0.0,26637.324,0.0,278.25235,183.9,,6.903846647658751,10445.957334152636,32.66335378227713,0,0.0,inf
2019,NJ,PET,petroleum,0.0,142.42328,0.0,0.9723,6.0,57.5,42.12794425181052,6826.833366005894,49.97924831430628,73,498.3588357184303,0.08453335474844986
2019,NJ,NG,natural gas,0.0,40449.13314,0.0,313.66247,845.0,41.7,20.89043532961112,7754.491769066377,44.00030461842629,53,410.98806376051795,0.05082978600026676
2019,UT,TSN,estimated total solar,,2646.03144,,,,,22.132777777777775,,,0,,0.0
2019,LA,NUC,nuclear,0.0,13981.335,0.0,146.09538,93.8,,6.708944460596932,10449.315462364646,32.65285666117573,0,0.0,inf
2019,LA,COW,all coal products,7.1,7418.81416,0.53,87.48716,272.2,8.7,36.69049987363479,11792.60702764389,28.93338166871573,95,1120.2976676261694,0.03275067058862966
2019,OR,TSN,estimated total solar,,902.93575,,,,,22.132777777777775,,,0,,0.0
2019,NM,COW,all coal products,21.69,14691.66505,0.85,150.01003,373.4,14.5,25.415771373034403,10210.55336406543,33.416406323363844,95,970.0025695862159,0.02620175674779529
2019,NC,WNT,onshore wind turbine,0.0,523.139,0.0,4.65855,,,27.833333333333332,8904.994657251706,38.31557604834122,0,0.0,inf
2019,NC,COW,all coal products,9.68,30672.10113,1.74,316.71296,859.7,30.4,28.028728659841896,10325.766684768361,33.04355118766216,95,980.9478350529944,0.028573108230905756
2019,NM,PET,petroleum,0.0,183.60122,0.0,3.87451,76.9,18.3,418.84253274569744,21102.855416755945,16.168428075808297,73,1540.508445423184,0.2718859049361717
2019,NM,NG,natural gas,0.0,11803.19183,0.0,107.88828,134.5,15.9,11.395222744592129,9140.602097627689,37.32795677524936,53,484.45191117426754,0.023521886242477898
2019,ME,WNT,onshore wind turbine,0.0,2493.932,0.0,22.20846,,,39.0,8904.99821165934,38.31556075477543,0,0.0,inf
2019,NY,NUC,nuclear,0.0,44865.018,0.0,468.46447,313.1,,6.978711119652287,10441.642305816082,32.67685197470792,0,0.0,inf
2019,TN,PET,petroleum,0.0,139.60037,0.0,1.62989,22.2,49.2,159.02536648004588,11675.39885460189,29.223841022400283,73,852.304116385938,0.18658289150868826
2019,NE,NUC,nuclear,0.0,6951.6,0.0,72.58612,49.8,,7.163818401519075,10441.642211864895,32.67685226872575,0,0.0,inf
2019,OR,NG,natural gas,0.0,20932.33415,0.0,158.20829,334.3,15.9,15.970507522210562,7558.081619865599,45.143730533842444,53,400.5783258528768,0.03986862616245534
2019,MD,PET,petroleum,0.0,67.26853,0.0,1.10156,14.6,32.9,217.0405685987192,16375.562242849664,20.835925810668506,73,1195.4160437280257,0.18156069574058606
2019,ND,PET,petroleum,0.0,33.58654,0.0,0.40065,5.7,13.0,169.71084249821504,11928.885797703484,28.602839006614257,73,870.8086632323543,0.19488878517614355
2019,LA,NG,natural gas,0.0,69522.95401,0.0,675.47004,952.3,101.0,13.69763430741196,9715.784514893343,35.11811109817987,53,514.9365792893472,0.02660062395706238
2019,OR,COW,all coal products,5.01,2569.15953,0.24,26.24437,59.6,2.6,23.198248027828775,10215.157795203166,33.40134404582773,95,970.4399905443007,0.023904876400257714
2019,MI,TSN,estimated total solar,,252.62434,,,,,36.105666666666664,,,0,,0.0
2019,MA,NG,natural gas,0.0,15406.57306,0.0,134.64316,507.4,23.3,32.93399499187524,8739.33219773405,39.041884697833886,53,463.18460647990463,0.07110338843547921
2019,LA,TSN,estimated total solar,,242.19842,,,,,43.309,,,0,,0.0
2019,TN,NG,natural gas,0.0,16955.1531,0.0,153.93229,338.4,21.9,19.958534022320332,9078.79091932234,37.58209689286113,53,481.175918724084,0.04147866351093302
2019,DE,WNT,onshore wind turbine,0.0,5.27,0.0,0.04693,,,35.666666666666664,8905.123339658445,38.31502237374813,0,0.0,inf
2019,MD,TSN,estimated total solar,,1459.67074,,,,,31.203333333333333,,,0,,0.0
2019,CT,TSN,estimated total solar,,738.37033,,,,,45.04,,,0,,0.0
2019,SC,COW,all coal products,9.24,14861.49529,1.85,156.83979,501.1,15.4,33.71800685070903,10553.43267548147,32.33071271612899,95,1002.5761041707398,0.033631368940912655
2019,MO,NG,natural gas,0.0,7674.80432,0.0,73.63317,172.5,17.2,22.47614307904595,9594.142981354866,35.563364092351314,53,508.48957801180785,0.04420177728504796
2019,MO,COW,all coal products,4.83,55686.28528,0.29,566.29794,942.6,55.9,16.926968557167154,10169.432871173914,33.551526847397675,95,966.0961227615219,0.017520998333770903
2019,CT,WNT,onshore wind turbine,0.0,12.215,0.0,0.10878,,,39.0,8905.444126074499,38.31364221364221,0,0.0,inf
2019,KY,PET,petroleum,0.0,50.35915,0.0,0.98387,14.3,40.6,283.9603130712095,19537.065260235726,17.46424017400673,73,1426.2057639972081,0.19910192500930418
2019,WV,WNT,onshore wind turbine,0.0,1631.098,0.0,14.52493,,,35.666666666666664,8905.001416223919,38.315546966491404,0,0.0,inf
2019,WV,NG,natural gas,0.0,2243.35364,0.0,25.40625,38.5,12.4,17.161806018243297,11325.12036755828,30.127715108211557,53,600.2313794805888,0.02859198403304788
2019,ID,COW,all coal products,0.0,21.00847,0.0,1.24375,0.0,0.2,0.0,59202.31221026568,5.763288413266331,95,5624.21965997524,0.0
2019,OH,PET,petroleum,0.0,844.4938,0.0,18.22204,41.9,73.7,49.615521155987174,21577.470432583403,15.812789597652072,73,1575.1553415785884,0.03149881147992903
2019,NJ,COW,all coal products,7.67,1041.5285,1.73,13.77976,42.4,1.3,40.70939969477552,13230.324470237734,25.78923901432245,95,1256.8808246725848,0.0323892280760829
2019,AR,NUC,nuclear,0.0,13574.947,0.0,141.8678,95.9,,7.064484303327299,10450.707468692142,32.648507387863916,0,0.0,inf
2019,UT,WNT,onshore wind turbine,0.0,818.684,0.0,7.29038,,,24.555555555555557,8904.99875409804,38.31555842082306,0,0.0,inf
2019,MT,NG,natural gas,0.0,507.21282,0.0,6.12377,9.0,4.8,17.744030996692867,12073.373855179765,28.26053463536351,53,639.8888143245275,0.02772986587587662
2019,NH,NG,natural gas,0.0,3582.51635,0.0,26.77055,197.4,2.9,55.10093484988561,7472.554870545113,45.66042082138768,53,396.045408138891,0.1391278215011194
2019,MS,NG,natural gas,0.0,48780.50475,0.0,380.17479,1016.5,30.6,20.83824276131542,7793.580487704978,43.779621001960706,53,413.05976584836384,0.05044849313395785
2019,RI,PET,petroleum,0.0,11.03313,0.0,0.19645,1.3,5.0,117.82694484701985,17805.464088613113,19.162656940697378,73,1299.7988784687573,0.09065013580087652
2019,CO,NG,natural gas,0.0,17097.11593,0.0,146.65899,448.9,28.9,26.255890282192173,8577.99587956587,39.7761907082273,53,454.63378161699114,0.057751736328981375
2019,VT,WNT,onshore wind turbine,0.0,377.478,0.0,3.36144,,,39.0,8904.995787833994,38.31557118377838,0,0.0,inf
2019,IA,TSN,estimated total solar,,175.88332,,,,,43.309,,,0,,0.0
2019,IA,NUC,nuclear,0.0,5235.716,0.0,54.66947,37.5,,7.162344176040106,10441.641601645315,32.67685417839243,0,0.0,inf
2019,CA,PET,petroleum,0.0,50.95293,0.0,0.59528,5.8,236.0,113.83054909698028,11682.939528698349,29.204978692380056,73,852.8545855949795,0.1334700557628688
2019,CA,NUC,nuclear,0.0,16165.384,0.0,168.84086,113.6,,7.027361676035658,10444.59321226146,32.66761979771958,0,0.0,inf
2019,HI,TSN,estimated total solar,,1380.59245,,,,,,,,0,,0.0
2019,GA,NUC,nuclear,0.0,33591.181,0.0,350.7471,271.6,,8.085455524770028,10441.642406082716,32.67685166092606,0,0.0,inf
2019,MN,TSN,estimated total solar,,1353.13232,,,,,43.309,,,0,,0.0
2019,RI,TSN,estimated total solar,,234.63246,,,,,45.04,,,0,,0.0
2019,RI,NG,natural gas,0.0,7141.02551,0.0,56.16391,170.6,5.2,23.89012611159262,7864.964201759306,43.38226993120672,53,416.8431026932432,0.05731203408965477
2019,WI,PET,petroleum,0.53,142.8276,5.93,2.10664,11.6,36.8,81.21679563333699,14749.530202845952,23.13294018911631,73,1076.7157048077545,0.0754301207558202
2019,AZ,WNT,onshore wind turbine,0.0,554.374,0.0,4.9367,,,24.555555555555557,8904.999152196893,38.31555670792229,0,0.0,inf
2019,NM,TSN,estimated total solar,,1666.53614,,,,,33.87138888888889,,,0,,0.0
2019,MI,PET,petroleum,0.27,915.18845,5.53,16.44526,29.3,60.6,32.01526417865086,17969.260866436856,18.987981895087092,73,1311.7560432498906,0.024406416378561273
2019,MI,NUC,nuclear,0.0,32909.275,0.0,343.62688,200.0,,6.077314070273502,10441.64236374092,32.67685179343363,0,0.0,inf
2019,MO,PET,petroleum,0.0,97.14451,0.0,1.4426,17.7,43.5,182.20278222619064,14850.04144855947,22.97636684597255,73,1084.0530257448415,0.16807552573454698
2019,MS,COW,all coal products,9.66,4414.33994,0.43,50.4625,148.5,4.9,33.64036345601422,11431.493878108538,29.847367600257606,95,1085.991918420311,0.030976624121611927
2019,MT,COW,all coal products,9.98,14100.66166,0.69,157.13166,303.4,15.2,21.51672079762532,11143.56643601645,30.618563810704984,95,1058.6388114215627,0.020324893217104154
2019,MS,PET,petroleum,0.0,13.70324,0.0,0.20588,2.0,26.9,145.9508846083116,15024.184061579597,22.710051913736155,73,1096.7654364953107,0.13307392788989994
2019,WA,NUC,nuclear,0.0,8866.499,0.0,92.58081,63.5,,7.161789563163544,10441.642185940584,32.676852349855224,0,0.0,inf
2019,ID,TSN,estimated total solar,,614.97363,,,,,22.132777777777775,,,0,,0.0
2019,ID,NG,natural gas,0.0,4266.6843,0.0,40.96547,128.5,7.0,30.11706303182544,9601.242351115596,35.537067758773425,53,508.8658446091266,0.059184681681591654
2019,FL,COW,all coal products,8.27,21248.19437,2.41,225.10409,632.3,22.3,29.757822664345287,10594.033830837929,32.20680672236564,95,1006.4332139296031,0.02956760791722714
2019,WY,PET,petroleum,0.0,43.72968,0.0,0.46967,6.8,10.9,155.500794883475,10740.3026960179,31.7681921689697,73,784.0420968093066,0.19833220118701822
2019,WY,COW,all coal products,6.86,35375.82818,0.43,397.60713,617.4,39.2,17.45259494303661,11239.514393186428,30.357183421273152,95,1067.7538673527106,0.01634514795652948
2019,DE,PET,petroleum,0.0,18.71833,0.0,0.21227,2.9,8.5,154.92835098002865,11340.221056045064,30.08759690959627,73,827.8361370912896,0.18714857208866195
2019,PA,TSN,estimated total solar,,575.11965,,,,,31.203333333333333,,,0,,0.0
2019,SD,PET,petroleum,0.0,13.63777,0.0,0.19535,2.7,7.9,197.9795817058067,14324.18936527013,23.819847064243664,73,1045.6658236647193,0.18933351097959053
2019,DC,NG,natural gas,0.0,110.12304,0.0,2.07738,0.0,1.7,0.0,18864.172293100513,18.087196973110366,53,999.8011315343272,0.0
2019,IA,COW,all coal products,4.86,22159.20264,0.34,265.03884,341.8,25.5,15.424742737945376,11960.666830203238,28.52683757885448,95,1136.2633488693075,0.013574971641296443
2019,WA,NG,natural gas,0.0,15728.67334,0.0,130.14365,382.2,19.8,24.299570074229795,8274.292890871367,41.23615207970577,53,438.53752321618254,0.05541046954436102
2019,WA,COW,all coal products,8.43,7170.10162,0.39,80.80718,180.2,7.7,25.132140316862063,11270.018792285959,30.275016065948595,95,1070.6517852671661,0.02347368272550976
2019,NH,COW,all coal products,6.99,343.01544,1.84,4.18193,14.0,0.4,40.81448928363108,12191.666940706811,27.986328830946473,95,1158.208359367147,0.03523933233043871
2019,MD,NG,natural gas,0.0,14605.26136,0.0,113.63409,312.9,16.4,21.423786421032588,7780.3530658625605,43.85405098093363,53,412.35871249071573,0.051954247047744734
2019,NE,NG,natural gas,0.0,1276.85556,0.0,12.9854,38.0,10.3,29.76060972785363,10169.826883159752,33.55022695273153,53,539.0008248074669,0.05521440479888733
2019,IN,WNT,onshore wind turbine,0.0,6216.03,0.0,55.35375,,,29.416666666666664,8905.000458491995,38.31555108732471,0,0.0,inf
2019,IN,TSN,estimated total solar,,450.13763,,,,,36.105666666666664,,,0,,0.0
2019,NH,PET,petroleum,0.0,30.08994,0.0,0.75151,2.7,10.6,89.73098650246561,24975.45691350664,13.661411728386847,73,1823.208354685985,0.049215980319440876
2019,AK,WNT,onshore wind turbine,0.0,142.59093,0.0,1.26977,,,,8904.984349285049,38.31562040054498,0,0.0,0.0
2019,VA,NUC,nuclear,0.0,29497.516,0.0,308.00251,181.8,,6.163230829334918,10441.642272522202,32.67685207890027,0,0.0,inf
2019,OR,WNT,onshore wind turbine,0.0,6568.889,0.0,58.49595,,,24.555555555555557,8904.999003636689,38.315557347132575,0,0.0,inf
2019,OR,PET,petroleum,0.0,6.62328,0.0,0.08664,1.0,22.7,150.9825947264799,13081.13200710222,26.083369529085875,73,954.922636518462,0.15810976612403393
2019,IL,WNT,onshore wind turbine,0.0,14459.59701,0.0,128.7627,,,29.416666666666664,8904.99921339094,38.31555644462256,0,0.0,inf
2019,IL,NUC,nuclear,0.0,98735.488,0.0,1030.96064,691.8,,7.006599288798776,10441.642218854482,32.67685224685202,0,0.0,inf
2019,PA,PET,petroleum,0.0,185.32073,0.82,2.97879,31.1,76.7,167.81716756673686,16073.700983154988,21.227220809791895,73,1173.380171770314,0.1430202858409871
2019,KS,WNT,onshore wind turbine,0.0,21123.53876,0.0,188.10511,,,13.25,8904.99987417828,38.31555360145186,0,0.0,inf
2019,KS,PET,petroleum,0.0,78.14034,0.0,1.01324,15.1,24.7,193.2420565357151,12966.925918162115,26.313098582764205,73,946.5855920258344,0.20414641651384982
2019,MO,NUC,nuclear,0.0,9189.863,0.0,96.02786,79.3,,8.629073142874926,10449.324434977974,32.65282862286008,0,0.0,inf
2019,AL,PET,petroleum,0.0,19.91985,0.0,0.41836,2.5,36.6,125.50295308448608,21002.16618097024,16.245943254613252,73,1533.1581312108276,0.08185910541750108
2019,AZ,PET,petroleum,0.0,63.74791,0.0,0.7097,12.1,42.2,189.81014436394855,11132.91400455325,30.647860915879942,73,812.7027223323871,0.2335542125652166
2019,AZ,NUC,nuclear,0.0,31920.368,0.0,333.30106,243.3,,7.622092577378807,10441.642151493992,32.67685245765495,0,0.0,inf
2019,AZ,NG,natural gas,0.0,46084.36665,0.0,369.44088,787.5,25.6,17.08822442935754,8016.620534373774,42.561575483958364,53,424.88088832181006,0.04021885874145204
2019,FL,PET,petroleum,0.36,1525.2838,5.3,16.44475,76.4,127.3,50.08903916766179,10781.436215345631,31.64698962039556,73,787.044843720231,0.06364191261440602
2019,MN,COW,all coal products,5.98,17804.53786,0.34,200.07056,376.2,19.6,21.129444805482866,11237.054371935268,30.363829230207585,95,1067.5201653338504,0.019793017023594078
2019,NY,NG,natural gas,0.0,47612.1335,0.0,418.11841,1154.6,70.6,24.250121032698523,8781.761691061376,38.85325200150837,53,465.43336962625295,0.05210223979464898
2018,NH,WNT,onshore wind turbine,0.0,406.659,0.0,3.70222,,,42.0,9103.991304754107,37.47806742981238,0,0.0,inf
2018,AL,NUC,nuclear,0.0,39462.827,0.0,412.56999,306.8,,7.774405011582165,10454.648624134303,32.63619967220592,0,0.0,inf
2018,VA,NG,natural gas,0.0,50160.30086,0.0,402.33765,1553.0,35.1,30.960739337160348,8021.037416082197,42.53813843529682,53,425.1149830523564,0.07282909464837017
2018,VA,COW,all coal products,17.3,9266.27552,1.22,112.09407,281.8,14.2,30.411355607954125,12096.992989045075,28.205356513721018,95,1149.2143339592822,0.026462736070460142
2018,LA,PET,petroleum,0.32,4377.79437,6.01,51.03664,126.6,85.3,28.91867212118509,11658.071550765873,29.267276196943993,73,851.0392232059088,0.03398042220926899
2018,OR,NG,natural gas,0.0,17922.77655,0.0,136.02457,289.8,14.2,16.169369695121265,7589.480883194966,44.956961517025924,53,402.2424868093332,0.04019806516059479
2018,WI,NUC,nuclear,0.0,10129.122,0.0,105.89641,71.9,,7.0983447528818395,10454.648487795883,32.63620009781257,0,0.0,inf
2018,TX,PET,petroleum,0.0,129.31292,0.0,5.11632,10.1,329.9,78.10511122941158,39565.42006784782,8.623692088063295,73,2888.275664952891,0.02704212488342435
2018,WA,WNT,onshore wind turbine,0.0,7900.094,0.0,71.92245,,,15.8,9103.999268869458,37.4780346442592,0,0.0,inf
2018,WA,PET,petroleum,0.0,23.65646,0.0,0.7673,2.6,55.0,109.90655406599298,32435.114974937078,10.5194632503584,73,2367.7633931704067,0.04641787873864771
2018,FL,NUC,nuclear,0.0,29312.349,0.0,306.55343,193.0,,6.584255666442836,10458.166624585427,32.625221250337994,0,0.0,inf
2018,OK,TSN,estimated total solar,,72.75905,,,,,64.55,,,0,,0.0
2018,IN,PET,petroleum,0.0,130.61654,0.0,1.63021,20.2,48.5,154.65116439311595,12480.884886401065,27.33780522018635,73,911.1045967072778,0.16974029650604727
2018,ME,PET,petroleum,0.0,189.10704,0.66,2.59888,24.8,12.0,131.14265867627137,13742.904547604363,24.827357187711627,73,1003.2320319751184,0.1307201669170028
2018,ME,COW,all coal products,7.62,70.82781,0.75,2.1114,6.1,0.2,86.12436273266108,29810.324503891905,11.445698954248366,95,2831.980827869731,0.030411350912091253
2018,GA,NG,natural gas,0.0,51972.10992,0.0,405.46769,1498.3,39.8,28.828923865248377,7801.639968516406,43.73439448332862,53,413.4869183313695,0.06972148957357051
2018,NV,PET,petroleum,0.0,10.24522,0.0,0.1238,2.3,21.6,224.49493519904897,12083.68390332272,28.236422164781906,73,882.1089249425586,0.25449797508132876
2018,NV,COW,all coal products,7.27,2485.04578,0.37,28.14869,86.5,3.3,34.80821186320359,11327.231967533411,30.12209875969361,95,1076.0870369156742,0.03234702274917496
2018,AK,COW,all coal products,8.42,628.56407,0.14,13.92752,34.0,1.7,54.091542330760326,22157.67757772091,15.398725737532601,95,2104.979369883487,0.025696946537653885
2018,UT,TSN,estimated total solar,,2618.09736,,,,,24.66478260869565,,,0,,0.0
2018,NV,NG,natural gas,0.0,26688.6115,0.0,210.93222,655.5,16.4,24.561037954334942,7903.454250514306,43.170997033075366,53,418.88307527725823,0.058634591378699225
2018,KS,WNT,onshore wind turbine,0.0,18907.502,0.0,172.13389,,,14.833333333333334,9103.9995658866,37.4780334215418,0,0.0,inf
2018,KS,PET,petroleum,0.0,52.01572,0.0,0.6831,11.2,24.1,215.3195226366183,13132.56838509589,25.98120870150783,73,958.677492112,0.22460058195615074
2018,IN,WNT,onshore wind turbine,0.0,5437.153,0.0,49.49984,,,24.0,9103.999832265157,37.47803232495297,0,0.0,inf
2018,IN,TSN,estimated total solar,,388.95137,,,,,37.49111111111111,,,0,,0.0
2018,KS,COW,all coal products,5.07,20473.98303,0.37,225.13772,384.0,21.8,18.755510319478855,10996.283413447763,31.028665520091437,95,1044.6469242775374,0.017953922883992494
2018,NC,PET,petroleum,0.0,633.08106,1.45,7.86811,118.8,61.2,187.6536947733044,12428.282090764176,27.453512682461223,73,907.2645926257849,0.20683458419798054
2018,CO,WNT,onshore wind turbine,0.0,9745.15,0.0,88.71984,,,15.8,9103.999425355176,37.47803400006132,0,0.0,inf
2018,CO,PET,petroleum,0.0,11.88243,0.0,0.18278,2.7,35.4,227.22624917630483,15382.375490535185,22.181229434292593,73,1122.9134108090684,0.20235420379616487
2018,NJ,TSN,estimated total solar,,2902.65516,,,,,34.21666666666667,,,0,,0.0
2018,MI,WNT,onshore wind turbine,0.0,5457.252,0.0,49.68283,,,24.0,9104.001427824847,37.478025756584316,0,0.0,inf
2018,MI,COW,all coal products,4.93,42330.86358,0.48,455.91404,961.4,48.3,22.711561227260937,10770.251335373301,31.679854942602777,95,1023.1738768604636,0.022197166816797308
2018,HI,COW,all coal products,4.79,1311.20296,0.22,14.36709,47.1,1.4,35.92121238042355,10957.182402943934,31.139392176982255,95,1040.9323282796738,0.034508691299644574
2018,NM,PET,petroleum,0.0,20.73676,0.0,0.23601,4.7,17.9,226.65064359138069,11381.237956170586,29.979164069319104,73,830.8303708004528,0.2728001425525851
2018,NM,NG,natural gas,0.0,11628.17718,0.0,103.72372,249.0,14.7,21.413502404166152,8920.032640919908,38.2509811045728,53,472.7617299687551,0.04529449201732419
2018,AZ,COW,all coal products,10.29,30744.62287,0.61,324.95803,790.4,31.7,25.7085605942253,10569.589074943173,32.28129282801228,95,1004.1109621196014,0.025603306371595125
2018,WI,COW,all coal products,4.98,33322.37949,0.32,355.09498,779.9,34.6,23.40469113960025,10656.351240059657,32.018464135955966,95,1012.3533678056675,0.023119092486777838
2018,WA,TSN,estimated total solar,,151.25903,,,,,24.66478260869565,,,0,,0.0
2018,OR,WNT,onshore wind turbine,0.0,7447.442,0.0,67.80151,,,15.8,9103.999735748193,37.47803272228008,0,0.0,inf
2018,OR,PET,petroleum,0.0,4.85631,0.0,0.05069,0.9,23.2,185.32589558739045,10437.966274805358,32.688360071019915,73,761.9715380607911,0.24321892135110815
2018,TN,WNT,onshore wind turbine,0.0,41.009,0.0,0.37335,,,30.0,9104.099100197518,37.477623677514394,0,0.0,inf
2018,MS,NG,natural gas,0.0,49481.81055,0.0,385.34526,1213.0,31.0,24.51405853014002,7787.614392375946,43.81316059177684,53,412.7435627959252,0.05939295179816196
2018,CT,NG,natural gas,0.0,20006.45748,0.0,153.62491,653.2,15.1,32.64945833878832,7678.7662260335355,44.4342215866945,53,406.97460997977737,0.08022480404959581
2018,PA,WNT,onshore wind turbine,0.0,3566.917,0.0,32.47321,,,30.0,9103.999336121362,37.478034367406245,0,0.0,inf
2018,IN,COW,all coal products,8.46,77455.22874,2.69,829.51598,1748.9,93.9,22.57949564477653,10709.618879114034,31.85921029042503,95,1017.4137935158332,0.022193030789124192
2018,TX,WNT,onshore wind turbine,0.0,75700.43368,0.0,689.17675,,,16.416666666666668,9104.000023477805,37.47803153779636,0,0.0,inf
2018,HI,TSN,estimated total solar,,1213.27543,,,,,,,,0,,0.0
2018,SD,COW,all coal products,5.3,2339.33668,0.35,24.5991,46.0,2.6,19.66369372706113,10515.416703507597,32.44759666882121,95,998.9645868332216,0.019684074877365006
2018,CA,COW,all coal products,10.18,281.32814,0.44,14.57309,0.0,3.2,0.0,51801.03917084156,6.586740448868428,95,4921.098721229949,0.0
2018,IA,TSN,estimated total solar,,137.63567,,,,,52.657777777777774,,,0,,0.0
2018,IA,NUC,nuclear,0.0,4895.399,0.0,51.17968,38.1,,7.782818111455266,10454.649355445797,32.63619738927637,0,0.0,inf
2018,IL,TSN,estimated total solar,,161.44392,,,,,37.49111111111111,,,0,,0.0
2018,WI,NG,natural gas,0.0,16798.65559,0.0,151.98589,424.7,29.5,25.281785064563017,9047.503187723845,37.712061871717175,53,479.51766894936384,0.05272336495953547
2018,AR,NUC,nuclear,0.0,12720.818,0.0,133.03955,107.7,,8.46643667097509,10458.41155812464,32.6244571753287,0,0.0,inf
2018,NJ,COW,all coal products,7.67,1193.28794,1.64,16.73182,58.7,1.6,49.19181534676367,14021.611581861791,24.333864763546348,95,1332.0531002768703,0.03692932011234315
2018,OR,COW,all coal products,4.88,1476.39096,0.25,15.49453,36.3,1.6,24.58698338277552,10494.869191016993,32.51112460668378,95,997.0125731466143,0.024660655286600802
2018,DE,TSN,estimated total solar,,159.50382,,,,,34.21666666666667,,,0,,0.0
2018,DE,NG,natural gas,0.0,5400.15488,0.0,49.77631,115.3,5.2,21.35123946667248,9217.570811598647,37.0162602462095,53,488.53125301472835,0.043704961217760165
2018,MN,PET,petroleum,0.0,46.57365,0.0,0.60907,7.2,41.6,154.59385296192158,13077.56639215522,26.090481192637956,73,954.6623466273311,0.16193563463362398
2018,NE,WNT,onshore wind turbine,0.0,5549.106,0.0,50.51907,,,14.833333333333334,9104.001617557855,37.47802497551915,0,0.0,inf
2018,NE,COW,all coal products,5.17,23305.20823,0.3,257.45102,308.3,25.3,13.2288026331872,11046.930688591407,30.886407240010154,95,1049.4584154161837,0.012605361431058757
2018,CO,NG,natural gas,0.0,16398.43941,0.0,138.88123,500.9,27.0,30.545589581807658,8469.173591927794,40.28728379415995,53,448.8662003721731,0.06805054503208545
2018,ME,NG,natural gas,0.0,2330.71691,0.0,22.66913,67.5,2.5,28.961046152962435,9726.247706333414,35.08033213855141,53,515.4911284356708,0.056181463764175224
2018,NM,WNT,onshore wind turbine,0.0,6091.551,0.0,55.45748,,,15.316666666666666,9103.999950094812,37.478031839888864,0,0.0,inf
2018,MO,NUC,nuclear,0.0,10655.279,0.0,111.3972,95.1,,8.92515343802823,10454.64881773626,32.636199067840124,0,0.0,inf
2018,NM,TSN,estimated total solar,,1599.00841,,,,,44.60739130434782,,,0,,0.0
2018,NY,NUC,nuclear,0.0,42919.011,0.0,448.70318,319.8,,7.451243459454366,10454.64864043582,32.636199621317594,0,0.0,inf
2018,MA,NG,natural gas,0.0,18385.82124,0.0,156.29167,656.5,23.8,35.706862991342774,8500.662981535655,40.13804579020751,53,450.53513802138974,0.07925433551788261
2018,MI,PET,petroleum,0.29,1213.51219,5.61,17.43065,41.7,61.9,34.36306643116622,14363.802970945022,23.754154849532288,73,1048.5576168789867,0.03277174842661225
2018,MI,NUC,nuclear,0.0,30478.694,0.0,318.64404,201.6,,6.61445664305695,10454.648745776312,32.63619929247696,0,0.0,inf
2018,MO,PET,petroleum,0.0,99.75467,0.0,1.30512,18.0,43.1,180.44268002691,13083.297253151155,26.079052810469538,73,955.0806994800344,0.18892924977454442
2018,KS,NUC,nuclear,0.0,9168.289,0.0,95.93228,56.0,,6.108009902392911,10463.487789270168,32.60862982512247,0,0.0,inf
2018,KS,NG,natural gas,0.0,3005.7153,0.0,34.34717,94.2,16.7,31.340293606649972,11427.286543073458,29.85835689985521,53,605.6461867828933,0.05174686853577857
2018,CA,PET,petroleum,0.0,68.87836,0.0,0.78567,6.5,236.6,94.36926198591256,11406.630471457218,29.912426886606337,73,832.6840244163769,0.11333141890413401
2018,CA,NUC,nuclear,0.0,18213.519,0.0,190.41594,129.1,,7.088141506317368,10454.648549794249,32.63619990427272,0,0.0,inf
2018,OH,WNT,onshore wind turbine,0.0,1750.022,0.0,15.9322,,,30.0,9103.99983543064,37.478032311921766,0,0.0,inf
2018,OH,TSN,estimated total solar,,272.01981,,,,,34.21666666666667,,,0,,0.0
2018,OH,NUC,nuclear,0.0,18315.007,0.0,191.47696,137.6,,7.512964641509556,10454.648474881827,32.636200138126284,0,0.0,inf
2018,OK,WNT,onshore wind turbine,0.0,27338.228,0.0,248.88723,,,14.833333333333334,9104.00008369233,37.47803128991391,0,0.0,inf
2018,SD,WNT,onshore wind turbine,0.0,2835.002,0.0,25.80986,,,16.416666666666668,9104.00063209832,37.478029032315554,0,0.0,inf
2018,SD,TSN,estimated total solar,,2.61598,,,,,52.657777777777774,,,0,,0.0
2018,WI,WNT,onshore wind turbine,0.0,1637.658,0.0,14.90924,,,18.0,9104.000957464868,37.478027692893804,0,0.0,inf
2018,MT,COW,all coal products,9.57,13360.02622,0.69,149.91654,297.7,14.6,22.28289039989624,11221.275881597785,30.406524498657717,95,1066.0212087517896,0.020902858420600662
2018,DE,PET,petroleum,0.0,200.82391,0.5,2.0063,28.9,8.3,143.90716722924077,9990.344277232725,34.15297716792105,73,729.2951322379889,0.19732363602597025
2018,MI,TSN,estimated total solar,,197.35429,,,,,37.49111111111111,,,0,,0.0
2018,DC,NG,natural gas,0.0,22.77009,0.0,0.80701,0.0,1.7,0.0,35441.66931268168,9.62708604354345,53,1878.408473572129,0.0
2018,NC,WNT,onshore wind turbine,0.0,542.772,0.0,4.9414,,,30.0,9104.006838967374,37.47800348079492,0,0.0,inf
2018,NC,COW,all coal products,9.54,31690.46872,1.78,322.89844,985.4,31.1,31.09452273194399,10189.134242631675,33.48665272976853,95,967.967753050009,0.03212351096817739
2018,NV,WNT,onshore wind turbine,0.0,312.348,0.0,2.84362,,,15.8,9104.01219152996,37.47798144618479,0,0.0,inf
2018,NV,TSN,estimated total solar,,5214.96662,,,,,24.66478260869565,,,0,,0.0
2018,MD,WNT,onshore wind turbine,0.0,569.984,0.0,5.18914,,,30.0,9104.009937121042,37.4779907267871,0,0.0,inf
2018,VT,PET,petroleum,0.0,3.13161,0.0,0.06722,0.7,5.1,223.52719527655103,21464.99723784252,15.895646117227013,73,1566.944798362504,0.14265160809119917
2018,MD,TSN,estimated total solar,,1245.54708,,,,,34.21666666666667,,,0,,0.0
2018,LA,TSN,estimated total solar,,230.14058,,,,,52.657777777777774,,,0,,0.0
2018,ID,WNT,onshore wind turbine,0.0,2655.052,0.0,24.1716,,,15.8,9104.002482813896,37.478021413559716,0,0.0,inf
2018,MN,TSN,estimated total solar,,1122.74925,,,,,52.657777777777774,,,0,,0.0
2018,TX,COW,all coal products,8.69,111722.64276,0.55,1178.55865,2070.7,113.8,18.53429124880468,10548.968596560613,32.34439432412804,95,1002.1520166732582,0.018494490796247737
2018,IL,WNT,onshore wind turbine,0.0,11898.98376,0.0,108.32835,,,24.0,9104.00015538806,37.478030994767295,0,0.0,inf
2018,IL,NUC,nuclear,0.0,98101.527,0.0,1025.61699,737.0,,7.512625160258718,10454.64858054656,32.63619980827346,0,0.0,inf
2018,FL,PET,petroleum,0.37,2077.35849,5.22,23.26869,144.2,130.1,69.41507722145734,11201.095098419917,30.46130730986575,73,817.6799421846539,0.08489272347319186
2018,NE,TSN,estimated total solar,,37.74694,,,,,64.55,,,0,,0.0
2018,NE,PET,petroleum,0.0,12.47361,0.0,0.19913,3.4,16.7,272.5754613139259,15964.103415130023,21.372950996836238,73,1165.3795493044915,0.23389415188948637
2018,RI,WNT,onshore wind turbine,0.0,41.24353,0.0,0.37548,,,42.0,9103.973398979186,37.4781411420049,0,0.0,inf
2018,AK,NG,natural gas,0.0,2947.90206,0.0,26.14216,170.6,17.7,57.87166484085974,8868.055813224677,38.47517507627526,53,470.00695810090787,0.12312937892386482
2018,VT,TSN,estimated total solar,,237.10099,,,,,,,,0,,0.0
2018,PA,TSN,estimated total solar,,478.87842,,,,,34.21666666666667,,,0,,0.0
2018,WY,PET,petroleum,0.0,40.13569,0.0,0.42737,6.9,11.2,171.91681518369313,10648.12888479057,32.043188403491115,73,777.3134085897117,0.22116795269954717
2018,WY,COW,all coal products,6.94,39679.287,0.45,443.74167,712.9,43.6,17.96655267520306,11183.20674461716,30.510032389791114,95,1062.4046407386302,0.01691121441517041
2018,OR,TSN,estimated total solar,,776.37379,,,,,24.66478260869565,,,0,,0.0
2018,SD,PET,petroleum,0.0,6.39619,0.0,0.11725,2.0,7.9,312.68614597127356,18331.22530756591,18.613049279317696,73,1338.1794474523115,0.23366533282705848
2018,WA,NUC,nuclear,0.0,9708.441,0.0,101.49834,75.6,,7.787038104264114,10454.648691793049,32.63619946099611,0,0.0,inf
2018,WV,TSN,estimated total solar,,9.54303,,,,,34.21666666666667,,,0,,0.0
2018,WV,PET,petroleum,0.1,158.88497,0.2,1.67045,27.7,14.3,174.33996431506392,10513.58098881222,32.45326215331198,73,767.4914121832921,0.2271555896881203
2018,KY,TSN,estimated total solar,,71.14056,,,,,37.49111111111111,,,0,,0.0
2018,ID,COW,all coal products,0.0,20.33815,0.0,1.19096,0.0,0.3,0.0,58557.93176862203,5.826708520857123,95,5563.003518019093,0.0
2018,KS,TSN,estimated total solar,,34.78101,,,,,64.55,,,0,,0.0
2018,OH,PET,petroleum,0.0,1315.74638,0.0,27.39174,65.7,75.3,49.93363538647927,20818.40422772054,16.389344556278644,73,1519.7435086235994,0.03285662028042031
2018,IA,PET,petroleum,0.42,110.56531,5.74,2.93266,12.2,26.4,110.34202318973284,26524.232600623105,12.863708637209905,73,1936.268979845487,0.05698692916029573
2018,AZ,TSN,estimated total solar,,7405.58712,,,,,24.66478260869565,,,0,,0.0
2018,WY,WNT,onshore wind turbine,0.0,4057.158,0.0,36.93637,,,15.8,9104.000879433337,37.478028014122664,0,0.0,inf
2018,IN,NG,natural gas,0.0,26816.99487,0.0,246.64306,675.0,46.2,25.17060555338802,9197.266927023133,37.09797733471195,53,487.45514713222605,0.0516367622774538
2018,IL,PET,petroleum,0.0,53.11078,0.0,0.62116,10.0,84.4,188.2856926597576,11695.554085253501,29.173478871788266,73,853.7754482235057,0.2205330371721666
2018,IL,NG,natural gas,0.0,17240.91879,0.0,161.39047,481.1,59.1,27.90454533542873,9360.897291251611,36.44949724198709,53,496.1275564363354,0.05624469952015158
2018,ID,PET,petroleum,0.0,0.05722,0.0,0.00071,0.0,12.7,0.0,12408.248864033554,27.497836619718314,73,905.8021670744495,0.0
2018,VT,NG,natural gas,0.0,1.79663,0.0,0.09486,0.0,0.7,0.0,52798.85118249167,6.462261817415136,53,2798.3391126720585,0.0
2018,MD,COW,all coal products,9.9,10066.92366,2.32,116.29334,284.3,11.9,28.241000885865464,11552.023629828538,29.535950664001913,95,1097.4422448337111,0.025733473464149954
2018,PA,NG,natural gas,0.0,76390.85858,0.0,584.27782,1707.1,79.2,22.346914692839157,7648.530607731258,44.60987573941452,53,405.3721222097567,0.05512691541545108
2018,IA,WNT,onshore wind turbine,0.0,21334.05656,0.0,194.22525,,,16.416666666666668,9103.999956771464,37.47803181240339,0,0.0,inf
2018,ND,TSN,estimated total solar,,0.36102,,,,,52.657777777777774,,,0,,0.0
2018,NH,NUC,nuclear,0.0,10061.696,0.0,105.1915,71.4,,7.096219166232015,10454.648997544748,32.636198506533326,0,0.0,inf
2018,MA,TSN,estimated total solar,,3061.62126,,,,,,,,0,,0.0
2018,FL,COW,all coal products,8.29,30272.20083,2.55,318.97821,905.6,31.4,29.91523494065033,10537.000986194897,32.381130119189024,95,1001.0150936885152,0.029884898968325666
2018,MN,COW,all coal products,6.11,23455.35648,0.34,259.00754,530.2,25.0,22.604644719516116,11042.575294937493,30.89858940390692,95,1049.0446530190618,0.02154783845898443
2018,HI,PET,petroleum,0.0,6748.94719,0.37,69.58525,911.2,18.6,135.01365092175214,10310.534079019813,33.09236916197039,73,752.6689877684463,0.17937985105783077
2018,MS,PET,petroleum,0.0,27.30957,0.0,0.37806,4.2,26.2,153.79224206020086,13843.49881744751,24.646948325662596,73,1010.5754136736682,0.15218284551484543
2018,MS,COW,all coal products,9.67,5280.04337,0.55,60.01486,161.3,5.7,30.548991494363424,11366.357394143904,30.018412070677165,95,1079.8039524436708,0.028291238817221356
2018,TX,NG,natural gas,0.0,239713.0839,0.0,2173.65389,5211.0,238.2,21.738488009164527,9067.73153403163,37.62793359281316,53,480.5897713036764,0.045232939415658834
2018,TN,PET,petroleum,0.0,129.55539,0.0,1.37248,21.1,48.2,162.86470211698642,10593.769969740357,32.20760890359058,73,773.345207791046,0.2105976742032022
2018,CT,WNT,onshore wind turbine,0.0,12.295,0.0,0.11193,,,42.0,9103.700691337943,37.47926382560529,0,0.0,inf
2018,HI,WNT,onshore wind turbine,0.0,601.934,0.0,5.48001,,,,9104.004757996723,37.47801204742328,0,0.0,0.0
2018,AZ,WNT,onshore wind turbine,0.0,530.19,0.0,4.82685,,,15.8,9104.000452667911,37.47802977096865,0,0.0,inf
2018,NJ,WNT,onshore wind turbine,0.0,22.596,0.0,0.20572,,,30.0,9104.266241812711,37.47693564067664,0,0.0,inf
2018,VT,WNT,onshore wind turbine,0.0,373.346,0.0,3.39894,,,42.0,9103.994685894586,37.47805351080042,0,0.0,inf
2018,MT,NG,natural gas,0.0,476.37012,0.0,5.96933,6.9,4.7,14.484535679945669,12530.865705850736,27.228765195423943,53,664.135882410089,0.02180959659547772
2018,OH,COW,all coal products,9.24,58726.96224,3.59,604.4452,1066.7,68.3,18.163718321419513,10292.464941908767,33.15046511460096,95,977.7841694813329,0.018576408668034054
2018,AR,TSN,estimated total solar,,225.17928,,,,,52.657777777777774,,,0,,0.0
2018,AR,PET,petroleum,0.0,35.51712,0.0,0.45244,5.3,22.3,149.22381093962576,12738.645475759298,26.784637397223936,73,929.9211197304287,0.16046932129349173
2018,TX,TSN,estimated total solar,,3921.31139,,,,,46.04851851851851,,,0,,0.0
2018,TX,NUC,nuclear,0.0,41185.739,0.0,430.58243,292.2,,7.094688770790297,10454.648634567417,32.63619963963694,0,0.0,inf
2018,PA,PET,petroleum,0.0,625.64677,0.63,9.51231,122.1,79.4,195.1580442107933,15203.962453126709,22.44151819316233,73,1109.8892590782498,0.17583560036689588
2018,CT,COW,all coal products,2.0,329.70082,0.09,4.02334,15.6,0.4,47.3156239041201,12203.00271015401,27.96033141220976,95,1159.285257464631,0.04081447909343716
2018,NC,NUC,nuclear,0.0,42076.949,0.0,439.89972,271.1,,6.442957639347853,10454.64869613051,32.63619944745589,0,0.0,inf
2018,NC,NG,natural gas,0.0,43445.74927,0.0,348.22827,1462.4,31.5,33.66037010690505,8015.243743084834,42.56888635412627,53,424.8079183834962,0.07923668239281284
2018,OK,NG,natural gas,0.0,41612.98556,0.0,338.3226,919.1,43.9,22.086855524335995,8130.216937022868,41.966899855557976,53,430.9014976622119,0.05125731900252087
2018,WA,NG,natural gas,0.0,10535.0778,0.0,90.09476,245.2,17.5,23.274626410447585,8551.883688984244,39.897642719287994,53,453.2498355161649,0.05135054574028082
2018,WA,COW,all coal products,9.36,5382.86613,0.36,61.13697,140.1,5.9,26.02702660933535,11357.698394033812,30.04129781956809,95,1078.9813474332122,0.024121850364930794
2018,KY,NG,natural gas,0.0,14614.99877,0.0,122.23375,423.0,18.6,28.942869353385515,8363.582640246777,40.79591422437747,53,443.2698799330792,0.0652940131139861
2018,GA,COW,all coal products,6.45,32180.55494,1.44,338.6929,911.5,32.5,28.32455815940631,10524.768781380126,32.41876444864359,95,999.8530342311119,0.028328721511744898
2018,SD,NG,natural gas,0.0,1167.71882,0.0,9.81496,27.7,4.9,23.721464042174123,8405.242625103876,40.59371218874045,53,445.4778591305054,0.05324947930852109
2018,MO,NG,natural gas,0.0,7050.05538,0.0,68.75548,214.4,17.3,30.411108628766545,9752.473745816164,34.98599523493982,53,516.8811085282567,0.05883579052706671
2018,ND,NG,natural gas,0.0,1019.27285,0.0,11.70641,29.8,6.7,29.236528766561374,11485.060158327577,29.708159582655995,53,608.7081883913615,0.048030450919060254
2018,UT,WNT,onshore wind turbine,0.0,794.555,0.0,7.23363,,,15.8,9104.001610964628,37.478025002661184,0,0.0,inf
2018,WV,WNT,onshore wind turbine,0.0,1769.984,0.0,16.11393,,,30.0,9103.997550260341,37.47804171918334,0,0.0,inf
2018,WV,NG,natural gas,0.0,1420.39044,0.0,18.51816,37.1,11.4,26.119578782859172,13037.373019773351,26.17091644785443,53,690.9807700479877,0.03780073182216808
2018,DE,COW,all coal products,7.87,273.38813,2.57,4.29649,11.3,0.4,41.333177120747706,15715.715236063834,21.71075225498023,95,1492.9929474260641,0.02768477720675543
2018,AR,NG,natural gas,0.0,20623.70469,0.0,169.00899,515.0,19.2,24.97126523779759,8194.889935654914,41.635702575513875,53,434.3291665897104,0.05749387137379776
2018,IA,COW,all coal products,4.87,28552.99859,0.34,323.85475,455.1,31.2,15.938781300517691,11342.232549733755,30.082261010246103,95,1077.5120922247067,0.014792206431400105
2018,LA,NG,natural gas,0.0,61781.77399,0.0,613.82169,1023.7,95.8,16.569611616618456,9935.319922981707,34.34212512983697,53,526.5719559180304,0.031466946597508864
2018,IL,COW,all coal products,8.26,59641.9239,1.04,674.57406,1102.3,67.3,18.48196583745683,11310.4007364189,30.16692405082994,95,1074.4880699597954,0.017200717582791195
2018,ME,TSN,estimated total solar,,67.5105,,,,,,,,0,,0.0
2018,KY,COW,all coal products,8.37,59168.14328,2.55,635.91483,1245.1,62.7,21.04341848463696,10747.588055800154,31.746657782986436,95,1021.0208653010145,0.020610174776822997
2018,CA,WNT,onshore wind turbine,0.0,14023.9508,0.0,127.67405,,,42.333333333333336,9104.000136680457,37.47803107178005,0,0.0,inf
2018,ME,WNT,onshore wind turbine,0.0,2384.295,0.0,21.70662,,,42.0,9103.999295389203,37.47803453508653,0,0.0,inf
2018,GA,NUC,nuclear,0.0,34362.676,0.0,359.2497,282.3,,8.215308959057786,10454.648526209075,32.636199977898386,0,0.0,inf
2018,WI,PET,petroleum,0.43,137.51133,5.99,2.03347,10.9,36.7,79.26619573819845,14787.654224564623,23.0733012023782,73,1079.4987583932175,0.07342870487056642
2017,IA,COW,all coal products,4.81,25358.22958,0.35,296.98388,419.0,28.7,16.523235531019278,11711.538420419964,29.133661842844806,95,1112.5961499398966,0.014851063013216322
2017,NV,NG,natural gas,0.0,26625.90415,0.0,207.42151,689.9,16.1,25.91085719055291,7790.214703375622,43.798536111225886,53,412.881379278908,0.06275617766004823
2017,NC,TSN,estimated total solar,,5299.65601,,,,,63.1885,,,0,,0.0
2017,NC,PET,petroleum,0.0,251.38133,1.45,3.2037,35.0,59.8,139.23070579664767,12744.383204592004,26.772578517339323,73,930.3399739352163,0.14965572768814825
2017,NJ,TSN,estimated total solar,,2586.49378,,,,,90.225,,,0,,0.0
2017,NY,NG,natural gas,0.0,47271.75602,0.0,419.37169,1333.8,67.4,28.215579709704212,8871.50648312218,38.46020973429084,53,470.1898436054756,0.06000890936593516
2017,OR,NG,natural gas,0.0,15066.37851,0.0,116.56462,268.7,13.8,17.834411887478858,7736.737791542448,44.101274877505716,53,410.04710295174976,0.04349356880977021
2017,UT,NG,natural gas,0.0,5870.85163,0.0,51.86981,140.9,12.1,23.99992520335589,8835.142372691847,38.61850614367008,53,468.2625457526679,0.05125313869547114
2017,UT,PET,petroleum,0.0,38.41294,0.0,0.38265,5.6,20.6,145.78420709271407,9961.486936433399,34.25191461649027,73,727.1885463596382,0.20047648965666612
2017,FL,NG,natural gas,0.0,161104.58841,0.0,1247.89186,5091.9,75.0,31.606176150870812,7745.849279129169,44.0493982912045,53,410.530011793846,0.07698871030832782
2017,NE,NG,natural gas,0.0,629.35409,0.0,6.58607,26.1,9.1,41.47108982798538,10464.808451471252,32.604514605523484,53,554.6348479279764,0.07477187916142392
2017,WA,NUC,nuclear,0.0,8128.259,0.0,85.0145,64.2,,7.898370364428594,10459.127840291507,32.622222924324674,0,0.0,inf
2017,HI,PET,petroleum,0.0,6633.59616,0.45,68.25767,717.2,18.7,108.11631921832274,10289.693305659415,33.15939453825482,73,751.1476113131373,0.1439348506072149
2017,FL,PET,petroleum,0.37,1462.88406,3.98,16.2095,94.5,123.6,64.59842073882464,11080.509004930984,30.792809233597584,73,808.8771573599618,0.07986184323669489
2017,AL,TSN,estimated total solar,,188.70746,,,,,36.152,,,0,,0.0
2017,AL,COW,all coal products,7.29,31440.40111,0.82,318.13524,684.1,36.1,21.758628256889946,10118.676249929053,33.71982575313568,95,961.27424374326,0.022635193232849488
2017,RI,WNT,onshore wind turbine,0.0,44.551,0.0,0.41044,,,,9212.81228255258,37.035379592632296,0,0.0,0.0
2017,OK,TSN,estimated total solar,,38.31167,,,,,,,,0,,0.0
2017,WI,NUC,nuclear,0.0,9648.979,0.0,100.91991,72.1,,7.472293182522213,10459.128369954997,32.62222127229404,0,0.0,inf
2017,TX,COW,all coal products,8.78,134648.35789,0.54,1439.46557,2510.7,138.8,18.64634696882897,10690.55421512055,31.91602541217294,95,1015.6026504364522,0.018359884114929944
2017,ME,TSN,estimated total solar,,46.34116,,,,,82.18875,,,0,,0.0
2017,WY,WNT,onshore wind turbine,0.0,4320.655,0.0,39.80619,,,30.166666666666668,9212.998955019551,37.034629187068646,0,0.0,inf
2017,KS,NUC,nuclear,0.0,10647.987,0.0,111.36866,71.2,,6.686709891738222,10459.128096230772,32.62222212604515,0,0.0,inf
2017,VT,NG,natural gas,0.0,1.80734,0.0,0.08352,0.0,0.6,0.0,46211.55952947425,7.383434003831418,53,2449.2126550621356,0.0
2017,OR,COW,all coal products,4.76,1728.1047,0.24,17.77025,41.2,1.8,23.84114805080965,10283.086435677189,33.180699407155224,95,976.8932113893329,0.024405070864299366
2017,OK,WNT,onshore wind turbine,0.0,23598.843,0.0,217.41614,,,15.25,9212.999976312398,37.03462508165217,0,0.0,inf
2017,SD,WNT,onshore wind turbine,0.0,2958.302,0.0,27.25483,,,20.775,9212.997861611155,37.03463358237787,0,0.0,inf
2017,SD,TSN,estimated total solar,,2.89105,,,,,33.553333333333335,,,0,,0.0
2017,PA,WNT,onshore wind turbine,0.0,3590.565,0.0,33.07988,,,45.0,9213.001296453345,37.03461977492058,0,0.0,inf
2017,PA,NG,natural gas,0.0,72503.44753,0.0,569.94426,1395.3,73.4,19.2446021194049,7860.926334077731,43.404553801868275,53,416.6290957061197,0.046191210162094834
2017,MA,PET,petroleum,0.0,265.50728,0.5,3.17068,29.6,39.0,111.4847020390552,11941.970103418635,28.57150009966316,73,871.7638175495604,0.12788406652667392
2017,AZ,TSN,estimated total solar,,6834.51746,,,,,33.92666666666667,,,0,,0.0
2017,MO,PET,petroleum,0.0,60.71975,0.0,0.77421,9.7,42.3,159.75032835280118,12750.546568455899,26.75963717854329,73,930.7898994972805,0.17162877297989837
2017,TX,PET,petroleum,0.0,163.71061,0.0,2.86099,9.8,316.7,59.86172796008761,17475.898477197046,19.52403193719657,73,1275.7405888353844,0.04692311938960491
2017,IA,WNT,onshore wind turbine,0.0,21372.75248,0.0,196.90717,,,20.775,9213.000065586311,37.03462472278689,0,0.0,inf
2017,TN,NUC,nuclear,0.0,31817.502,0.0,333.69182,237.8,,7.473873970370144,10487.681276801679,32.533406669663044,0,0.0,inf
2017,TN,COW,all coal products,7.12,27715.28404,1.55,320.56275,671.7,32.0,24.23572491736224,11566.28052367599,29.499543894129932,95,1098.7966497492191,0.022056606127160667
2017,KY,NG,natural gas,0.0,10379.62837,0.0,89.81051,309.1,15.4,29.779486218734434,8652.574716410581,39.433349168644085,53,458.5864599697609,0.0649375610014698
2017,KY,COW,all coal products,8.28,57236.50896,2.46,616.88854,1227.1,61.1,21.439113291440687,10777.885500164159,31.65741554730779,95,1023.8991225155952,0.020938696811036817
2017,KS,TSN,estimated total solar,,21.97867,,,,,,,,0,,0.0
2017,KS,COW,all coal products,5.06,19389.77097,0.37,214.31141,367.9,20.7,18.97392189774792,11052.807706268639,30.86998426711859,95,1050.0167320955209,0.01807011385416842
2017,IN,NG,natural gas,0.0,17975.9169,0.0,173.89748,450.5,38.7,25.06130855555969,9673.914324781954,35.270107688047005,53,512.7174592134436,0.048879374215198515
2017,IN,COW,all coal products,8.49,72384.95664,2.68,769.90647,1650.5,88.5,22.801699090718692,10636.277283815472,32.07889291483419,95,1010.4463419624699,0.022565967279799995
2017,DE,COW,all coal products,7.68,358.7971,2.41,4.80439,12.9,0.5,35.95346785132879,13390.269876763217,25.481189187389035,95,1272.0756382925058,0.028263624244536874
2017,FL,NUC,nuclear,0.0,29146.219,0.0,304.84402,210.5,,7.2222060775704735,10459.127477220973,32.62222405674876,0,0.0,inf
2017,SD,NG,natural gas,0.0,654.34764,0.0,6.0635,18.6,4.4,28.425257253162865,9266.481040567367,36.820881465820065,53,491.1234951500705,0.057878023621079425
2017,MO,WNT,onshore wind turbine,0.0,2032.318,0.0,18.72375,,,20.775,9213.002099080952,37.03461654850123,0,0.0,inf
2017,ME,PET,petroleum,0.0,132.39144,1.98,2.16978,17.5,12.7,132.18377260644647,16389.126064343738,20.81868176865857,73,1196.4062026970928,0.11048402483074796
2017,ME,COW,all coal products,6.88,67.93538,1.11,2.11364,7.4,0.2,108.92704213916228,31112.507209056614,10.966650733332068,95,2955.688184860378,0.036853360478655436
2017,TN,PET,petroleum,0.0,123.66345,0.0,1.47888,17.3,47.7,139.89582208809475,11958.909443331882,28.531029657578706,73,873.0003893632274,0.16024714741551918
2017,MN,WNT,onshore wind turbine,0.0,11137.272,0.0,102.60769,,,20.775,9213.000275112254,37.03462388052981,0,0.0,inf
2017,IL,PET,petroleum,0.0,51.14593,0.0,0.60608,8.0,84.2,156.41518298718978,11850.014263109499,28.793214288542767,73,865.0510412069934,0.18081613169200503
2017,IL,NG,natural gas,0.0,15016.20963,0.0,166.11247,471.9,54.2,31.42603970160478,11062.210377519885,30.843745359731265,53,586.2971500085538,0.05360087406385361
2017,DE,TSN,estimated total solar,,142.63587,,,,,90.225,,,0,,0.0
2017,DE,NG,natural gas,0.0,6723.18839,0.0,59.51402,123.2,5.4,18.32463897386043,8852.053006356407,38.54473078222577,53,469.1588093368896,0.03905849918870868
2017,TX,NG,natural gas,0.0,204511.99567,0.0,1876.3562,4358.1,206.4,21.30975244617053,9174.797761142985,37.18883062960221,53,486.2642813405782,0.04382339658471694
2017,WA,WNT,onshore wind turbine,0.0,6925.15525,0.0,63.80146,,,30.166666666666668,9213.000676049825,37.034622268832095,0,0.0,inf
2017,WA,PET,petroleum,0.0,23.11654,0.0,0.71156,2.8,54.6,121.12539333308531,30781.42317146078,11.084607690145596,73,2247.043891516637,0.05390432905666654
2017,WI,TSN,estimated total solar,,76.99422,,,,,33.553333333333335,,,0,,0.0
2017,AL,NUC,nuclear,0.0,42651.973,0.0,446.10243,331.2,,7.765174192527975,10459.127646920342,32.6222235274531,0,0.0,inf
2017,MD,COW,all coal products,10.43,8514.00866,2.27,98.95752,252.8,10.2,29.69224135132604,11622.905725350765,29.35582616451989,95,1104.1760439083228,0.026890858133661266
2017,AK,TSN,estimated total solar,,1.81797,,,,,,,,0,,0.0
2017,AK,PET,petroleum,0.0,880.68236,0.0,8.79397,81.4,14.6,92.4283302324802,9985.404953495377,34.169871085755354,73,728.9345616051626,0.12679921504743424
2017,CA,WNT,onshore wind turbine,0.0,12822.94833,0.0,118.13782,,,43.0,9212.999768829295,37.03462591569745,0,0.0,inf
2017,ME,NG,natural gas,0.0,2237.06807,0.0,20.55444,51.5,2.3,23.02120382058826,9188.115585593245,37.1349268325481,53,486.970126036442,0.047274365694591876
2017,VA,NG,natural gas,0.0,44506.88545,0.0,352.73831,1090.0,31.3,24.490592612339267,7925.47729263765,43.051034959996265,53,420.0502965097954,0.05830395268336195
2017,VA,COW,all coal products,16.6,10726.42243,1.12,124.15227,315.9,15.2,29.450639489684914,11574.434142437554,29.478762918438782,95,1099.5712435315677,0.026783748359129778
2017,ID,PET,petroleum,0.0,0.16961,0.0,0.00201,0.0,12.4,0.0,11850.71634927186,28.79150845771144,73,865.1022934968456,0.0
2017,IA,PET,petroleum,1.8,146.71931,5.84,2.59349,9.1,25.7,62.02319244821967,17676.541690388265,19.302418197872363,73,1290.3875433983435,0.048065554232549705
2017,CO,WNT,onshore wind turbine,0.0,9314.66295,0.0,85.81599,,,30.166666666666668,9213.000025942967,37.0346248821461,0,0.0,inf
2017,CO,PET,petroleum,0.0,7.24864,0.0,0.12183,1.5,34.1,206.93536994525869,16807.29074695391,20.300713847164083,73,1226.9322245276355,0.16866079951965404
2017,NE,WNT,onshore wind turbine,0.0,5084.084,0.0,46.83967,,,15.25,9213.000808011826,37.03462173836836,0,0.0,inf
2017,NE,COW,all coal products,5.06,21173.56278,0.27,226.16491,291.9,22.4,13.786059674176382,10681.476346230666,31.943149892421417,95,1014.7402528919131,0.013585801523973672
2017,GA,NG,natural gas,0.0,52722.49977,0.0,402.01487,1324.9,37.2,25.129688572807215,7625.110185476321,44.74689436618103,53,404.130839830245,0.06218206109527036
2017,NV,WNT,onshore wind turbine,0.0,361.364,0.0,3.32925,,,30.166666666666668,9213.009596971475,37.03458640835023,0,0.0,inf
2017,NV,TSN,estimated total solar,,4557.87283,,,,,33.92666666666667,,,0,,0.0
2017,AK,NG,natural gas,0.0,3234.86849,0.0,29.77472,204.8,17.6,63.31014711513049,9204.3061694913,37.06960565164004,53,487.82822698303886,0.12977958964504877
2017,OH,WNT,onshore wind turbine,0.0,1588.56,0.0,14.63541,,,45.0,9213.00423024626,37.034607981600786,0,0.0,inf
2017,OH,TSN,estimated total solar,,234.12827,,,,,90.225,,,0,,0.0
2017,OH,NUC,nuclear,0.0,17687.789,0.0,184.99884,136.4,,7.711534776901737,10459.127480546042,32.62222404637781,0,0.0,inf
2017,ND,TSN,estimated total solar,,0.31857,,,,,33.553333333333335,,,0,,0.0
2017,MT,TSN,estimated total solar,,28.83123,,,,,33.74,,,0,,0.0
2017,NJ,NUC,nuclear,0.0,34032.698,0.0,355.95233,261.2,,7.674971875576835,10459.127571960355,32.62222376125477,0,0.0,inf
2017,NE,TSN,estimated total solar,,20.65482,,,,,,,,0,,0.0
2017,NE,PET,petroleum,0.0,5.64128,0.0,0.09505,1.2,16.1,212.71768109365252,16849.012989959727,20.250444355602312,73,1229.97794826706,0.17294430472786496
2017,NY,WNT,onshore wind turbine,0.0,4135.951,0.0,38.10452,,,61.0,9213.000831005977,37.034621645935964,0,0.0,inf
2017,NY,PET,petroleum,0.0,597.89332,0.4,7.43661,57.8,95.9,96.67276429848722,12438.021552072196,27.43201549953541,73,907.9755733012704,0.10647066632750787
2017,LA,NG,natural gas,0.0,59001.09205,0.0,582.73257,937.8,88.1,15.894621055577565,9876.640410421014,34.5461600120618,53,523.4619417523137,0.03036442535319677
2017,NY,COW,all coal products,7.95,770.29615,2.27,11.37078,14.7,1.9,19.083569351865513,14761.569300326893,23.11407365018055,95,1402.349083531055,0.01360828739147738
2017,NM,PET,petroleum,0.0,40.85025,0.0,0.45582,6.7,17.4,164.0136841267801,11158.31604457745,30.578090693694882,73,814.5570712541539,0.20135321380766136
2017,NM,NG,natural gas,0.0,9131.65514,0.0,80.16431,270.1,13.0,29.57842755327705,8778.727270245994,38.866681865882704,53,465.27254532303766,0.06357226071170997
2017,NH,NUC,nuclear,0.0,9990.704,0.0,104.49405,74.7,,7.476950573252896,10459.127805207721,32.62222303375168,0,0.0,inf
2017,ND,NG,natural gas,0.0,676.03109,0.0,8.50398,28.9,5.8,42.749513191767555,12579.273536073615,27.12398287719397,53,666.7014974119016,0.0641209197185229
2017,NM,WNT,onshore wind turbine,0.0,4594.57108,0.0,42.32978,,,22.708333333333336,9212.999268693433,37.03462792615507,0,0.0,inf
2017,CO,TSN,estimated total solar,,1485.13282,,,,,33.92666666666667,,,0,,0.0
2017,CO,COW,all coal products,6.35,29242.21643,0.34,311.19485,547.0,30.2,18.705832415590255,10641.972052458405,32.06172674745743,95,1010.9873449835485,0.01850253864047591
2017,MD,PET,petroleum,0.0,102.15655,0.51,1.56802,17.4,32.3,170.3268170273957,15349.18710547684,22.229190227165468,73,1120.4906586998093,0.15201092102368696
2017,MD,NUC,nuclear,0.0,15106.988,0.0,158.00592,112.9,,7.473362658393586,10459.12792146257,32.62222267115055,0,0.0,inf
2017,ME,WNT,onshore wind turbine,0.0,2332.853,0.0,21.49257,,,,9212.997990014801,37.03463306621777,0,0.0,0.0
2017,TN,TSN,estimated total solar,,179.11028,,,,,63.1885,,,0,,0.0
2017,PA,COW,all coal products,14.36,47634.27101,2.9,506.12077,942.9,63.5,19.79457184937404,10625.139406326773,32.11251984108852,95,1009.3882436010434,0.019610464035875737
2017,LA,PET,petroleum,0.37,4569.75282,5.76,54.59931,111.5,91.1,24.399569165318663,11947.978840571077,28.557131256493896,73,872.2024553616886,0.027974662322179024
2017,NJ,PET,petroleum,0.0,156.36378,0.0,1.03601,4.5,58.6,28.7790433308788,6625.639262494166,51.49691772859335,73,483.6716661620742,0.05950119749465579
2017,NJ,NG,natural gas,0.0,37707.84769,0.0,293.99409,780.1,38.7,20.6880012461406,7796.628765899206,43.76250431370237,53,413.221324592658,0.05006518302639452
2017,MN,NUC,nuclear,0.0,13904.351,0.0,145.42738,114.4,,8.227640398318483,10459.127506202914,32.622223966353516,0,0.0,inf
2017,MN,NG,natural gas,0.0,6707.59241,0.0,59.47741,196.4,24.3,29.280252584697525,8867.177127716977,38.47898774159803,53,469.9603877689998,0.06230366079085305
2017,SC,TSN,estimated total solar,,217.33171,,,,,36.152,,,0,,0.0
2017,SC,PET,petroleum,0.0,97.65136,0.94,1.39097,13.6,36.2,139.2709737990336,14244.246060679545,23.953531731094127,73,1039.8299624296067,0.13393629615521088
2017,SC,NUC,nuclear,0.0,54344.554,0.0,568.44105,395.9,,7.284998603539925,10459.945075637203,32.61967415055616,0,0.0,inf
2017,MI,WNT,onshore wind turbine,0.0,5191.273,0.0,47.8272,,,35.65,9213.000356559942,37.03462355312458,0,0.0,inf
2017,MI,COW,all coal products,4.96,42020.54769,0.47,448.56537,969.8,47.6,23.079185144242945,10674.905365565928,31.96281262601257,95,1014.1160097287633,0.022757933927515583
2017,NM,TSN,estimated total solar,,1396.94291,,,,,33.92666666666667,,,0,,0.0
2017,HI,WNT,onshore wind turbine,0.0,532.055,0.0,4.90183,,,,9213.013692193475,37.03456994632617,0,0.0,0.0
2017,KY,PET,petroleum,0.28,497.77006,5.52,5.82981,21.2,39.8,42.58994604858316,11711.853461013707,29.132878167899122,73,854.9653026540005,0.04981482396580842
2017,NH,PET,petroleum,0.0,104.89563,0.0,1.42763,11.1,10.3,105.81947026773184,13610.004534983966,25.06979326296029,73,993.5303310538295,0.10650854529573345
2017,NH,COW,all coal products,8.4,287.28107,0.48,3.61711,15.7,0.3,54.65031162686772,12590.840043863664,27.099065575556175,95,1196.129804167048,0.04568928174557501
2017,VT,TSN,estimated total solar,,210.10644,,,,,82.18875,,,0,,0.0
2017,MT,COW,all coal products,9.74,13864.09933,0.68,152.31481,266.6,14.9,19.22952177810169,10986.275153872546,31.05693196476429,95,1043.696139617892,0.018424444671359827
2017,MS,PET,petroleum,0.0,11.46034,0.0,0.20485,1.7,26.5,148.33765839407906,17874.687836486526,19.08844524286063,73,1304.8522120635164,0.11368157790030126
2017,MS,COW,all coal products,9.53,4628.22956,0.72,53.77892,143.1,5.1,30.91895035560855,11619.760710400025,29.363771638999076,95,1103.8772674880026,0.028009409439120087
2017,PA,TSN,estimated total solar,,427.02185,,,,,90.225,,,0,,0.0
2017,MO,NG,natural gas,0.0,5205.28502,0.0,51.75849,157.6,13.9,30.276920359684738,9943.449744083367,34.31404681288036,53,527.0028364364185,0.05745115256763436
2017,MO,COW,all coal products,4.73,67518.94313,0.28,689.51539,1286.3,67.9,19.05094985748483,10212.176880085595,33.41109383498459,95,970.1568036081314,0.019636980111495405
2017,NC,COW,all coal products,9.48,34460.16678,1.72,347.24256,996.2,33.5,28.908739947775725,10076.63608295514,33.86050634270177,95,957.2804278807381,0.030198820644202384
2017,CT,WNT,onshore wind turbine,0.0,12.706,0.0,0.11706,,,,9212.97025027546,37.0347445754314,0,0.0,0.0
2017,MN,COW,all coal products,5.89,22781.8977,0.35,253.14236,492.2,24.6,21.604872714356887,11111.557225542276,30.70676711412504,95,1055.5979364265163,0.020466952396189033
2017,MT,NG,natural gas,0.0,416.52131,0.0,5.36249,8.6,4.3,20.647202900615095,12874.467335176678,26.502067317981016,53,682.346768764364,0.03025910555421012
2017,OR,WNT,onshore wind turbine,0.0,6226.593,0.0,57.36561,,,30.166666666666668,9213.00139578739,37.03461937561546,0,0.0,inf
2017,OR,PET,petroleum,0.0,10.39432,0.0,0.10724,1.3,22.7,125.06830653664694,10317.173225376937,33.071074076837,73,753.1536454525163,0.16605948506231064
2017,OK,PET,petroleum,0.0,16.05411,0.0,0.17163,2.3,38.0,143.26549400745353,10690.720320217066,31.915529522810697,73,780.4225833758458,0.18357425458875776
2017,AK,COW,all coal products,7.01,555.70678,0.12,12.82681,28.4,1.6,51.106088718226545,23081.97499407871,14.782097289661264,95,2192.7876244374775,0.023306447076167237
2017,UT,COW,all coal products,12.5,26389.56749,0.58,266.12781,516.5,26.3,19.572128273633936,10084.583997098316,33.833820026505315,95,958.03547972434,0.02042943991934987
2017,GA,COW,all coal products,6.52,32487.05788,1.49,342.7464,930.3,32.9,28.63601879358612,10550.244385503585,32.3404830762803,95,1002.2732166228407,0.02857107056105438
2017,HI,COW,all coal products,5.03,1375.72395,0.2,14.94841,46.0,1.4,33.436940601346656,10865.849940316879,31.401133079705467,95,1032.2557443301034,0.03239210901465704
2017,AZ,WNT,onshore wind turbine,0.0,569.934,0.0,5.2508,,,30.166666666666668,9212.996592587913,37.03463868362916,0,0.0,inf
2017,ND,WNT,onshore wind turbine,0.0,11359.233,0.0,104.65262,,,20.775,9213.000560865334,37.03462273185325,0,0.0,inf
2017,NC,NUC,nuclear,0.0,42374.264,0.0,443.19784,297.0,,7.008971294463073,10459.127738478242,32.622223241882224,0,0.0,inf
2017,NC,NG,natural gas,0.0,38589.79418,0.0,294.84367,1161.5,27.3,30.098631637739405,7640.457179551611,44.65701357677443,53,404.94423051623545,0.07432784410675203
2017,LA,TSN,estimated total solar,,202.30842,,,,,33.553333333333335,,,0,,0.0
2017,WA,TSN,estimated total solar,,116.40221,,,,,33.92666666666667,,,0,,0.0
2017,MA,NG,natural gas,0.0,22152.55816,0.0,182.6069,609.5,24.4,27.513752389128136,8243.151814842138,41.3919345007883,53,436.88704618663326,0.062976809748153
2017,MD,TSN,estimated total solar,,1002.01546,,,,,90.225,,,0,,0.0
2017,SD,PET,petroleum,0.0,3.03071,0.0,0.08756,1.0,7.7,329.95568695124246,28890.91994945079,11.809938921882138,73,2109.0371563099075,0.1564484940267965
2017,PA,PET,petroleum,0.0,355.41832,1.39,4.97071,41.7,77.8,117.32653510938884,13985.51993605732,24.39666180163397,73,1020.9429553321843,0.11491977538668094
2017,MO,NUC,nuclear,0.0,8304.127,0.0,86.9777,75.6,,9.103907009129315,10474.03297179824,32.57579968658633,0,0.0,inf
2017,CA,NG,natural gas,0.0,88350.1583,0.0,799.78301,2259.7,114.1,25.57663781797661,9052.423056043353,37.69156588105066,53,479.7784219702977,0.053309270794091736
2017,GA,NUC,nuclear,0.0,33708.805,0.0,352.56469,280.5,,8.321267989179681,10459.127518759564,32.62222392718908,0,0.0,inf
2017,UT,WNT,onshore wind turbine,0.0,858.252,0.0,7.90708,,,30.166666666666668,9213.005038147305,37.03460473398524,0,0.0,inf
2017,MN,PET,petroleum,0.0,35.15202,0.0,0.47731,4.3,41.4,122.3258293548991,13578.451537066718,25.128049326433555,73,991.2269622058704,0.12340849676110095
2017,VA,TSN,estimated total solar,,378.94297,,,,,90.225,,,0,,0.0
2017,NY,TSN,estimated total solar,,1364.37928,,,,,,,,0,,0.0
2017,NJ,WNT,onshore wind turbine,0.0,22.447,0.0,0.20681,,,45.0,9213.257896378134,37.03358831777961,0,0.0,inf
2017,MO,TSN,estimated total solar,,260.55357,,,,,33.553333333333335,,,0,,0.0
2017,WY,PET,petroleum,0.0,43.84608,0.0,0.46574,6.2,10.8,141.40374692560886,10622.158240827914,32.12153239146305,73,775.4175515804377,0.18235819738333636
2017,VA,NUC,nuclear,0.0,30553.734,0.0,319.5654,211.0,,6.905866235531146,10459.127516132725,32.622223935382245,0,0.0,inf
2017,DC,TSN,estimated total solar,,52.00219,,,,,90.225,,,0,,0.0
2017,ID,WNT,onshore wind turbine,0.0,2544.675,0.0,23.44409,,,30.166666666666668,9212.999695442444,37.034626210699585,0,0.0,inf
2017,NV,PET,petroleum,0.0,8.74633,0.0,0.10838,1.3,21.5,148.63376982117072,12391.48305632191,27.53504148366857,73,904.5782631114994,0.16431278075366482
2017,NV,COW,all coal products,6.01,1865.59152,0.33,21.495,66.2,2.6,35.48472390140367,11521.81480756302,29.61339039888346,95,1094.5724067184867,0.03241879996572031
2017,TN,NG,natural gas,0.0,10268.36115,0.0,97.56693,230.5,17.2,22.447593791537024,9501.704174088189,35.90934781262463,53,503.590321226674,0.04457510965829902
2017,IN,WNT,onshore wind turbine,0.0,5089.39,0.0,46.88855,,,35.65,9212.999986245895,37.03462504172128,0,0.0,inf
2017,IN,TSN,estimated total solar,,312.68882,,,,,61.88916666666667,,,0,,0.0
2017,WI,PET,petroleum,0.44,144.39547,5.98,2.052,8.3,34.8,57.48102762503561,14210.972130912418,24.009617136452242,73,1037.4009655566065,0.05540868915057812
2017,DE,WNT,onshore wind turbine,0.0,4.965,0.0,0.04574,,,45.0,9212.487411883183,37.03668561434193,0,0.0,inf
2017,SC,COW,all coal products,8.99,18151.74449,1.63,186.87118,614.2,18.4,33.8369681403553,10294.943282335722,33.14248467841858,95,978.0196118218937,0.03459743315097993
2017,OR,TSN,estimated total solar,,372.80198,,,,,33.92666666666667,,,0,,0.0
2017,CA,TSN,estimated total solar,,34958.1664,,,,,33.72,,,0,,0.0
2017,NC,WNT,onshore wind turbine,0.0,470.743,0.0,4.33695,,,32.5,9212.988828299092,37.034669894741704,0,0.0,inf
2017,DC,NG,natural gas,0.0,19.704,0.0,0.69671,0.0,1.6,0.0,35358.810393828666,9.649645907192376,53,1874.016950872919,0.0
2017,MS,NG,natural gas,0.0,46158.47285,0.0,358.4359,1104.4,28.5,23.92626817591951,7765.332730240013,43.93887703887919,53,411.5626347027207,0.05813518079259527
2017,FL,COW,all coal products,8.38,37512.76195,2.23,398.19638,1158.7,39.0,30.88815485099198,10614.957665094025,32.143321788460256,95,1008.4209781839323,0.030630218449658325
2016,ME,NG,natural gas,0.0,3498.33952,0.0,30.54693,73.6,2.8,21.038552598805506,8731.836868709644,39.07539789510763,53,462.78735404161114,0.04546051748188833
2016,VT,NG,natural gas,0.0,1.96543,0.0,0.0871,0.0,0.7,0.0,44316.002096233395,7.699250470723307,53,2348.74811110037,0.0
2016,MS,PET,petroleum,0.0,17.78528,0.0,0.26801,1.8,26.7,101.20729052339914,15069.203296209,22.642205649042946,73,1100.051840623257,0.0920022918793155
2016,OR,COW,all coal products,4.32,1898.20212,0.23,19.4397,43.7,1.9,23.021784424094943,10241.111731557861,33.316695388509075,95,972.9056144979967,0.023662916608795402
2016,SD,TSN,estimated total solar,,1.08369,,,,,,,,0,,0.0
2016,SD,WNT,onshore wind turbine,0.0,3714.259,0.0,34.29004,,,25.0375,9232.000245540228,36.95840456295764,0,0.0,inf
2016,TN,PET,petroleum,0.0,121.58146,0.0,1.45635,14.2,47.0,116.79412305132706,11978.388810267617,28.484632232636386,73,874.4223831495361,0.1335671699421193
2016,TX,TSN,estimated total solar,,1122.21066,,,,,36.79,,,0,,0.0
2016,OK,PET,petroleum,0.0,17.26129,0.0,0.1899,2.2,36.0,127.45281494025072,11001.495253251642,31.013966024223272,73,803.1091534873699,0.15869924329315355
2016,AR,PET,petroleum,0.0,42.36325,0.0,0.55163,4.3,21.8,101.50307164818564,13021.427770532242,26.202963761941884,73,950.5642272488536,0.10678191829494607
2016,CT,COW,all coal products,2.0,177.37048,0.09,2.34025,9.5,0.2,53.560209117097735,13194.13467224084,25.859975547911546,95,1253.4427938628796,0.042730477513086215
2016,CT,NUC,nuclear,0.0,16575.492,0.0,173.35489,123.1,,7.426627215650673,10458.506450366604,32.62416116672566,0,0.0,inf
2016,WI,COW,all coal products,5.37,33362.84056,0.44,351.49855,747.9,34.1,22.4171559569387,10535.630183163277,32.38534326548999,95,1000.8848674005113,0.022397337283318434
2016,MA,NG,natural gas,0.0,21143.93601,0.0,173.88876,514.7,23.2,24.342676772979885,8224.048725732026,41.488081038774446,53,435.87458246379737,0.055847892380835776
2016,GA,TSN,estimated total solar,,1075.62208,,,,,51.52,,,0,,0.0
2016,NH,WNT,onshore wind turbine,0.0,432.324,0.0,3.99122,,,47.0,9232.011176802584,36.958360801960296,0,0.0,inf
2016,DE,TSN,estimated total solar,,118.51245,,,,,50.153333333333336,,,0,,0.0
2016,WY,WNT,onshore wind turbine,0.0,4389.338,0.0,40.52237,,,42.5,9232.000360874465,36.95840410124087,0,0.0,inf
2016,CA,WNT,onshore wind turbine,0.0,13509.03869,0.0,124.71546,,,49.666666666666664,9232.001096593203,36.95840115594329,0,0.0,inf
2016,ME,COW,all coal products,8.05,69.8231,0.84,2.19358,7.2,0.2,103.1177361073914,31416.250495896064,10.86062132222212,95,2984.543797110126,0.03455058565642033
2016,IN,NG,natural gas,0.0,19995.65949,0.0,208.17705,533.4,40.4,26.675789326516483,10411.111976782317,32.77267603699832,53,551.7889347694628,0.04834419040617699
2016,VA,COW,all coal products,15.04,16499.41236,1.06,188.47763,508.3,21.2,30.80715778898201,11423.293502072338,29.868793963676215,95,1085.2128826968722,0.02838812391576376
2016,MI,TSN,estimated total solar,,64.13293,,,,,50.153333333333336,,,0,,0.0
2016,NV,TSN,estimated total solar,,3496.20844,,,,,41.1525,,,0,,0.0
2016,AL,NUC,nuclear,0.0,39901.879,0.0,417.37991,289.3,,7.250285130682693,10460.156776075633,32.61901396931155,0,0.0,inf
2016,FL,NUC,nuclear,0.0,29320.022,0.0,306.66341,198.6,,6.773528341827301,10459.18076050557,32.622057865984075,0,0.0,inf
2016,VT,WNT,onshore wind turbine,0.0,291.182,0.0,2.6882,,,47.0,9232.02670494742,36.95829863849416,0,0.0,inf
2016,MI,COW,all coal products,5.2,40526.87245,0.55,436.75187,974.2,44.9,24.038371112942865,10776.846166425557,31.660468631628298,95,1023.8003858104278,0.02347954879301436
2016,MI,WNT,onshore wind turbine,0.0,4695.783,0.0,43.35146,,,32.93333333333333,9231.998156643951,36.958412925423964,0,0.0,inf
2016,WI,WNT,onshore wind turbine,0.0,1515.261,0.0,13.98889,,,26.2,9232.000295658636,36.95840436231895,0,0.0,inf
2016,OK,WNT,onshore wind turbine,0.0,20069.08905,0.0,185.27783,,,23.875,9231.999994538866,36.95840556778973,0,0.0,inf
2016,AL,PET,petroleum,0.0,45.83237,0.0,1.08997,3.7,37.1,80.72896950343176,23781.663483690678,14.347188128113617,73,1736.0614343094194,0.046501217012256596
2016,KS,NUC,nuclear,0.0,8246.042,0.0,86.29843,56.8,,6.888153128494859,10465.436630082651,32.602557548265935,0,0.0,inf
2016,VT,TSN,estimated total solar,,134.7047,,,,,,,,0,,0.0
2016,MN,COW,all coal products,6.17,23206.28901,0.37,256.2621,496.9,25.0,21.41229904470624,11042.786715686085,30.897997831954083,95,1049.064737990178,0.020410846222634848
2016,MA,TSN,estimated total solar,,1862.78093,,,,,,,,0,,0.0
2016,MS,COW,all coal products,10.28,5342.02601,0.67,61.21853,164.4,5.8,30.774840798650473,11459.7963179891,29.7736530852995,95,1088.6806502089644,0.028268014860687994
2016,WV,COW,all coal products,11.91,71512.96099,2.99,724.05952,1619.7,71.8,22.649041202845595,10124.871211824784,33.699194079774,95,961.8627651233546,0.023547060998811983
2016,AK,WNT,onshore wind turbine,0.0,169.301,0.0,1.56299,,,,9232.018712234423,36.9583306355127,0,0.0,0.0
2016,AK,PET,petroleum,0.0,831.32964,0.0,8.03266,67.0,14.9,80.59378226908883,9662.42464300924,35.312047711218945,73,705.3569989396746,0.11425956273240523
2016,ME,TSN,estimated total solar,,29.33418,,,,,,,,0,,0.0
2016,KY,COW,all coal products,8.36,66822.05835,2.5,715.76263,1512.3,70.4,22.631748218213932,10711.472344221793,31.853697515641464,95,1017.5898727010702,0.022240539951661146
2016,NV,NG,natural gas,0.0,28921.61161,0.0,228.42409,633.9,16.7,21.91786573127278,7898.041543474002,43.20058309669527,53,418.5962018041221,0.05236040278628478
2016,IA,TSN,estimated total solar,,59.58491,,,,,,,,0,,0.0
2016,NY,TSN,estimated total solar,,1013.03993,,,,,92.1525,,,0,,0.0
2016,NM,COW,all coal products,22.62,18365.26988,0.78,195.27457,370.6,18.8,20.179393083876644,10632.817882663208,32.089329824441556,95,1010.1176988530049,0.019977269091305372
2016,NJ,NG,natural gas,0.0,43807.45314,0.0,347.6845,719.4,41.9,16.42186314052404,7936.651758523116,42.9904209459093,53,420.6425432017251,0.03903994830272957
2016,HI,TSN,estimated total solar,,848.45124,,,,,,,,0,,0.0
2016,IA,WNT,onshore wind turbine,0.0,20071.999,0.0,185.30469,,,25.0375,9231.999762455149,36.95840649688899,0,0.0,inf
2016,MT,PET,petroleum,0.0,459.92271,0.0,8.03881,13.7,11.6,29.78761366230426,17478.61069961081,19.52100231899995,73,1275.9385810715892,0.02334564853214746
2016,MT,WNT,onshore wind turbine,0.0,2140.19124,0.0,19.75824,,,30.858333333333334,9231.997417202772,36.95841588562544,0,0.0,inf
2016,NY,NUC,nuclear,0.0,41570.99,0.0,434.77046,299.0,,7.19251574234821,10458.506280461446,32.624161696726134,0,0.0,inf
2016,CT,PET,petroleum,0.0,91.73454,0.0,1.27512,7.5,20.0,81.75764548445984,13900.107854685923,24.546572124976475,73,1014.7078733920724,0.08057259397342781
2016,IA,PET,petroleum,0.0,277.7727,0.0,3.11578,10.3,27.0,37.08067783479082,11217.0130469985,30.418079979972912,73,818.8419524308904,0.045284291705755514
2016,NE,NG,natural gas,0.0,537.90976,0.0,6.20804,19.2,8.9,35.69371933314614,11541.043612965863,29.564050829569393,53,611.6753114871907,0.05835402976517488
2016,RI,WNT,onshore wind turbine,0.0,20.219,0.0,0.18666,,,47.0,9231.910579158217,36.958763527268836,0,0.0,inf
2016,WI,PET,petroleum,0.51,147.11125,5.89,2.77455,6.7,34.9,45.54376364825939,18860.216332877328,18.09099079129949,73,1376.795792300045,0.03307953430927834
2016,WV,NG,natural gas,0.0,1224.56666,0.0,15.57505,26.7,9.7,21.80363133518595,12718.825776295429,26.826375799243017,53,674.0977661436577,0.03234490964110294
2016,MO,NUC,nuclear,0.0,9430.179,0.0,98.62559,87.6,,9.2893252609521,10458.506673097085,32.624160471942425,0,0.0,inf
2016,NH,NG,natural gas,0.0,4744.43602,0.0,35.45904,141.6,3.1,29.845486250228745,7473.815612756433,45.6527184611879,53,396.112227476091,0.07534603624936116
2016,MS,NG,natural gas,0.0,50094.73867,0.0,385.70185,1058.2,29.4,21.12397485434372,7699.4482901850815,44.31486349936875,53,408.0707593798093,0.051765470494499984
2016,MA,COW,all coal products,8.46,1874.93165,0.61,20.01558,81.5,1.9,43.46825122931815,10675.365152644365,31.96143599036351,95,1014.1596895012146,0.04286134785212846
2016,ND,PET,petroleum,0.0,30.10856,0.0,0.36757,3.2,11.3,106.28206729249092,12208.156085844026,27.948528639442827,73,891.1953942666138,0.11925787316254366
2016,NJ,COW,all coal products,7.32,1314.54106,1.57,17.45498,56.0,1.7,42.60041903902187,13278.383255674038,25.695899374963478,95,1261.4464092890335,0.03377108906515655
2016,KY,TSN,estimated total solar,,32.0918,,,,,50.153333333333336,,,0,,0.0
2016,NV,PET,petroleum,0.0,10.98519,0.0,0.12533,1.5,20.3,136.54747892389665,11408.997022354644,29.90622219739886,73,832.856782631889,0.16395073171211563
2016,MI,PET,petroleum,0.3,818.97889,5.72,15.00627,24.5,60.4,29.91530099145779,18323.146277921765,18.621256132803158,73,1337.589678288289,0.022365080620045115
2016,GA,NUC,nuclear,0.0,34480.662,0.0,360.61622,290.9,,8.436612962941373,10458.506278098721,32.624161704096394,0,0.0,inf
2016,MO,COW,all coal products,4.75,60321.88991,0.27,623.8305,1164.2,61.1,19.299793188459137,10341.693553215133,32.9926620088181,95,982.4608875554377,0.019644337431570374
2016,MN,TSN,estimated total solar,,47.0142,,,,,,,,0,,0.0
2016,MA,NUC,nuclear,0.0,5414.318,0.0,56.62568,37.7,,6.9630191651099915,10458.506500726407,32.62416100963379,0,0.0,inf
2016,MA,WNT,onshore wind turbine,0.0,216.12315,0.0,1.99525,,,47.0,9232.004993449335,36.95838555569478,0,0.0,inf
2016,WI,TSN,estimated total solar,,37.2949,,,,,,,,0,,0.0
2016,VT,PET,petroleum,0.0,4.01674,0.0,0.09254,0.4,5.2,99.5832441233438,23038.583527935585,14.809938275340395,73,1681.8165975392978,0.05921171444558592
2016,NH,TSN,estimated total solar,,51.50588,,,,,,,,0,,0.0
2016,MS,NUC,nuclear,0.0,5897.272,0.0,62.0954,30.5,,5.171882863805502,10529.512628890103,32.40415886522995,0,0.0,inf
2016,MS,TSN,estimated total solar,,6.36286,,,,,51.52,,,0,,0.0
2016,MO,NG,natural gas,0.0,6031.56828,0.0,56.98609,153.5,14.3,25.449434189278545,9447.972294197421,36.11356906810066,53,500.74253159246337,0.050823392429526916
2016,OR,PET,petroleum,0.0,4.84988,0.0,0.04948,0.5,22.2,103.09533431755013,10202.31428406476,33.44339240097009,73,744.7689427367275,0.13842593105281226
2016,IL,TSN,estimated total solar,,85.76092,,,,,50.153333333333336,,,0,,0.0
2016,LA,PET,petroleum,0.34,4819.22454,5.76,57.29805,81.9,86.8,16.994435374451342,11889.475064799533,28.69765049679701,73,867.9316797303659,0.019580383769066803
2016,NM,TSN,estimated total solar,,908.68414,,,,,41.1525,,,0,,0.0
2016,AZ,WNT,onshore wind turbine,0.0,541.582,0.0,4.99989,,,42.5,9232.009187897678,36.95836876411281,0,0.0,inf
2016,CO,NG,natural gas,0.0,12679.43938,0.0,105.35619,327.6,24.2,25.83710447929915,8309.215166577816,41.06284326014446,53,440.3884038286242,0.058668902847300176
2016,WI,NG,natural gas,0.0,15472.75935,0.0,136.34161,338.0,26.2,21.844843079007752,8811.719158548149,38.721161428414995,53,467.0211154030519,0.04677485098324743
2016,NM,NG,natural gas,0.0,9957.55288,0.0,86.89963,249.5,13.5,25.056357019316177,8727.006629765447,39.097025414906824,53,462.5313513775686,0.05417223490838017
2016,NM,PET,petroleum,0.0,51.68271,0.0,0.56943,6.6,16.4,127.70228186563746,11017.804600416657,30.968056920077974,73,804.299735830416,0.15877449186749834
2016,MO,WNT,onshore wind turbine,0.0,1121.883,0.0,10.35722,,,25.0375,9231.996562921446,36.95841930556655,0,0.0,inf
2016,OR,WNT,onshore wind turbine,0.0,7157.128,0.0,66.07461,,,42.5,9232.000601358535,36.95840313851265,0,0.0,inf
2016,ND,TSN,estimated total solar,,0.28948,,,,,,,,0,,0.0
2016,NH,NUC,nuclear,0.0,10761.163,0.0,112.54569,79.9,,7.424848039194277,10458.506204208597,32.62416193458852,0,0.0,inf
2016,NJ,TSN,estimated total solar,,2220.06293,,,,,50.153333333333336,,,0,,0.0
2016,NM,WNT,onshore wind turbine,0.0,3605.421,0.0,33.28524,,,33.1875,9231.998149453282,36.95841295421033,0,0.0,inf
2016,CA,COW,all coal products,10.57,318.87581,0.52,15.0819,0.0,3.1,0.0,47297.09663458009,7.213973463025216,95,4493.224180285109,0.0
2016,KS,PET,petroleum,0.0,28.32368,0.0,0.38397,4.0,23.8,141.22458663563492,13556.501132621184,25.168736140844338,73,989.6245826813465,0.14270521277168843
2016,KS,WNT,onshore wind turbine,0.0,14110.881,0.0,130.27165,,,23.875,9231.999759618127,36.95840650824642,0,0.0,inf
2016,WA,PET,petroleum,0.0,22.018,0.0,0.85286,1.7,57.0,77.20955581796711,38734.671632300844,8.808645733180123,73,2827.6310291579616,0.027305385682147965
2016,WA,WNT,onshore wind turbine,0.0,8041.847,0.0,74.24232,,,42.5,9231.998569482856,36.95841127270808,0,0.0,inf
2016,ME,WNT,onshore wind turbine,0.0,1667.103,0.0,15.39069,,,47.0,9231.997063168863,36.958417302927934,0,0.0,inf
2016,AK,NG,natural gas,0.0,3040.4873,0.0,29.00679,187.7,16.9,61.733525412192975,9540.177983969872,35.764531916837406,53,505.62943315040326,0.12209242849561307
2016,KS,TSN,estimated total solar,,10.54583,,,,,,,,0,,0.0
2016,IL,NG,natural gas,0.0,17484.69119,0.0,167.48964,419.7,54.7,24.00385545499588,9579.216365902543,35.618779967692326,53,507.6984673928347,0.04727974771769944
2016,IL,PET,petroleum,0.0,69.50297,0.0,0.81976,8.5,83.6,122.29693205916236,11794.603885272816,28.928483170684103,73,861.0060836249156,0.14203956787887131
2016,AL,COW,all coal products,7.19,34258.40552,0.7,349.42667,801.6,39.1,23.398637147079924,10199.735355342364,33.45184831891624,95,968.9748587575244,0.02414782688694628
2016,MA,PET,petroleum,0.0,422.28141,0.5,4.22924,23.3,38.7,55.176475800817286,10015.217103684483,34.06815813053882,73,731.1108485689674,0.07546937090157589
2016,TX,NG,natural gas,0.0,225976.26025,0.0,2047.12802,4096.0,215.1,18.12579779605411,9059.040174110502,37.664034317355494,53,480.1291292278566,0.03775192274879053
2016,OK,TSN,estimated total solar,,9.39275,,,,,,,,0,,0.0
2016,MN,PET,petroleum,0.0,32.02741,0.0,0.46186,4.0,40.9,124.89302132142436,14420.772706878262,23.66031328108085,73,1052.7164076021131,0.11863880948327461
2016,CT,WNT,onshore wind turbine,0.0,12.742,0.0,0.11764,,,47.0,9232.459582483127,36.95656579394764,0,0.0,inf
2016,NV,WNT,onshore wind turbine,0.0,343.865,0.0,3.17456,,,42.5,9231.99511436174,36.95842510458143,0,0.0,inf
2016,AK,TSN,estimated total solar,,1.19792,,,,,,,,0,,0.0
2016,VA,NG,natural gas,0.0,40904.84316,0.0,333.52989,955.1,30.1,23.349313338376827,8153.799507197524,41.84552240937686,53,432.15137388146877,0.05403040404259161
2016,AZ,COW,all coal products,10.51,30403.3921,0.61,319.80977,681.1,30.9,22.40210558610662,10518.88450302228,32.436899549754216,95,999.2940277871165,0.022417932023185302
2016,MT,TSN,estimated total solar,,10.94603,,,,,41.1525,,,0,,0.0
2016,CT,TSN,estimated total solar,,344.4716,,,,,,,,0,,0.0
2016,HI,PET,petroleum,0.0,6640.3161,0.46,68.32142,555.3,18.0,83.62553704333443,10288.880675424472,33.162013513770646,73,751.0882893059866,0.11133915710575824
2016,OR,NG,natural gas,0.0,15306.66112,0.0,117.61649,263.0,13.1,17.18206197538134,7684.006922079162,44.40391627180849,53,407.25236687019566,0.04219020777565625
2016,NC,TSN,estimated total solar,,3588.57085,,,,,50.83666666666667,,,0,,0.0
2016,ND,NG,natural gas,0.0,1071.10726,0.0,13.06374,30.5,5.5,28.47520611521203,12196.48161100131,27.97528097711681,53,646.4135253830694,0.044051067926429
2016,WA,COW,all coal products,9.43,4601.72629,0.43,53.23042,115.5,5.1,25.09927638481949,11567.489382337862,29.49646104892653,95,1098.911491322097,0.022840125508763794
2016,IL,WNT,onshore wind turbine,0.0,10663.434,0.0,98.44483,,,32.93333333333333,9232.000685707811,36.95840280083779,0,0.0,inf
2016,HI,WNT,onshore wind turbine,0.0,639.127,0.0,5.90042,,,,9231.999274009704,36.95840845227967,0,0.0,0.0
2016,AR,NUC,nuclear,0.0,13421.022,0.0,140.40961,94.5,,7.041192541074741,10461.91638758956,32.61352770939254,0,0.0,inf
2016,AZ,NUC,nuclear,0.0,32377.477,0.0,338.62005,280.1,,8.651075560952448,10458.506387017123,32.624161364337404,0,0.0,inf
2016,SD,NG,natural gas,0.0,918.56139,0.0,7.85244,19.4,4.4,21.11998197529291,8548.628415570569,39.91283553494201,53,453.0773060252402,0.046614521836404556
2016,WA,NG,natural gas,0.0,10982.19547,0.0,95.58062,299.9,17.0,27.307836654267817,8703.234272336258,39.20381657248091,53,461.2714164338216,0.05920123311648048
2016,TX,NUC,nuclear,0.0,42079.445,0.0,440.08813,312.4,,7.424052289663041,10458.506047311223,32.62416242401267,0,0.0,inf
2016,TN,COW,all coal products,7.08,31167.63357,1.69,360.68095,734.8,36.3,23.575739183075875,11572.291787566726,29.484220261935096,95,1099.367719818839,0.021444816650575148
2016,TN,NUC,nuclear,0.0,29578.086,0.0,309.62091,219.6,,7.4244154946334255,10467.915672433977,32.59483651540201,0,0.0,inf
2016,DC,NG,natural gas,0.0,22.70203,0.0,0.84469,0.0,1.6,0.0,37207.68583250044,9.170148381062875,53,1972.0073491225235,0.0
2016,NJ,NUC,nuclear,0.0,29885.187,0.0,312.6282,215.5,,7.210930284625624,10460.975198180959,32.61646199671047,0,0.0,inf
2016,AZ,TSN,estimated total solar,,5369.24594,,,,,41.1525,,,0,,0.0
2016,WV,WNT,onshore wind turbine,0.0,1432.154,0.0,13.22165,,,39.666666666666664,9232.002982919435,36.9583936044291,0,0.0,inf
2016,VA,NUC,nuclear,0.0,29731.895,0.0,310.95121,202.8,,6.820957762698947,10458.50626070084,32.62416175836717,0,0.0,inf
2016,MI,NG,natural gas,0.0,29295.15386,0.0,283.41807,682.2,48.6,23.28712807791343,9674.571820118783,35.2677106898371,53,512.7523064662955,0.045415940180552165
2016,NY,NG,natural gas,0.0,56793.33613,0.0,506.21883,1303.9,70.5,22.958679465762877,8913.349073934742,38.27966314006138,53,472.4075009185413,0.04859931186766171
2016,ID,COW,all coal products,0.0,29.18826,0.0,1.60094,0.0,0.2,0.0,54848.76453752296,6.220741759216461,95,5210.632631064682,0.0
2016,MD,COW,all coal products,9.4,13826.21331,2.41,155.76263,429.6,15.6,31.071414158588592,11265.74764236731,30.286494144147408,95,1070.2460260248945,0.029032029461481836
2016,NV,COW,all coal products,6.83,2166.83075,0.37,24.32,49.1,2.9,22.659822415756285,11223.76540022796,30.39978009457237,95,1066.2577130216562,0.02125173130193906
2016,NJ,PET,petroleum,0.0,146.12623,0.0,1.3401,3.8,61.6,26.00491369687701,9170.838117153917,37.204887453175125,73,669.4711825522359,0.038843962779305984
2016,UT,TSN,estimated total solar,,1203.27424,,,,,41.1525,,,0,,0.0
2016,DE,COW,all coal products,7.57,479.34983,2.49,5.85922,16.1,0.8,33.587161176212376,12223.265000427768,27.913982065189565,95,1161.2101750406378,0.02892427391538914
2016,CA,NG,natural gas,0.0,97073.66393,0.0,841.19101,2104.6,117.2,21.68044261229937,8665.49150351,39.37456979350741,53,459.2710496860299,0.047206203454628164
2016,CA,TSN,estimated total solar,,27036.92953,,,,,38.28181818181818,,,0,,0.0
2016,CO,COW,all coal products,6.55,29948.67505,0.35,315.96409,581.4,30.7,19.4132127391058,10550.185925503907,32.34066227924825,95,1002.2676629228711,0.019369289718967748
2016,CO,TSN,estimated total solar,,999.12099,,,,,41.1525,,,0,,0.0
2016,KS,COW,all coal products,5.06,23096.06386,0.35,250.84008,425.9,24.2,18.44037159672107,10860.728543205543,31.41594034347302,95,1031.7692116045266,0.01787257401104657
2016,KY,NG,natural gas,0.0,8228.33386,0.0,73.90455,218.5,14.5,26.554586106694508,8981.715041883339,37.98829047781226,53,476.03089721981695,0.05578332469968307
2016,RI,TSN,estimated total solar,,44.25972,,,,,,,,0,,0.0
2016,SC,COW,all coal products,8.86,21002.91354,1.66,216.6622,681.3,21.2,32.43835664525618,10315.81640267991,33.0754238618827,95,980.0025582545915,0.03310027751665229
2016,WY,NG,natural gas,0.0,788.14262,0.0,14.00842,14.4,6.8,18.270804844940375,17773.965833747196,19.19661617398679,53,942.0201891886014,0.01939534317271664
2016,WY,TSN,estimated total solar,,3.4112,,,,,41.1525,,,0,,0.0
2016,WV,PET,petroleum,0.0,122.66876,0.0,1.24333,14.2,12.7,115.75889411452434,10135.669423902222,33.663292056010874,73,739.9038679448622,0.15645126229175316
2016,WV,TSN,estimated total solar,,5.66117,,,,,50.153333333333336,,,0,,0.0
2016,NC,WNT,onshore wind turbine,0.0,6.233,0.0,0.05754,,,39.666666666666664,9231.509706401412,36.96036843934654,0,0.0,inf
2016,DE,NG,natural gas,0.0,7787.4685,0.0,70.98023,112.1,5.9,14.394921790052829,9114.673144424276,37.43414542612781,53,483.07767665448665,0.02979835849535345
2016,SC,NUC,nuclear,0.0,55825.916,0.0,583.85569,399.5,,7.156174562366339,10458.506224958315,32.62416186986206,0,0.0,inf
2016,SC,PET,petroleum,0.0,113.86187,1.06,1.69916,10.8,35.8,94.85177083425734,14922.993975068212,22.864044612632124,73,1089.3785601799796,0.08706961409134634
2016,PA,NG,natural gas,0.0,68048.64607,0.0,539.7629,972.2,70.8,14.286838256854091,7932.0152739667865,43.015550048148924,53,420.3968095202397,0.033984173840801386
2016,IL,COW,all coal products,8.5,59337.80188,1.09,670.01633,1223.3,67.0,20.615863096410337,11291.559659641372,30.21726052774863,95,1072.6981676659304,0.019218698901358355
2016,TX,PET,petroleum,0.0,196.42194,0.0,3.16582,9.3,312.0,47.347052981963216,16117.44594315686,21.16960721961451,73,1176.5735538504507,0.04024147306984371
2016,MO,PET,petroleum,0.0,78.01586,0.0,0.94615,9.8,43.0,125.61548382598104,12127.662247137954,28.1340288875971,73,885.3193440410706,0.14188720112293587
2016,SC,NG,natural gas,0.0,16366.85418,0.0,141.15864,450.2,14.8,27.506813163285603,8624.665341766979,39.56095529268347,53,457.1072631136499,0.060175839202201924
2016,UT,COW,all coal products,12.71,25939.44311,0.61,261.17226,496.5,25.7,19.1407347449411,10068.537666458793,33.88774132877664,95,956.5110783135852,0.020010991172928108
2016,UT,PET,petroleum,0.0,31.55202,0.0,0.31691,3.7,20.0,117.26665994760398,10044.04789297167,33.97036768798712,73,733.2154961869319,0.1599347811897678
2016,DE,WNT,onshore wind turbine,0.0,5.321,0.0,0.04912,,,39.666666666666664,9231.347491073107,36.96101791530944,0,0.0,inf
2016,IA,COW,all coal products,4.97,25198.34695,0.33,299.08529,397.4,28.5,15.770875795485466,11869.242478225342,28.7465691787784,95,1127.5780354314077,0.01398650496899009
2016,NE,PET,petroleum,0.0,-17.93989,0.0,0.09234,1.0,16.2,,-5147.1887508786285,-66.28861238899718,73,-375.7447788141399,0.0
2016,CO,PET,petroleum,0.0,6.97451,0.0,0.11259,1.0,33.1,143.37924814789855,16143.069548971898,21.13600508038014,73,1178.4440770749486,0.12166826660437251
2016,KS,NG,natural gas,0.0,2027.20704,0.0,25.80653,71.0,14.3,35.023556350711964,12730.090953117447,26.802636466351732,53,674.6948205152247,0.051910219681198286
2016,LA,NG,natural gas,0.0,66479.14169,0.0,641.31563,912.3,88.3,13.723101363946023,9646.869885753484,35.36898538497807,53,511.28410394493466,0.026840461610408296
2016,LA,COW,all coal products,8.73,12013.64898,0.52,136.42977,398.9,13.4,33.20390005268824,11356.230752798307,30.045180256303293,95,1078.841921515839,0.03077735430046575
2016,LA,NUC,nuclear,0.0,17151.826,0.0,179.38248,104.7,,6.10430632866728,10458.506283820743,32.62416168624717,0,0.0,inf
2016,FL,NG,natural gas,0.0,158495.44478,0.0,1241.24376,4560.4,74.6,28.7730666728629,7831.415986263274,43.568110875285285,53,415.0650472719535,0.06932182524637057
2016,OK,NG,natural gas,0.0,36529.0857,0.0,297.74196,800.5,38.3,21.91404423790437,8150.818841874271,41.86082485935137,53,431.99339861933635,0.05072772942351041
2016,WY,COW,all coal products,7.15,40026.8739,0.45,446.36336,712.4,43.7,17.79804242968872,11151.591830907384,30.5965287443844,95,1059.4012239362016,0.01680009615578898
2016,WY,PET,petroleum,0.0,55.63557,0.0,1.07664,4.9,10.7,88.07315176244262,19351.64859459515,17.631572748551047,73,1412.670347405446,0.06234515499260001
